{
"type": "FeatureCollection",
"name": "philadelphia_tracts",
"crs": { "type": "name", "properties": { "name": "urn:ogc:def:crs:EPSG::26918" } },
"features": [
{ "type": "Feature", "properties": { "geoid": "14000US42101000101", "name": "Census Tract 1.01, Philadelphia, PA", "income": 111148.0, "income_moe": 14533.0, "poverty_universe": 1963.0, "below_poverty": 96.0, "universe_moe": 287.0, "below_poverty_moe": 87.0, "poverty_pct": 4.8904737646459502 }, "geometry": { "type": "Polygon", "coordinates": [ [ [ 486986.967713877616916, 4422154.577077874913812 ], [ 487393.216833905666135, 4422089.409376331605017 ], [ 487865.310619420139119, 4422008.952685175463557 ], [ 487875.3178210342885, 4422070.535971776582301 ], [ 487889.447135562368203, 4422199.705386722460389 ], [ 487912.867250425799284, 4422370.370230620726943 ], [ 487915.742254809418228, 4422405.771362797357142 ], [ 487055.799865479872096, 4422545.920442720875144 ], [ 487019.564081638818607, 4422334.546716788783669 ], [ 487013.720301656110678, 4422313.912593035027385 ], [ 486997.749115198734216, 4422215.270014952868223 ], [ 486986.967713877616916, 4422154.577077874913812 ] ] ] } },
{ "type": "Feature", "properties": { "geoid": "14000US42101000102", "name": "Census Tract 1.02, Philadelphia, PA", "income": 101033.0, "income_moe": 22738.0, "poverty_universe": 3156.0, "below_poverty": 128.0, "universe_moe": 449.0, "below_poverty_moe": 82.0, "poverty_pct": 4.0557667934093793 }, "geometry": { "type": "Polygon", "coordinates": [ [ [ 487045.066225698916242, 4422764.03348745033145 ], [ 487091.520237350603566, 4422756.740326687693596 ], [ 487055.799865479872096, 4422545.920442720875144 ], [ 487915.742254809418228, 4422405.771362797357142 ], [ 487917.020833444606978, 4422457.934463939629495 ], [ 487906.112180862517562, 4422635.202245115302503 ], [ 487903.654481504287105, 4422701.245002975687385 ], [ 487903.134820015402511, 4422804.355250666849315 ], [ 487906.462507686810568, 4422855.960181524045765 ], [ 487878.580059730040375, 4422886.304672454483807 ], [ 487856.058407361095306, 4422903.76591520383954 ], [ 487833.531187711923849, 4422917.675563118420541 ], [ 487769.170444514078554, 4422943.639197736978531 ], [ 487661.943859709776007, 4422976.665016237646341 ], [ 487647.522657206398435, 4422985.123599992133677 ], [ 487406.06938821345102, 4423043.455479636788368 ], [ 487389.511074739973992, 4423050.586209277622402 ], [ 487352.114520785748027, 4423059.194401222281158 ], [ 487292.341097963508219, 4423068.505999987944961 ], [ 487262.193101328972261, 4423070.11019320320338 ], [ 487228.623783826129511, 4423068.834504801779985 ], [ 487173.434266031370498, 4423061.157918443903327 ], [ 487112.844682053138968, 4423042.28089361358434 ], [ 487093.915454699774273, 4423011.013810886070132 ], [ 487085.418363669421524, 4422986.721444898284972 ], [ 487075.104754142172169, 4422949.002407243475318 ], [ 487061.271583218651358, 4422850.688950455747545 ], [ 487055.32912602025317, 4422821.952695874497294 ], [ 487045.066225698916242, 4422764.03348745033145 ] ] ] } },
{ "type": "Feature", "properties": { "geoid": "14000US42101000200", "name": "Census Tract 2, Philadelphia, PA", "income": 102670.0, "income_moe": 50798.0, "poverty_universe": 3006.0, "below_poverty": 714.0, "universe_moe": 503.0, "below_poverty_moe": 275.0, "poverty_pct": 23.752495009980041 }, "geometry": { "type": "Polygon", "coordinates": [ [ [ 486069.171232421300374, 4422708.817174822092056 ], [ 487055.799865479872096, 4422545.920442720875144 ], [ 487091.520237350603566, 4422756.740326687693596 ], [ 487045.066225698916242, 4422764.03348745033145 ], [ 487061.271583218651358, 4422850.688950455747545 ], [ 487075.104754142172169, 4422949.002407243475318 ], [ 487093.915454699774273, 4423011.013810886070132 ], [ 487112.844682053138968, 4423042.28089361358434 ], [ 486940.892093200294767, 4422982.972122089937329 ], [ 486864.855212667549495, 4422972.114819283597171 ], [ 486807.797430794569664, 4422971.325465481728315 ], [ 486442.599977778096218, 4423037.339448948390782 ], [ 486134.266978120256681, 4423088.838601135648787 ], [ 486087.040693825227208, 4422811.894056397490203 ], [ 486069.171232421300374, 4422708.817174822092056 ] ] ] } },
{ "type": "Feature", "properties": { "geoid": "14000US42101000300", "name": "Census Tract 3, Philadelphia, PA", "income": 102104.0, "income_moe": 9936.0, "poverty_universe": 4446.0, "below_poverty": 199.0, "universe_moe": 536.0, "below_poverty_moe": 93.0, "poverty_pct": 4.4759334233018446 }, "geometry": { "type": "Polygon", "coordinates": [ [ [ 484700.491281295078807, 4423111.449661446735263 ], [ 484649.345137124182656, 4422907.331032677553594 ], [ 484721.888129079248756, 4422877.661929381079972 ], [ 484776.75565760518657, 4422850.470587487332523 ], [ 484836.509914412512444, 4422832.149110313504934 ], [ 484849.473563351319171, 4422908.262400148436427 ], [ 486069.171232421300374, 4422708.817174822092056 ], [ 486134.266978120256681, 4423088.838601135648787 ], [ 485293.043355137924664, 4423224.047634137794375 ], [ 484631.675208897853736, 4423336.231862412765622 ], [ 484700.491281295078807, 4423111.449661446735263 ] ] ] } },
{ "type": "Feature", "properties": { "geoid": "14000US42101000401", "name": "Census Tract 4.01, Philadelphia, PA", "income": 92182.0, "income_moe": 15037.0, "poverty_universe": 2919.0, "below_poverty": 481.0, "universe_moe": 518.0, "below_poverty_moe": 299.0, "poverty_pct": 16.478245974648853 }, "geometry": { "type": "Polygon", "coordinates": [ [ [ 485180.674387767736334, 4422449.888992527499795 ], [ 485197.777563918265514, 4422547.748773287050426 ], [ 485227.836817938135937, 4422763.898659865371883 ], [ 485241.743970497511327, 4422844.006397383287549 ], [ 485083.949144784768578, 4422870.951193098910153 ], [ 484987.799493336759042, 4422885.013735042884946 ], [ 484849.473563351319171, 4422908.262400148436427 ], [ 484836.509914412512444, 4422832.149110313504934 ], [ 484776.75565760518657, 4422850.470587487332523 ], [ 484721.888129079248756, 4422877.661929381079972 ], [ 484649.345137124182656, 4422907.331032677553594 ], [ 484634.747198683558963, 4422826.55979241989553 ], [ 484606.002382619888522, 4422719.623536504805088 ], [ 484547.071388886019122, 4422554.367875251919031 ], [ 485180.674387767736334, 4422449.888992527499795 ] ] ] } },
{ "type": "Feature", "properties": { "geoid": "14000US42101000403", "name": "Census Tract 4.03, Philadelphia, PA", "income": 167188.0, "income_moe": 60490.0, "poverty_universe": 1010.0, "below_poverty": 104.0, "universe_moe": 291.0, "below_poverty_moe": 65.0, "poverty_pct": 10.297029702970297 }, "geometry": { "type": "Polygon", "coordinates": [ [ [ 485583.902385941008106, 4422384.297595961950719 ], [ 485718.140249807562213, 4422361.291973440907896 ], [ 485990.039906895894092, 4422317.834303960204124 ], [ 486002.125009199196938, 4422386.514746310189366 ], [ 486001.617584639927372, 4422389.29042181186378 ], [ 485998.209752288996242, 4422394.180230262689292 ], [ 485991.474012761143968, 4422400.962981876917183 ], [ 485974.564535807352513, 4422402.991895435377955 ], [ 485929.991716351360083, 4422411.953228919766843 ], [ 485914.623528466618154, 4422415.977246074937284 ], [ 485901.052251274930313, 4422421.662816389463842 ], [ 485890.389988975774031, 4422429.895789505913854 ], [ 485884.946975562663283, 4422442.780679877847433 ], [ 485880.307299062493257, 4422474.310366459190845 ], [ 485886.602911671332549, 4422506.707717868499458 ], [ 485900.738074441382196, 4422621.223007746972144 ], [ 486049.31312241894193, 4422592.86917557194829 ], [ 486069.171232421300374, 4422708.817174822092056 ], [ 486058.755290653614793, 4422711.499977038241923 ], [ 485789.774489913601428, 4422755.504788755439222 ], [ 485651.099031058431137, 4422777.074680555611849 ], [ 485611.808864563761745, 4422551.506464525125921 ], [ 485592.019374256546143, 4422430.564982604235411 ], [ 485583.902385941008106, 4422384.297595961950719 ] ] ] } },
{ "type": "Feature", "properties": { "geoid": "14000US42101000404", "name": "Census Tract 4.04, Philadelphia, PA", "income": 96024.0, "income_moe": 3797.0, "poverty_universe": 2578.0, "below_poverty": 136.0, "universe_moe": 376.0, "below_poverty_moe": 90.0, "poverty_pct": 5.275407292474787 }, "geometry": { "type": "Polygon", "coordinates": [ [ [ 485180.674387767736334, 4422449.888992527499795 ], [ 485583.902385941008106, 4422384.297595961950719 ], [ 485600.569442592211999, 4422480.050266289152205 ], [ 485611.808864563761745, 4422551.506464525125921 ], [ 485651.099031058431137, 4422777.074680555611849 ], [ 485241.743970497511327, 4422844.006397383287549 ], [ 485230.952014399750624, 4422784.64772591739893 ], [ 485197.777563918265514, 4422547.748773287050426 ], [ 485190.863438096363097, 4422506.252012275159359 ], [ 485180.674387767736334, 4422449.888992527499795 ] ] ] } },
{ "type": "Feature", "properties": { "geoid": "14000US42101000500", "name": "Census Tract 5, Philadelphia, PA", "income": 69677.0, "income_moe": 15276.0, "poverty_universe": 2324.0, "below_poverty": 361.0, "universe_moe": 245.0, "below_poverty_moe": 127.0, "poverty_pct": 15.53356282271945 }, "geometry": { "type": "Polygon", "coordinates": [ [ [ 485884.946975562663283, 4422442.780679877847433 ], [ 485890.389988975774031, 4422429.895789505913854 ], [ 485901.052251274930313, 4422421.662816389463842 ], [ 485929.991716351360083, 4422411.953228919766843 ], [ 485991.474012761143968, 4422400.962981876917183 ], [ 485998.209752288996242, 4422394.180230262689292 ], [ 486002.125009199196938, 4422386.514746310189366 ], [ 485990.039906895894092, 4422317.834303960204124 ], [ 486986.967713877616916, 4422154.577077874913812 ], [ 487013.720301656110678, 4422313.912593035027385 ], [ 487019.564081638818607, 4422334.546716788783669 ], [ 487055.799865479872096, 4422545.920442720875144 ], [ 486069.171232421300374, 4422708.817174822092056 ], [ 486049.31312241894193, 4422592.86917557194829 ], [ 485900.738074441382196, 4422621.223007746972144 ], [ 485886.602911671332549, 4422506.707717868499458 ], [ 485880.307299062493257, 4422474.310366459190845 ], [ 485884.946975562663283, 4422442.780679877847433 ] ] ] } },
{ "type": "Feature", "properties": { "geoid": "14000US42101000600", "name": "Census Tract 6, Philadelphia, PA", "income": 126033.0, "income_moe": 63060.0, "poverty_universe": 1846.0, "below_poverty": 173.0, "universe_moe": 302.0, "below_poverty_moe": 103.0, "poverty_pct": 9.3716143011917659 }, "geometry": { "type": "Polygon", "coordinates": [ [ [ 486958.147508206951898, 4421985.700122074224055 ], [ 486986.967713877616916, 4422154.577077874913812 ], [ 486093.195544552057981, 4422299.66505404561758 ], [ 485990.039906895894092, 4422317.834303960204124 ], [ 485961.794517191301566, 4422148.072006070055068 ], [ 486958.147508206951898, 4421985.700122074224055 ] ] ] } },
{ "type": "Feature", "properties": { "geoid": "14000US42101000701", "name": "Census Tract 7.01, Philadelphia, PA", "income": 85550.0, "income_moe": 28957.0, "poverty_universe": 2223.0, "below_poverty": 221.0, "universe_moe": 326.0, "below_poverty_moe": 217.0, "poverty_pct": 9.9415204678362574 }, "geometry": { "type": "Polygon", "coordinates": [ [ [ 485152.669637719867751, 4422281.12801793590188 ], [ 485421.32023715658579, 4422236.213527167215943 ], [ 485757.527257257374004, 4422182.746771797537804 ], [ 485961.794517191301566, 4422148.072006070055068 ], [ 485990.039906895894092, 4422317.834303960204124 ], [ 485180.674387767736334, 4422449.888992527499795 ], [ 485160.53870758874109, 4422330.281167726032436 ], [ 485152.669637719867751, 4422281.12801793590188 ] ] ] } },
{ "type": "Feature", "properties": { "geoid": "14000US42101000702", "name": "Census Tract 7.02, Philadelphia, PA", "income": 59835.0, "income_moe": 20545.0, "poverty_universe": 2055.0, "below_poverty": 230.0, "universe_moe": 515.0, "below_poverty_moe": 118.0, "poverty_pct": 11.192214111922141 }, "geometry": { "type": "Polygon", "coordinates": [ [ [ 484754.220892035693396, 4422345.511760351248085 ], [ 485152.669637719867751, 4422281.12801793590188 ], [ 485180.674387767736334, 4422449.888992527499795 ], [ 484694.538849390752148, 4422529.208569455891848 ], [ 484547.071388886019122, 4422554.367875251919031 ], [ 484482.333133873704355, 4422391.011348403990269 ], [ 484754.220892035693396, 4422345.511760351248085 ] ] ] } },
{ "type": "Feature", "properties": { "geoid": "14000US42101000801", "name": "Census Tract 8.01, Philadelphia, PA", "income": 116250.0, "income_moe": 60968.0, "poverty_universe": 1604.0, "below_poverty": 96.0, "universe_moe": 366.0, "below_poverty_moe": 61.0, "poverty_pct": 5.9850374064837908 }, "geometry": { "type": "Polygon", "coordinates": [ [ [ 484388.909571012365632, 4422153.683887809514999 ], [ 484403.839482584386133, 4422144.330180613324046 ], [ 484434.748290591465775, 4422137.274642276577652 ], [ 484526.956882681522984, 4422113.335087699815631 ], [ 484807.996704200049862, 4422068.595843044109643 ], [ 484815.594472168013453, 4422108.980980582535267 ], [ 484852.936254831962287, 4422329.776367466896772 ], [ 484482.333133873704355, 4422391.011348403990269 ], [ 484343.07013573293807, 4422169.649452595971525 ], [ 484388.909571012365632, 4422153.683887809514999 ] ] ] } },
{ "type": "Feature", "properties": { "geoid": "14000US42101000803", "name": "Census Tract 8.03, Philadelphia, PA", "income": 104268.0, "income_moe": 23663.0, "poverty_universe": 3946.0, "below_poverty": 458.0, "universe_moe": 570.0, "below_poverty_moe": 266.0, "poverty_pct": 11.606690319310694 }, "geometry": { "type": "Polygon", "coordinates": [ [ [ 484807.996704200049862, 4422068.595843044109643 ], [ 484876.6575621945085, 4422058.470229123719037 ], [ 485243.093284172122367, 4421996.818653022870421 ], [ 485376.999112319957931, 4421975.80552083812654 ], [ 485389.006117778015323, 4422045.151070157065988 ], [ 485390.486617726739496, 4422059.909865846857429 ], [ 485400.149960793904029, 4422109.947719017975032 ], [ 485421.32023715658579, 4422236.213527167215943 ], [ 485286.654360432527028, 4422259.447172502055764 ], [ 484852.936254831962287, 4422329.776367466896772 ], [ 484815.594472168013453, 4422108.980980582535267 ], [ 484807.996704200049862, 4422068.595843044109643 ] ] ] } },
{ "type": "Feature", "properties": { "geoid": "14000US42101000805", "name": "Census Tract 8.05, Philadelphia, PA", "income": 74200.0, "income_moe": 26283.0, "poverty_universe": 2217.0, "below_poverty": 141.0, "universe_moe": 310.0, "below_poverty_moe": 82.0, "poverty_pct": 6.3599458728010827 }, "geometry": { "type": "Polygon", "coordinates": [ [ [ 485376.999112319957931, 4421975.80552083812654 ], [ 485510.731231689045671, 4421952.908250310458243 ], [ 485646.003888570412528, 4421931.120326267555356 ], [ 485680.217815041192807, 4422136.275936364196241 ], [ 485690.318358191754669, 4422192.750737075693905 ], [ 485421.32023715658579, 4422236.213527167215943 ], [ 485400.149960793904029, 4422109.947719017975032 ], [ 485390.486617726739496, 4422059.909865846857429 ], [ 485389.006117778015323, 4422045.151070157065988 ], [ 485384.340020173636731, 4422017.4125852631405 ], [ 485376.999112319957931, 4421975.80552083812654 ] ] ] } },
{ "type": "Feature", "properties": { "geoid": "14000US42101000806", "name": "Census Tract 8.06, Philadelphia, PA", "income": 151023.0, "income_moe": 65907.0, "poverty_universe": 2303.0, "below_poverty": 305.0, "universe_moe": 373.0, "below_poverty_moe": 151.0, "poverty_pct": 13.243595310464611 }, "geometry": { "type": "Polygon", "coordinates": [ [ [ 485646.003888570412528, 4421931.120326267555356 ], [ 485918.003932613763027, 4421887.659994542598724 ], [ 485961.794517191301566, 4422148.072006070055068 ], [ 485757.527257257374004, 4422182.746771797537804 ], [ 485690.318358191754669, 4422192.750737075693905 ], [ 485680.217815041192807, 4422136.275936364196241 ], [ 485660.002089382905979, 4422015.779115846380591 ], [ 485646.003888570412528, 4421931.120326267555356 ] ] ] } },
{ "type": "Feature", "properties": { "geoid": "14000US42101000901", "name": "Census Tract 9.01, Philadelphia, PA", "income": 51662.0, "income_moe": 9942.0, "poverty_universe": 2000.0, "below_poverty": 535.0, "universe_moe": 273.0, "below_poverty_moe": 213.0, "poverty_pct": 26.75 }, "geometry": { "type": "Polygon", "coordinates": [ [ [ 485929.530668720195536, 4421884.530999178998172 ], [ 486020.225342452817131, 4421869.380530622787774 ], [ 486308.967857553565409, 4421822.906767392531037 ], [ 486353.51702766539529, 4422084.873438660055399 ], [ 486151.721187760529574, 4422118.201321406289935 ], [ 485961.794517191301566, 4422148.072006070055068 ], [ 485918.003932613763027, 4421887.659994542598724 ], [ 485929.530668720195536, 4421884.530999178998172 ] ] ] } },
{ "type": "Feature", "properties": { "geoid": "14000US42101000902", "name": "Census Tract 9.02, Philadelphia, PA", "income": 73529.0, "income_moe": 40279.0, "poverty_universe": 1975.0, "below_poverty": 408.0, "universe_moe": 382.0, "below_poverty_moe": 120.0, "poverty_pct": 20.658227848101266 }, "geometry": { "type": "Polygon", "coordinates": [ [ [ 486308.967857553565409, 4421822.906767392531037 ], [ 486913.874474740994629, 4421723.507590354420245 ], [ 486927.688098343845922, 4421808.168937598355114 ], [ 486893.356916617951356, 4421814.221324567683041 ], [ 486890.20071648596786, 4421816.890501882880926 ], [ 486887.05196443432942, 4421823.888261675834656 ], [ 486915.190940810192842, 4421992.766084465198219 ], [ 486353.51702766539529, 4422084.873438660055399 ], [ 486317.170029232569505, 4421871.172529150731862 ], [ 486308.967857553565409, 4421822.906767392531037 ] ] ] } },
{ "type": "Feature", "properties": { "geoid": "14000US42101001001", "name": "Census Tract 10.01, Philadelphia, PA", "income": 107458.0, "income_moe": 32455.0, "poverty_universe": 2726.0, "below_poverty": 220.0, "universe_moe": 428.0, "below_poverty_moe": 131.0, "poverty_pct": 8.0704328686720466 }, "geometry": { "type": "Polygon", "coordinates": [ [ [ 486850.703878163825721, 4421353.910125370137393 ], [ 487120.680842647794634, 4421310.496350421570241 ], [ 487173.069803594844416, 4421626.395169515162706 ], [ 487214.645683366747107, 4421864.397927644662559 ], [ 487256.062450959405396, 4422110.947456808760762 ], [ 486986.967713877616916, 4422154.577077874913812 ], [ 486958.147508206951898, 4421985.700122074224055 ], [ 486915.190940810192842, 4421992.766084465198219 ], [ 486904.149060264229774, 4421930.186905375681818 ], [ 486887.05196443432942, 4421823.888261675834656 ], [ 486890.20071648596786, 4421816.890501882880926 ], [ 486893.356916617951356, 4421814.221324567683041 ], [ 486927.688098343845922, 4421808.168937598355114 ], [ 486857.520134761172812, 4421392.855691682547331 ], [ 486850.703878163825721, 4421353.910125370137393 ] ] ] } },
{ "type": "Feature", "properties": { "geoid": "14000US42101001002", "name": "Census Tract 10.02, Philadelphia, PA", "income": 117270.0, "income_moe": 46845.0, "poverty_universe": 3697.0, "below_poverty": 359.0, "universe_moe": 528.0, "below_poverty_moe": 247.0, "poverty_pct": 9.7105761428185016 }, "geometry": { "type": "Polygon", "coordinates": [ [ [ 487120.680842647794634, 4421310.496350421570241 ], [ 487692.49753248214256, 4421215.654787141829729 ], [ 487755.030930931097828, 4421585.592979398556054 ], [ 487774.848520835279487, 4421690.890214922837913 ], [ 487829.954170367214829, 4422014.780509645119309 ], [ 487393.216833905666135, 4422089.409376331605017 ], [ 487256.062450959405396, 4422110.947456808760762 ], [ 487129.663588150113355, 4421368.417695916257799 ], [ 487120.680842647794634, 4421310.496350421570241 ] ] ] } },
{ "type": "Feature", "properties": { "geoid": "14000US42101001101", "name": "Census Tract 11.01, Philadelphia, PA", "income": 67628.0, "income_moe": 17963.0, "poverty_universe": 3780.0, "below_poverty": 454.0, "universe_moe": 678.0, "below_poverty_moe": 166.0, "poverty_pct": 12.010582010582011 }, "geometry": { "type": "Polygon", "coordinates": [ [ [ 486044.638000591658056, 4421485.533705083653331 ], [ 486313.581857983605005, 4421442.759130464866757 ], [ 486376.093794614891522, 4421812.020511825568974 ], [ 486020.225342452817131, 4421869.380530622787774 ], [ 485929.530668720195536, 4421884.530999178998172 ], [ 485918.003932613763027, 4421887.659994542598724 ], [ 485910.070503210125025, 4421847.49639798514545 ], [ 485864.35300916043343, 4421563.336585997603834 ], [ 485854.956367161474191, 4421517.626297398470342 ], [ 486044.638000591658056, 4421485.533705083653331 ] ] ] } },
{ "type": "Feature", "properties": { "geoid": "14000US42101001102", "name": "Census Tract 11.02, Philadelphia, PA", "income": 136161.0, "income_moe": 33849.0, "poverty_universe": 2788.0, "below_poverty": 97.0, "universe_moe": 404.0, "below_poverty_moe": 60.0, "poverty_pct": 3.4791965566714489 }, "geometry": { "type": "Polygon", "coordinates": [ [ [ 486313.581857983605005, 4421442.759130464866757 ], [ 486850.703878163825721, 4421353.910125370137393 ], [ 486913.874474740994629, 4421723.507590354420245 ], [ 486644.596713032806292, 4421766.927557540126145 ], [ 486376.093794614891522, 4421812.020511825568974 ], [ 486321.18001109076431, 4421487.474287801422179 ], [ 486313.581857983605005, 4421442.759130464866757 ] ] ] } },
{ "type": "Feature", "properties": { "geoid": "14000US42101001201", "name": "Census Tract 12.01, Philadelphia, PA", "income": 124877.0, "income_moe": 39736.0, "poverty_universe": 4061.0, "below_poverty": 329.0, "universe_moe": 679.0, "below_poverty_moe": 221.0, "poverty_pct": 8.1014528441270617 }, "geometry": { "type": "Polygon", "coordinates": [ [ [ 484005.704762164328713, 4421911.077683649025857 ], [ 484118.15949823212577, 4421804.514350955374539 ], [ 484137.537735220510513, 4421797.925607047975063 ], [ 485045.420894341194071, 4421648.8072000881657 ], [ 485108.594333343498874, 4422019.944105339236557 ], [ 484526.956882681522984, 4422113.335087699815631 ], [ 484403.839482584386133, 4422144.330180613324046 ], [ 484388.909571012365632, 4422153.683887809514999 ], [ 484343.07013573293807, 4422169.649452595971525 ], [ 484259.985432957008015, 4422102.338760996237397 ], [ 484183.326798909984063, 4422045.004720747470856 ], [ 484142.324419827549718, 4422004.578630540519953 ], [ 484013.403766101575457, 4421916.16706420853734 ], [ 484005.704762164328713, 4421911.077683649025857 ] ] ] } },
{ "type": "Feature", "properties": { "geoid": "14000US42101001203", "name": "Census Tract 12.03, Philadelphia, PA", "income": 114375.0, "income_moe": 17848.0, "poverty_universe": 1718.0, "below_poverty": 92.0, "universe_moe": 313.0, "below_poverty_moe": 91.0, "poverty_pct": 5.3550640279394646 }, "geometry": { "type": "Polygon", "coordinates": [ [ [ 485045.420894341194071, 4421648.8072000881657 ], [ 485314.266399877727963, 4421605.10958609636873 ], [ 485325.580003542650957, 4421668.684874092228711 ], [ 485332.679074091603979, 4421717.506665587425232 ], [ 485344.672364979400299, 4421779.304848966188729 ], [ 485357.040215408138465, 4421858.305739012546837 ], [ 485376.999112319957931, 4421975.80552083812654 ], [ 485243.093284172122367, 4421996.818653022870421 ], [ 485108.594333343498874, 4422019.944105339236557 ], [ 485087.5950094962609, 4421896.675569231621921 ], [ 485082.316061714547686, 4421861.946117041632533 ], [ 485069.280430028040428, 4421792.381091374903917 ], [ 485050.864913412369788, 4421680.428581836633384 ], [ 485045.420894341194071, 4421648.8072000881657 ] ] ] } },
{ "type": "Feature", "properties": { "geoid": "14000US42101001204", "name": "Census Tract 12.04, Philadelphia, PA", "income": 95172.0, "income_moe": 28145.0, "poverty_universe": 3202.0, "below_poverty": 354.0, "universe_moe": 453.0, "below_poverty_moe": 177.0, "poverty_pct": 11.055590256089944 }, "geometry": { "type": "Polygon", "coordinates": [ [ [ 485314.266399877727963, 4421605.10958609636873 ], [ 485717.794253864791244, 4421538.304106884635985 ], [ 485854.956367161474191, 4421517.626297398470342 ], [ 485864.35300916043343, 4421563.336585997603834 ], [ 485910.070503210125025, 4421847.49639798514545 ], [ 485918.003932613763027, 4421887.659994542598724 ], [ 485510.731231689045671, 4421952.908250310458243 ], [ 485376.999112319957931, 4421975.80552083812654 ], [ 485344.672364979400299, 4421779.304848966188729 ], [ 485332.679074091603979, 4421717.506665587425232 ], [ 485320.569388706877362, 4421639.726219302974641 ], [ 485314.266399877727963, 4421605.10958609636873 ] ] ] } },
{ "type": "Feature", "properties": { "geoid": "14000US42101001301", "name": "Census Tract 13.01, Philadelphia, PA", "income": 136172.0, "income_moe": 48174.0, "poverty_universe": 1997.0, "below_poverty": 282.0, "universe_moe": 656.0, "below_poverty_moe": 168.0, "poverty_pct": 14.121181772658989 }, "geometry": { "type": "Polygon", "coordinates": [ [ [ 483985.835639378987253, 4421155.057329789735377 ], [ 484124.280692745232955, 4421133.901755326427519 ], [ 484353.522147383017, 4421102.23980410490185 ], [ 484771.072766280616634, 4421031.803928976878524 ], [ 484813.420886162435636, 4421275.119679477997124 ], [ 484536.624255360628013, 4421320.29387785308063 ], [ 484240.098216761660296, 4421366.517808455042541 ], [ 484055.950208090711385, 4421223.834975389763713 ], [ 484036.859097145148553, 4421205.00667685456574 ], [ 483985.835639378987253, 4421155.057329789735377 ] ] ] } },
{ "type": "Feature", "properties": { "geoid": "14000US42101001302", "name": "Census Tract 13.02, Philadelphia, PA", "income": 104812.0, "income_moe": 14778.0, "poverty_universe": 4524.0, "below_poverty": 151.0, "universe_moe": 1147.0, "below_poverty_moe": 98.0, "poverty_pct": 3.3377541998231655 }, "geometry": { "type": "Polygon", "coordinates": [ [ [ 483437.169920867716428, 4421348.907598209567368 ], [ 483517.79407677159179, 4421298.34353849850595 ], [ 483567.640671483473852, 4421276.925917168147862 ], [ 483851.910490561742336, 4421051.009499261155725 ], [ 483877.403728247270919, 4421066.827073879539967 ], [ 483939.971250522939954, 4421121.079968204721808 ], [ 483985.835639378987253, 4421155.057329789735377 ], [ 484055.950208090711385, 4421223.834975389763713 ], [ 484240.098216761660296, 4421366.517808455042541 ], [ 484813.420886162435636, 4421275.119679477997124 ], [ 484880.513196126441471, 4421676.657917007803917 ], [ 484137.537735220510513, 4421797.925607047975063 ], [ 484118.15949823212577, 4421804.514350955374539 ], [ 484005.704762164328713, 4421911.077683649025857 ], [ 483878.255474888777826, 4421792.809059369377792 ], [ 483640.492178483400494, 4421465.340808070264757 ], [ 483451.13506057910854, 4421367.190581022761762 ], [ 483437.169920867716428, 4421348.907598209567368 ] ] ] } },
{ "type": "Feature", "properties": { "geoid": "14000US42101001400", "name": "Census Tract 14, Philadelphia, PA", "income": 118939.0, "income_moe": 38533.0, "poverty_universe": 4350.0, "below_poverty": 573.0, "universe_moe": 796.0, "below_poverty_moe": 298.0, "poverty_pct": 13.172413793103448 }, "geometry": { "type": "Polygon", "coordinates": [ [ [ 484827.515811287448741, 4421360.220668716356158 ], [ 485800.631669995666016, 4421201.295998311601579 ], [ 485854.956367161474191, 4421517.626297398470342 ], [ 485717.794253864791244, 4421538.304106884635985 ], [ 484880.513196126441471, 4421676.657917007803917 ], [ 484846.87376276915893, 4421471.504791000857949 ], [ 484831.331996639375575, 4421388.959393572062254 ], [ 484827.515811287448741, 4421360.220668716356158 ] ] ] } },
{ "type": "Feature", "properties": { "geoid": "14000US42101001500", "name": "Census Tract 15, Philadelphia, PA", "income": 120764.0, "income_moe": 27024.0, "poverty_universe": 3118.0, "below_poverty": 308.0, "universe_moe": 678.0, "below_poverty_moe": 142.0, "poverty_pct": 9.8781270044900573 }, "geometry": { "type": "Polygon", "coordinates": [ [ [ 486681.913697802752722, 4421171.625366634689271 ], [ 486948.111623694770969, 4421113.339529980905354 ], [ 486967.544744847575203, 4421236.393614280968904 ], [ 486985.820791818783619, 4421332.590284978039563 ], [ 485854.956367161474191, 4421517.626297398470342 ], [ 485819.293162740941625, 4421313.027753030881286 ], [ 486681.913697802752722, 4421171.625366634689271 ] ] ] } },
{ "type": "Feature", "properties": { "geoid": "14000US42101001600", "name": "Census Tract 16, Philadelphia, PA", "income": 149375.0, "income_moe": 58209.0, "poverty_universe": 2400.0, "below_poverty": 172.0, "universe_moe": 391.0, "below_poverty_moe": 109.0, "poverty_pct": 7.166666666666667 }, "geometry": { "type": "Polygon", "coordinates": [ [ [ 486948.111623694770969, 4421113.339529980905354 ], [ 487051.61793137982022, 4421089.522300106473267 ], [ 487033.282448930200189, 4421058.698391797952354 ], [ 487505.303149350511376, 4420949.02968736551702 ], [ 487506.766839125019033, 4420955.908632006496191 ], [ 487641.966163315169979, 4420927.27503340318799 ], [ 487666.964614210824948, 4421064.417458608746529 ], [ 487692.49753248214256, 4421215.654787141829729 ], [ 487544.995729368878528, 4421241.199904256500304 ], [ 487463.341932409908623, 4421253.542567278258502 ], [ 486985.820791818783619, 4421332.590284978039563 ], [ 486967.544744847575203, 4421236.393614280968904 ], [ 486953.381233315798454, 4421147.293287809938192 ], [ 486948.111623694770969, 4421113.339529980905354 ] ] ] } },
{ "type": "Feature", "properties": { "geoid": "14000US42101001700", "name": "Census Tract 17, Philadelphia, PA", "income": 148942.0, "income_moe": 33534.0, "poverty_universe": 3060.0, "below_poverty": 72.0, "universe_moe": 628.0, "below_poverty_moe": 53.0, "poverty_pct": 2.3529411764705883 }, "geometry": { "type": "Polygon", "coordinates": [ [ [ 486903.67391829402186, 4420857.807038892060518 ], [ 487164.703280551766511, 4420766.906841526739299 ], [ 487295.77055090497015, 4420718.40697948820889 ], [ 487620.766605162119959, 4420604.552353009581566 ], [ 487652.660385748778936, 4420725.257052876055241 ], [ 487688.007038796087727, 4420868.487172244116664 ], [ 487707.740317942108959, 4420972.785358021967113 ], [ 487652.052092294557951, 4420982.753391031175852 ], [ 487641.966163315169979, 4420927.27503340318799 ], [ 487506.766839125019033, 4420955.908632006496191 ], [ 487505.303149350511376, 4420949.02968736551702 ], [ 487033.282448930200189, 4421058.698391797952354 ], [ 487051.61793137982022, 4421089.522300106473267 ], [ 486948.111623694770969, 4421113.339529980905354 ], [ 486922.751032022351865, 4420971.760443009436131 ], [ 486917.211720799503382, 4420930.1489063994959 ], [ 486909.896276191750076, 4420899.084420621395111 ], [ 486903.67391829402186, 4420857.807038892060518 ] ] ] } },
{ "type": "Feature", "properties": { "geoid": "14000US42101001800", "name": "Census Tract 18, Philadelphia, PA", "income": 121969.0, "income_moe": 37469.0, "poverty_universe": 3314.0, "below_poverty": 130.0, "universe_moe": 406.0, "below_poverty_moe": 76.0, "poverty_pct": 3.9227519613759805 }, "geometry": { "type": "Polygon", "coordinates": [ [ [ 485798.676326018059626, 4421114.727796736173332 ], [ 486514.153838252415881, 4420996.778834224678576 ], [ 486903.67391829402186, 4420857.807038892060518 ], [ 486948.111623694770969, 4421113.339529980905354 ], [ 486681.913697802752722, 4421171.625366634689271 ], [ 485819.293162740941625, 4421313.027753030881286 ], [ 485787.142063276842237, 4421114.416319608688354 ], [ 485798.676326018059626, 4421114.727796736173332 ] ] ] } },
{ "type": "Feature", "properties": { "geoid": "14000US42101001900", "name": "Census Tract 19, Philadelphia, PA", "income": 145932.0, "income_moe": 18340.0, "poverty_universe": 3612.0, "below_poverty": 338.0, "universe_moe": 563.0, "below_poverty_moe": 160.0, "poverty_pct": 9.357696566998893 }, "geometry": { "type": "Polygon", "coordinates": [ [ [ 484771.072766280616634, 4421031.803928976878524 ], [ 485070.085856112185866, 4420982.155204685404897 ], [ 485157.122130071511492, 4420970.220392625778913 ], [ 485338.957166309293825, 4420939.568462731316686 ], [ 485608.518492356815841, 4420898.876737422309816 ], [ 485747.735683423408773, 4420874.641528274863958 ], [ 485800.631669995666016, 4421201.295998311601579 ], [ 484827.515811287448741, 4421360.220668716356158 ], [ 484786.716379912861157, 4421121.896254135295749 ], [ 484771.072766280616634, 4421031.803928976878524 ] ] ] } },
{ "type": "Feature", "properties": { "geoid": "14000US42101002000", "name": "Census Tract 20, Philadelphia, PA", "income": 103021.0, "income_moe": 69574.0, "poverty_universe": 2397.0, "below_poverty": 648.0, "universe_moe": 346.0, "below_poverty_moe": 328.0, "poverty_pct": 27.033792240300375 }, "geometry": { "type": "Polygon", "coordinates": [ [ [ 483861.993969036731869, 4420769.407445955090225 ], [ 484567.81563673139317, 4420649.076587731018662 ], [ 484635.448400499473792, 4421055.38382529001683 ], [ 484353.522147383017, 4421102.23980410490185 ], [ 484124.280692745232955, 4421133.901755326427519 ], [ 483985.835639378987253, 4421155.057329789735377 ], [ 483939.971250522939954, 4421121.079968204721808 ], [ 483917.80184431077214, 4421101.259545409120619 ], [ 483910.026307971449569, 4421060.32076433673501 ], [ 483883.270772194489837, 4420891.894988588988781 ], [ 483869.088893768261187, 4420811.457498201169074 ], [ 483861.993969036731869, 4420769.407445955090225 ] ] ] } },
{ "type": "Feature", "properties": { "geoid": "14000US42101002100", "name": "Census Tract 21, Philadelphia, PA", "income": 132763.0, "income_moe": 14695.0, "poverty_universe": 2575.0, "below_poverty": 221.0, "universe_moe": 319.0, "below_poverty_moe": 95.0, "poverty_pct": 8.5825242718446599 }, "geometry": { "type": "Polygon", "coordinates": [ [ [ 484567.81563673139317, 4420649.076587731018662 ], [ 485135.892523722606711, 4420554.495010071434081 ], [ 485146.248307274247054, 4420607.305828314274549 ], [ 485159.489115277363453, 4420693.851857997477055 ], [ 485204.778418671048712, 4420961.35960100684315 ], [ 485157.122130071511492, 4420970.220392625778913 ], [ 485070.085856112185866, 4420982.155204685404897 ], [ 484936.848616182338446, 4421004.060212389566004 ], [ 484635.448400499473792, 4421055.38382529001683 ], [ 484626.53065763838822, 4420996.910280920565128 ], [ 484575.252346457156818, 4420693.013400769792497 ], [ 484567.81563673139317, 4420649.076587731018662 ] ] ] } },
{ "type": "Feature", "properties": { "geoid": "14000US42101002200", "name": "Census Tract 22, Philadelphia, PA", "income": 80104.0, "income_moe": 16070.0, "poverty_universe": 2191.0, "below_poverty": 352.0, "universe_moe": 406.0, "below_poverty_moe": 126.0, "poverty_pct": 16.065723413966225 }, "geometry": { "type": "Polygon", "coordinates": [ [ [ 485135.892523722606711, 4420554.495010071434081 ], [ 485183.12267623381922, 4420544.858005220070481 ], [ 485316.369703890930396, 4420523.512285800650716 ], [ 485676.560264150321018, 4420462.005067304708064 ], [ 485724.689822172280401, 4420749.599484474398196 ], [ 485734.693288048671093, 4420799.082072812132537 ], [ 485747.735683423408773, 4420874.641528274863958 ], [ 485608.518492356815841, 4420898.876737422309816 ], [ 485338.957166309293825, 4420939.568462731316686 ], [ 485204.778418671048712, 4420961.35960100684315 ], [ 485159.489115277363453, 4420693.851857997477055 ], [ 485146.248307274247054, 4420607.305828314274549 ], [ 485135.892523722606711, 4420554.495010071434081 ] ] ] } },
{ "type": "Feature", "properties": { "geoid": "14000US42101002300", "name": "Census Tract 23, Philadelphia, PA", "income": 112396.0, "income_moe": 45531.0, "poverty_universe": 2958.0, "below_poverty": 160.0, "universe_moe": 423.0, "below_poverty_moe": 73.0, "poverty_pct": 5.4090601757944556 }, "geometry": { "type": "Polygon", "coordinates": [ [ [ 486370.394921254483052, 4420344.194666058756411 ], [ 486437.507567433523946, 4420414.553272574208677 ], [ 486555.816060176002793, 4420543.313453707844019 ], [ 486312.620796920498833, 4420621.771614582277834 ], [ 485735.709309843427036, 4420748.468969174660742 ], [ 485724.689822172280401, 4420749.599484474398196 ], [ 485676.560264150321018, 4420462.005067304708064 ], [ 486370.394921254483052, 4420344.194666058756411 ] ] ] } },
{ "type": "Feature", "properties": { "geoid": "14000US42101002400", "name": "Census Tract 24, Philadelphia, PA", "income": 74663.0, "income_moe": 17772.0, "poverty_universe": 4710.0, "below_poverty": 933.0, "universe_moe": 641.0, "below_poverty_moe": 369.0, "poverty_pct": 19.808917197452228 }, "geometry": { "type": "Polygon", "coordinates": [ [ [ 486312.620796920498833, 4420621.771614582277834 ], [ 486555.816060176002793, 4420543.313453707844019 ], [ 486370.394921254483052, 4420344.194666058756411 ], [ 486802.862236430810299, 4420267.96132140327245 ], [ 486903.67391829402186, 4420857.807038892060518 ], [ 486514.153838252415881, 4420996.778834224678576 ], [ 485798.676326018059626, 4421114.727796736173332 ], [ 485787.142063276842237, 4421114.416319608688354 ], [ 485747.735683423408773, 4420874.641528274863958 ], [ 485724.689822172280401, 4420749.599484474398196 ], [ 486312.620796920498833, 4420621.771614582277834 ] ] ] } },
{ "type": "Feature", "properties": { "geoid": "14000US42101002500", "name": "Census Tract 25, Philadelphia, PA", "income": 90106.0, "income_moe": 10570.0, "poverty_universe": 4316.0, "below_poverty": 875.0, "universe_moe": 508.0, "below_poverty_moe": 399.0, "poverty_pct": 20.273401297497681 }, "geometry": { "type": "Polygon", "coordinates": [ [ [ 486802.862236430810299, 4420267.96132140327245 ], [ 487510.479274849349167, 4420144.79251257237047 ], [ 487550.851161540136673, 4420379.690815419889987 ], [ 487577.327511679497547, 4420372.988285223022103 ], [ 487601.384523963788524, 4420507.357189211063087 ], [ 487620.766605162119959, 4420604.552353009581566 ], [ 487295.77055090497015, 4420718.40697948820889 ], [ 487164.703280551766511, 4420766.906841526739299 ], [ 486903.67391829402186, 4420857.807038892060518 ], [ 486809.946754719829187, 4420313.121722706593573 ], [ 486802.862236430810299, 4420267.96132140327245 ] ] ] } },
{ "type": "Feature", "properties": { "geoid": "14000US42101002701", "name": "Census Tract 27.01, Philadelphia, PA", "income": 97642.0, "income_moe": 19433.0, "poverty_universe": 3892.0, "below_poverty": 1022.0, "universe_moe": 453.0, "below_poverty_moe": 328.0, "poverty_pct": 26.258992805755394 }, "geometry": { "type": "Polygon", "coordinates": [ [ [ 486661.228838746726979, 4419456.099270983599126 ], [ 486930.923157419194467, 4419408.573077291250229 ], [ 486960.973596929979976, 4419591.431830184534192 ], [ 487024.646178857481573, 4419949.596483515575528 ], [ 487046.581096325593535, 4420085.743032215163112 ], [ 487071.505420766072348, 4420221.662623148411512 ], [ 486802.862236430810299, 4420267.96132140327245 ], [ 486786.47503997356398, 4420179.753186455927789 ], [ 486747.795813803386409, 4419949.628500199876726 ], [ 486715.786527332384139, 4419772.656310467980802 ], [ 486700.92746673815418, 4419679.895199308171868 ], [ 486669.686427106615156, 4419503.698853274807334 ], [ 486661.228838746726979, 4419456.099270983599126 ] ] ] } },
{ "type": "Feature", "properties": { "geoid": "14000US42101002702", "name": "Census Tract 27.02, Philadelphia, PA", "income": 106196.0, "income_moe": 27276.0, "poverty_universe": 4652.0, "below_poverty": 227.0, "universe_moe": 602.0, "below_poverty_moe": 156.0, "poverty_pct": 4.879621668099742 }, "geometry": { "type": "Polygon", "coordinates": [ [ [ 486930.923157419194467, 4419408.573077291250229 ], [ 487232.742583499057218, 4419355.67512717936188 ], [ 487366.271976491087116, 4419334.142921191640198 ], [ 487397.158894903026521, 4419512.229410602711141 ], [ 487407.576302328612655, 4419559.27161265257746 ], [ 487426.888173019979149, 4419662.792658715508878 ], [ 487464.319378941785544, 4419873.055588404648006 ], [ 487465.365732355916407, 4419885.817629001103342 ], [ 487485.378895025583915, 4420001.102576166391373 ], [ 487493.190953026758507, 4420023.287610710598528 ], [ 487510.479274849349167, 4420144.79251257237047 ], [ 487071.505420766072348, 4420221.662623148411512 ], [ 487046.581096325593535, 4420085.743032215163112 ], [ 487024.646178857481573, 4419949.596483515575528 ], [ 486960.973596929979976, 4419591.431830184534192 ], [ 486938.867345214879606, 4419456.728773058392107 ], [ 486930.923157419194467, 4419408.573077291250229 ] ] ] } },
{ "type": "Feature", "properties": { "geoid": "14000US42101002801", "name": "Census Tract 28.01, Philadelphia, PA", "income": 65208.0, "income_moe": 22395.0, "poverty_universe": 3965.0, "below_poverty": 1169.0, "universe_moe": 652.0, "below_poverty_moe": 261.0, "poverty_pct": 29.48297604035309 }, "geometry": { "type": "Polygon", "coordinates": [ [ [ 486395.636391075560823, 4419501.851873062551022 ], [ 486661.228838746726979, 4419456.099270983599126 ], [ 486700.92746673815418, 4419679.895199308171868 ], [ 486715.786527332384139, 4419772.656310467980802 ], [ 486747.795813803386409, 4419949.628500199876726 ], [ 486786.47503997356398, 4420179.753186455927789 ], [ 486802.862236430810299, 4420267.96132140327245 ], [ 486707.366968957008794, 4420285.885452648624778 ], [ 486536.017369536915794, 4420314.710281574167311 ], [ 486442.09191424283199, 4419773.026868137530982 ], [ 486404.435814053169452, 4419548.562648152001202 ], [ 486395.636391075560823, 4419501.851873062551022 ] ] ] } },
{ "type": "Feature", "properties": { "geoid": "14000US42101002802", "name": "Census Tract 28.02, Philadelphia, PA", "income": 114500.0, "income_moe": 51043.0, "poverty_universe": 5762.0, "below_poverty": 1214.0, "universe_moe": 860.0, "below_poverty_moe": 688.0, "poverty_pct": 21.06907323845887 }, "geometry": { "type": "Polygon", "coordinates": [ [ [ 485699.763015120406635, 4419621.66111072525382 ], [ 486395.636391075560823, 4419501.851873062551022 ], [ 486536.017369536915794, 4420314.710281574167311 ], [ 486370.394921254483052, 4420344.194666058756411 ], [ 486264.069624771655072, 4420230.510335405357182 ], [ 486255.68368484696839, 4420223.644103036262095 ], [ 486239.410209342895541, 4420202.030522936023772 ], [ 486138.48061384918401, 4420097.439344072714448 ], [ 486037.968174264940899, 4419988.853126342408359 ], [ 486029.068879657424986, 4419981.877094022929668 ], [ 485925.126216149830725, 4419868.304133634082973 ], [ 485910.927850458887406, 4419860.783072480931878 ], [ 485900.550226735591423, 4419840.047246688045561 ], [ 485746.59954818355618, 4419672.295557935722172 ], [ 485735.476864121912513, 4419664.769076979719102 ], [ 485723.393013030523434, 4419645.9235037593171 ], [ 485699.763015120406635, 4419621.66111072525382 ] ] ] } },
{ "type": "Feature", "properties": { "geoid": "14000US42101002900", "name": "Census Tract 29, Philadelphia, PA", "income": 113558.0, "income_moe": 14844.0, "poverty_universe": 4239.0, "below_poverty": 384.0, "universe_moe": 540.0, "below_poverty_moe": 266.0, "poverty_pct": 9.0587402689313521 }, "geometry": { "type": "Polygon", "coordinates": [ [ [ 485515.907721478317399, 4419505.691209625452757 ], [ 485527.627125901635736, 4419512.217335079796612 ], [ 485621.069635539257433, 4419534.90442796703428 ], [ 485631.511305233056191, 4419543.652906633913517 ], [ 485699.763015120406635, 4419621.66111072525382 ], [ 485723.393013030523434, 4419645.9235037593171 ], [ 485735.476864121912513, 4419664.769076979719102 ], [ 485746.59954818355618, 4419672.295557935722172 ], [ 485900.550226735591423, 4419840.047246688045561 ], [ 485910.927850458887406, 4419860.783072480931878 ], [ 485925.126216149830725, 4419868.304133634082973 ], [ 486029.068879657424986, 4419981.877094022929668 ], [ 486037.968174264940899, 4419988.853126342408359 ], [ 486138.48061384918401, 4420097.439344072714448 ], [ 486239.410209342895541, 4420202.030522936023772 ], [ 486255.68368484696839, 4420223.644103036262095 ], [ 486264.069624771655072, 4420230.510335405357182 ], [ 486370.394921254483052, 4420344.194666058756411 ], [ 485676.560264150321018, 4420462.005067304708064 ], [ 485655.885860128619242, 4420327.080790161155164 ], [ 485516.348680407681968, 4419512.904675357975066 ], [ 485515.907721478317399, 4419505.691209625452757 ] ] ] } },
{ "type": "Feature", "properties": { "geoid": "14000US42101003001", "name": "Census Tract 30.01, Philadelphia, PA", "income": 67212.0, "income_moe": 18190.0, "poverty_universe": 3803.0, "below_poverty": 907.0, "universe_moe": 410.0, "below_poverty_moe": 320.0, "poverty_pct": 23.84959242703129 }, "geometry": { "type": "Polygon", "coordinates": [ [ [ 484998.270447426708415, 4419740.990049567073584 ], [ 485483.471541886567138, 4419659.251051994971931 ], [ 485539.333577708224766, 4419647.158108306117356 ], [ 485608.887703243701253, 4420053.136529649607837 ], [ 485537.567413207318168, 4420067.700046063400805 ], [ 485067.255756707745604, 4420147.630777160637081 ], [ 485006.395009556727018, 4419787.922572992742062 ], [ 484998.270447426708415, 4419740.990049567073584 ] ] ] } },
{ "type": "Feature", "properties": { "geoid": "14000US42101003002", "name": "Census Tract 30.02, Philadelphia, PA", "income": 80313.0, "income_moe": 8932.0, "poverty_universe": 3354.0, "below_poverty": 664.0, "universe_moe": 460.0, "below_poverty_moe": 321.0, "poverty_pct": 19.797257006559331 }, "geometry": { "type": "Polygon", "coordinates": [ [ [ 485067.255756707745604, 4420147.630777160637081 ], [ 485537.567413207318168, 4420067.700046063400805 ], [ 485608.887703243701253, 4420053.136529649607837 ], [ 485655.885860128619242, 4420327.080790161155164 ], [ 485676.560264150321018, 4420462.005067304708064 ], [ 485316.369703890930396, 4420523.512285800650716 ], [ 485183.12267623381922, 4420544.858005220070481 ], [ 485135.892523722606711, 4420554.495010071434081 ], [ 485119.045341627497692, 4420459.07691640034318 ], [ 485098.71692836569855, 4420331.367743380367756 ], [ 485072.268059844267555, 4420176.478214495815337 ], [ 485067.255756707745604, 4420147.630777160637081 ] ] ] } },
{ "type": "Feature", "properties": { "geoid": "14000US42101003100", "name": "Census Tract 31, Philadelphia, PA", "income": 86376.0, "income_moe": 5666.0, "poverty_universe": 4743.0, "below_poverty": 651.0, "universe_moe": 1097.0, "below_poverty_moe": 548.0, "poverty_pct": 13.725490196078431 }, "geometry": { "type": "Polygon", "coordinates": [ [ [ 484453.401909655483905, 4419973.715961866080761 ], [ 484886.728702237247489, 4419898.704146170988679 ], [ 485021.865216261590831, 4419876.905651704408228 ], [ 485135.892523722606711, 4420554.495010071434081 ], [ 484567.81563673139317, 4420649.076587731018662 ], [ 484521.045160761743318, 4420379.355857723392546 ], [ 484461.871149614162277, 4420020.536245435476303 ], [ 484453.401909655483905, 4419973.715961866080761 ] ] ] } },
{ "type": "Feature", "properties": { "geoid": "14000US42101003200", "name": "Census Tract 32, Philadelphia, PA", "income": 84107.0, "income_moe": 11702.0, "poverty_universe": 4240.0, "below_poverty": 228.0, "universe_moe": 645.0, "below_poverty_moe": 138.0, "poverty_pct": 5.3773584905660377 }, "geometry": { "type": "Polygon", "coordinates": [ [ [ 483746.318204519455321, 4420091.728886337019503 ], [ 484019.225339794124011, 4420046.978394378907979 ], [ 484292.983698583964724, 4419999.12822877522558 ], [ 484453.401909655483905, 4419973.715961866080761 ], [ 484521.045160761743318, 4420379.355857723392546 ], [ 484567.81563673139317, 4420649.076587731018662 ], [ 483861.993969036731869, 4420769.407445955090225 ], [ 483754.539581924211234, 4420140.546753758564591 ], [ 483746.318204519455321, 4420091.728886337019503 ] ] ] } },
{ "type": "Feature", "properties": { "geoid": "14000US42101003300", "name": "Census Tract 33, Philadelphia, PA", "income": 87125.0, "income_moe": 30890.0, "poverty_universe": 6302.0, "below_poverty": 1173.0, "universe_moe": 1134.0, "below_poverty_moe": 677.0, "poverty_pct": 18.613138686131386 }, "geometry": { "type": "Polygon", "coordinates": [ [ [ 482445.545327820989769, 4420935.469532760791481 ], [ 482804.327765715657733, 4420836.315117414109409 ], [ 482815.092653703060932, 4420836.179860203526914 ], [ 482882.669354356708936, 4420910.168990285135806 ], [ 482896.184750383254141, 4420955.533455681987107 ], [ 483090.006434149399865, 4420901.604130077175796 ], [ 483055.72884572885232, 4420855.397519996389747 ], [ 483043.452807883964851, 4420829.12025245372206 ], [ 483013.450726539245807, 4420784.791152958758175 ], [ 482997.309159908967558, 4420749.31042983289808 ], [ 482975.195296554360539, 4420641.144843677058816 ], [ 482954.219685692398343, 4420507.338185990229249 ], [ 483524.500124081445392, 4420408.414022062905133 ], [ 483478.884653434855863, 4420137.365220544859767 ], [ 483746.318204519455321, 4420091.728886337019503 ], [ 483917.80184431077214, 4421101.259545409120619 ], [ 483877.403728247270919, 4421066.827073879539967 ], [ 483851.910490561742336, 4421051.009499261155725 ], [ 483567.640671483473852, 4421276.925917168147862 ], [ 483517.79407677159179, 4421298.34353849850595 ], [ 483427.529150794493034, 4421354.921994050033391 ], [ 483343.302395776147023, 4421359.212160447612405 ], [ 483285.663718906289432, 4421371.991134549491107 ], [ 482899.582236492773518, 4421556.091477041132748 ], [ 482859.529508778767195, 4421562.285862876102328 ], [ 482801.770675575069617, 4421558.642287088558078 ], [ 482711.597488877479918, 4421538.97905991692096 ], [ 482644.39741551480256, 4421516.156849163584411 ], [ 482559.413092855538707, 4421449.75688758585602 ], [ 482522.736278560652863, 4421400.783373087644577 ], [ 482494.928361377737019, 4421345.019289329648018 ], [ 482485.981742575473618, 4421318.180300434119999 ], [ 482470.428380887722597, 4421241.855056593194604 ], [ 482461.799457186716609, 4421167.511737393215299 ], [ 482448.812498068262357, 4420981.522759786807001 ], [ 482445.545327820989769, 4420935.469532760791481 ] ] ] } },
{ "type": "Feature", "properties": { "geoid": "14000US42101003600", "name": "Census Tract 36, Philadelphia, PA", "income": 36793.0, "income_moe": 16448.0, "poverty_universe": 6310.0, "below_poverty": 1699.0, "universe_moe": 1223.0, "below_poverty_moe": 727.0, "poverty_pct": 26.92551505546751 }, "geometry": { "type": "Polygon", "coordinates": [ [ [ 482924.572061006911099, 4420278.654907667078078 ], [ 482932.010148181114346, 4420242.455650714226067 ], [ 482946.457747187872883, 4420207.572602394968271 ], [ 483066.732278733514249, 4420039.1554408762604 ], [ 483173.349943715729751, 4419913.834293414838612 ], [ 483269.637106733163819, 4419790.979098726995289 ], [ 483506.387043278198689, 4419460.380921047180891 ], [ 483499.266357556451112, 4419447.410558314993978 ], [ 483483.601280441333074, 4419434.902653643861413 ], [ 483471.03580076887738, 4419433.15403744392097 ], [ 483494.134091794316191, 4419405.578654618002474 ], [ 483490.521450804255437, 4419355.197284740395844 ], [ 483454.369074314367026, 4419155.827689357101917 ], [ 483384.486762087792158, 4419165.635632510297 ], [ 483364.487326032482088, 4419164.458330095745623 ], [ 483357.21022357721813, 4419158.369785195216537 ], [ 483331.843931123556104, 4419008.478535762056708 ], [ 483549.908462314924691, 4419036.307553419843316 ], [ 483758.104381913261022, 4419085.80671610403806 ], [ 483857.123208204167895, 4419113.676869849674404 ], [ 484025.041593200236093, 4419152.05870692525059 ], [ 484171.863939081842545, 4420020.577593252062798 ], [ 483478.884653434855863, 4420137.365220544859767 ], [ 483524.500124081445392, 4420408.414022062905133 ], [ 482954.219685692398343, 4420507.338185990229249 ], [ 482923.685109837853815, 4420302.297678313218057 ], [ 482924.572061006911099, 4420278.654907667078078 ] ] ] } },
{ "type": "Feature", "properties": { "geoid": "14000US42101003701", "name": "Census Tract 37.01, Philadelphia, PA", "income": 62206.0, "income_moe": 27092.0, "poverty_universe": 5737.0, "below_poverty": 1572.0, "universe_moe": 921.0, "below_poverty_moe": 820.0, "poverty_pct": 27.401080704200801 }, "geometry": { "type": "Polygon", "coordinates": [ [ [ 484103.598815121455118, 4419613.943304038606584 ], [ 484584.698105719115119, 4419532.710645144805312 ], [ 484817.644822117697913, 4419491.399412586353719 ], [ 484952.788805978139862, 4419469.821705628186464 ], [ 484989.462403023615479, 4419694.169871993362904 ], [ 485021.865216261590831, 4419876.905651704408228 ], [ 484171.863939081842545, 4420020.577593252062798 ], [ 484148.93848558247555, 4419884.885105920024216 ], [ 484133.90520237974124, 4419805.447928289882839 ], [ 484125.754729299980681, 4419748.638302562758327 ], [ 484103.598815121455118, 4419613.943304038606584 ] ] ] } },
{ "type": "Feature", "properties": { "geoid": "14000US42101003702", "name": "Census Tract 37.02, Philadelphia, PA", "income": 47500.0, "income_moe": 9417.0, "poverty_universe": 3453.0, "below_poverty": 548.0, "universe_moe": 892.0, "below_poverty_moe": 336.0, "poverty_pct": 15.870257746886764 }, "geometry": { "type": "Polygon", "coordinates": [ [ [ 484025.041593200236093, 4419152.05870692525059 ], [ 484272.387843585049268, 4419210.14717174321413 ], [ 484324.537070981168654, 4419220.361853257752955 ], [ 484541.110260338522494, 4419276.191528159193695 ], [ 484739.879542961949483, 4419318.966194395907223 ], [ 484790.665204175980762, 4419331.739538400433958 ], [ 484840.601003251795191, 4419346.956673038192093 ], [ 484934.892293218639679, 4419364.639169963076711 ], [ 484952.788805978139862, 4419469.821705628186464 ], [ 484817.644822117697913, 4419491.399412586353719 ], [ 484584.698105719115119, 4419532.710645144805312 ], [ 484103.598815121455118, 4419613.943304038606584 ], [ 484080.582049091171939, 4419476.586445649154484 ], [ 484055.254653078562114, 4419338.013627933338284 ], [ 484032.491425350948703, 4419200.101488644257188 ], [ 484025.041593200236093, 4419152.05870692525059 ] ] ] } },
{ "type": "Feature", "properties": { "geoid": "14000US42101003800", "name": "Census Tract 38, Philadelphia, PA", "income": 97306.0, "income_moe": 21113.0, "poverty_universe": 3622.0, "below_poverty": 346.0, "universe_moe": 658.0, "below_poverty_moe": 278.0, "poverty_pct": 9.552733296521259 }, "geometry": { "type": "Polygon", "coordinates": [ [ [ 483740.421287000179291, 4418447.212100496515632 ], [ 483754.759620825643651, 4418397.791364404372871 ], [ 483766.930104785365984, 4418373.79179803095758 ], [ 483805.879106938431505, 4418322.543028828687966 ], [ 483846.066744269744959, 4418290.936928409151733 ], [ 483897.209405401546974, 4418266.41122738737613 ], [ 483920.016059709014371, 4418260.258735445328057 ], [ 484392.655816062353551, 4418180.808210957795382 ], [ 484650.369367681909353, 4418152.538261672481894 ], [ 484803.304662469425239, 4418126.26076152920723 ], [ 484819.303053334006108, 4418134.220137041062117 ], [ 484846.724923825007863, 4418299.650387440808117 ], [ 484857.203963183797896, 4418325.93400763720274 ], [ 484818.764951661170926, 4418336.332364236935973 ], [ 484764.253447968862019, 4418344.210235711187124 ], [ 484836.053695563517977, 4418778.811763785779476 ], [ 484866.749959604756441, 4418916.04447088483721 ], [ 484859.402904309041332, 4418917.279927588999271 ], [ 484934.892293218639679, 4419364.639169963076711 ], [ 484840.601003251795191, 4419346.956673038192093 ], [ 484739.879542961949483, 4419318.966194395907223 ], [ 484541.110260338522494, 4419276.191528159193695 ], [ 484324.537070981168654, 4419220.361853257752955 ], [ 483857.123208204167895, 4419113.676869849674404 ], [ 483792.821451643074397, 4419095.832919402047992 ], [ 483805.226095296791755, 4419061.843846610747278 ], [ 483811.062136963068042, 4419033.30720703676343 ], [ 483813.15831699577393, 4419014.32358724437654 ], [ 483810.135465017752722, 4418959.057326273992658 ], [ 483736.432064297317993, 4418500.273449751548469 ], [ 483740.421287000179291, 4418447.212100496515632 ] ] ] } },
{ "type": "Feature", "properties": { "geoid": "14000US42101003901", "name": "Census Tract 39.01, Philadelphia, PA", "income": 61578.0, "income_moe": 12050.0, "poverty_universe": 6391.0, "below_poverty": 698.0, "universe_moe": 820.0, "below_poverty_moe": 313.0, "poverty_pct": 10.921608511969957 }, "geometry": { "type": "Polygon", "coordinates": [ [ [ 484859.402904309041332, 4418917.279927588999271 ], [ 485127.228482171834912, 4418871.358597654849291 ], [ 485151.854648659355007, 4419010.158128465525806 ], [ 485422.413769441482145, 4418964.463805390521884 ], [ 485470.624838316929527, 4419240.180031144060194 ], [ 485539.333577708224766, 4419647.158108306117356 ], [ 485483.471541886567138, 4419659.251051994971931 ], [ 484998.270447426708415, 4419740.990049567073584 ], [ 484873.770629831473343, 4419008.817541951313615 ], [ 484862.773238539462909, 4418936.14140790514648 ], [ 484859.402904309041332, 4418917.279927588999271 ] ] ] } },
{ "type": "Feature", "properties": { "geoid": "14000US42101003902", "name": "Census Tract 39.02, Philadelphia, PA", "income": 84020.0, "income_moe": 10319.0, "poverty_universe": 5107.0, "below_poverty": 880.0, "universe_moe": 704.0, "below_poverty_moe": 364.0, "poverty_pct": 17.231251223810457 }, "geometry": { "type": "Polygon", "coordinates": [ [ [ 484764.253447968862019, 4418344.210235711187124 ], [ 484818.764951661170926, 4418336.332364236935973 ], [ 484857.203963183797896, 4418325.93400763720274 ], [ 484850.511864311178215, 4418312.961562686599791 ], [ 484846.724923825007863, 4418299.650387440808117 ], [ 484819.303053334006108, 4418134.220137041062117 ], [ 484803.304662469425239, 4418126.26076152920723 ], [ 485277.757562954502646, 4418047.416486740112305 ], [ 485310.292873997124843, 4418254.681351341307163 ], [ 485306.21548694424564, 4418267.6749222939834 ], [ 485422.413769441482145, 4418964.463805390521884 ], [ 485151.854648659355007, 4419010.158128465525806 ], [ 485127.228482171834912, 4418871.358597654849291 ], [ 484866.749959604756441, 4418916.04447088483721 ], [ 484836.053695563517977, 4418778.811763785779476 ], [ 484771.528666694532149, 4418392.364997015334666 ], [ 484764.253447968862019, 4418344.210235711187124 ] ] ] } },
{ "type": "Feature", "properties": { "geoid": "14000US42101004001", "name": "Census Tract 40.01, Philadelphia, PA", "income": 84446.0, "income_moe": 19996.0, "poverty_universe": 4103.0, "below_poverty": 919.0, "universe_moe": 782.0, "below_poverty_moe": 688.0, "poverty_pct": 22.398245186448939 }, "geometry": { "type": "Polygon", "coordinates": [ [ [ 485457.114170746935997, 4419101.136278567835689 ], [ 485509.226891875441652, 4419092.60194552410394 ], [ 486035.139168659225106, 4419003.495836184360087 ], [ 486095.706080305448268, 4419365.986879546195269 ], [ 486127.910994484147523, 4419547.728606169112027 ], [ 485699.763015120406635, 4419621.66111072525382 ], [ 485631.511305233056191, 4419543.652906633913517 ], [ 485621.069635539257433, 4419534.90442796703428 ], [ 485527.627125901635736, 4419512.217335079796612 ], [ 485515.907721478317399, 4419505.691209625452757 ], [ 485445.919309802353382, 4419101.157625169493258 ], [ 485457.114170746935997, 4419101.136278567835689 ] ] ] } },
{ "type": "Feature", "properties": { "geoid": "14000US42101004002", "name": "Census Tract 40.02, Philadelphia, PA", "income": 98447.0, "income_moe": 7330.0, "poverty_universe": 5544.0, "below_poverty": 331.0, "universe_moe": 961.0, "below_poverty_moe": 398.0, "poverty_pct": 5.9704184704184708 }, "geometry": { "type": "Polygon", "coordinates": [ [ [ 485349.627533863880672, 4418532.189464938826859 ], [ 485362.536967287946027, 4418534.495463439263403 ], [ 485669.332511943706777, 4418478.973554039373994 ], [ 485765.195282455417328, 4418463.921598710119724 ], [ 485938.545866322470829, 4418433.189207958988845 ], [ 486035.139168659225106, 4419003.495836184360087 ], [ 485509.226891875441652, 4419092.60194552410394 ], [ 485457.114170746935997, 4419101.136278567835689 ], [ 485445.919309802353382, 4419101.157625169493258 ], [ 485352.047776797262486, 4418546.391426117159426 ], [ 485349.627533863880672, 4418532.189464938826859 ] ] ] } },
{ "type": "Feature", "properties": { "geoid": "14000US42101004101", "name": "Census Tract 41.01, Philadelphia, PA", "income": 68598.0, "income_moe": 11284.0, "poverty_universe": 5517.0, "below_poverty": 500.0, "universe_moe": 668.0, "below_poverty_moe": 212.0, "poverty_pct": 9.0628965017219496 }, "geometry": { "type": "Polygon", "coordinates": [ [ [ 486035.139168659225106, 4419003.495836184360087 ], [ 486303.140512449434027, 4418958.17041795514524 ], [ 486330.221918391354848, 4418953.127340901643038 ], [ 486348.754914142016787, 4418946.656791027635336 ], [ 486375.848479409236461, 4418948.38419103063643 ], [ 486388.487645912857261, 4418943.478111818432808 ], [ 486702.799840814433992, 4418891.091967369429767 ], [ 486795.264545842481311, 4419432.780341390520334 ], [ 486127.910994484147523, 4419547.728606169112027 ], [ 486095.706080305448268, 4419365.986879546195269 ], [ 486043.264802290301304, 4419054.092024517245591 ], [ 486035.139168659225106, 4419003.495836184360087 ] ] ] } },
{ "type": "Feature", "properties": { "geoid": "14000US42101004103", "name": "Census Tract 41.03, Philadelphia, PA", "income": 55647.0, "income_moe": 4472.0, "poverty_universe": 4665.0, "below_poverty": 1615.0, "universe_moe": 1372.0, "below_poverty_moe": 871.0, "poverty_pct": 34.619506966773848 }, "geometry": { "type": "Polygon", "coordinates": [ [ [ 485988.141085403913166, 4418726.442134158685803 ], [ 486169.603804829181172, 4418694.812152737751603 ], [ 486655.996081692283042, 4418613.922974843531847 ], [ 486702.799840814433992, 4418891.091967369429767 ], [ 486388.487645912857261, 4418943.478111818432808 ], [ 486375.848479409236461, 4418948.38419103063643 ], [ 486348.754914142016787, 4418946.656791027635336 ], [ 486330.221918391354848, 4418953.127340901643038 ], [ 486303.140512449434027, 4418958.17041795514524 ], [ 486035.139168659225106, 4419003.495836184360087 ], [ 486010.697132944944315, 4418863.139344066381454 ], [ 485992.631109857116826, 4418751.517429734580219 ], [ 485988.141085403913166, 4418726.442134158685803 ] ] ] } },
{ "type": "Feature", "properties": { "geoid": "14000US42101004104", "name": "Census Tract 41.04, Philadelphia, PA", "income": 62827.0, "income_moe": 27536.0, "poverty_universe": 3622.0, "below_poverty": 503.0, "universe_moe": 701.0, "below_poverty_moe": 290.0, "poverty_pct": 13.887355052457206 }, "geometry": { "type": "Polygon", "coordinates": [ [ [ 485938.545866322470829, 4418433.189207958988845 ], [ 486195.288144626596477, 4418389.434728345833719 ], [ 486309.097128859313671, 4418372.359372356906533 ], [ 486427.687341291166376, 4418352.280508108437061 ], [ 486540.548847394762561, 4418330.437767200171947 ], [ 486606.852586372115184, 4418320.332108393311501 ], [ 486655.996081692283042, 4418613.922974843531847 ], [ 486169.603804829181172, 4418694.812152737751603 ], [ 485988.141085403913166, 4418726.442134158685803 ], [ 485964.383072320895735, 4418587.194478160701692 ], [ 485938.545866322470829, 4418433.189207958988845 ] ] ] } },
{ "type": "Feature", "properties": { "geoid": "14000US42101004201", "name": "Census Tract 42.01, Philadelphia, PA", "income": 95859.0, "income_moe": 18212.0, "poverty_universe": 4405.0, "below_poverty": 429.0, "universe_moe": 830.0, "below_poverty_moe": 338.0, "poverty_pct": 9.7389330306469919 }, "geometry": { "type": "Polygon", "coordinates": [ [ [ 486702.799840814433992, 4418891.091967369429767 ], [ 487345.10258751740912, 4418781.452372423373163 ], [ 487338.437401265546214, 4418833.406300165690482 ], [ 487333.00135119369952, 4418905.003260572440922 ], [ 487333.742876943026204, 4418939.852594560943544 ], [ 487348.554153635923285, 4419059.141274997033179 ], [ 487366.433492231997661, 4419173.652392147108912 ], [ 487373.390702531964052, 4419194.950782882981002 ], [ 487378.297857747005764, 4419216.807517284527421 ], [ 487397.368170572561212, 4419328.542033367790282 ], [ 487232.742583499057218, 4419355.67512717936188 ], [ 486795.264545842481311, 4419432.780341390520334 ], [ 486711.173862446623389, 4418939.579613697715104 ], [ 486702.799840814433992, 4418891.091967369429767 ] ] ] } },
{ "type": "Feature", "properties": { "geoid": "14000US42101004202", "name": "Census Tract 42.02, Philadelphia, PA", "income": 79746.0, "income_moe": 8272.0, "poverty_universe": 5440.0, "below_poverty": 624.0, "universe_moe": 909.0, "below_poverty_moe": 392.0, "poverty_pct": 11.470588235294118 }, "geometry": { "type": "Polygon", "coordinates": [ [ [ 486606.852586372115184, 4418320.332108393311501 ], [ 487380.531631167978048, 4418190.488355807960033 ], [ 487476.761666439415421, 4418759.592295987531543 ], [ 486702.799840814433992, 4418891.091967369429767 ], [ 486633.447005439607892, 4418475.004164905287325 ], [ 486613.335908630455378, 4418362.163587374612689 ], [ 486606.852586372115184, 4418320.332108393311501 ] ] ] } },
{ "type": "Feature", "properties": { "geoid": "14000US42101005400", "name": "Census Tract 54, Philadelphia, PA", "income": 59195.0, "income_moe": 16480.0, "poverty_universe": 1687.0, "below_poverty": 438.0, "universe_moe": 299.0, "below_poverty_moe": 165.0, "poverty_pct": 25.963248369887374 }, "geometry": { "type": "Polygon", "coordinates": [ [ [ 477331.895219860074576, 4415245.416178524494171 ], [ 477337.575019050564151, 4415228.972919445484877 ], [ 477357.882031814777292, 4415185.848882149904966 ], [ 477380.728960395266768, 4415163.028409472666681 ], [ 477420.10178547463147, 4415148.261355494149029 ], [ 477444.151308835367672, 4415156.181532531045377 ], [ 477516.575924572127406, 4415157.632873351685703 ], [ 477540.209239356045146, 4415140.360028196126223 ], [ 477545.780250161478762, 4415115.815038967877626 ], [ 477536.036620469472837, 4415087.98539671767503 ], [ 477499.786489733029157, 4415060.011810770258307 ], [ 477407.858656234573573, 4415027.097342046909034 ], [ 477375.707974455144722, 4414997.780349985696375 ], [ 477392.158638713008258, 4414951.449160064570606 ], [ 477411.259953337954357, 4414933.967358171008527 ], [ 477560.804879747505765, 4414874.813400012440979 ], [ 477600.692816704919096, 4414830.966628380119801 ], [ 477607.392091433925088, 4414811.967847939580679 ], [ 477602.203208031831309, 4414792.005013653077185 ], [ 477574.99469656276051, 4414756.901270682923496 ], [ 477504.894781270995736, 4414733.133689035661519 ], [ 477397.637868969351985, 4414722.573296674527228 ], [ 477378.183577806688845, 4414707.647338338196278 ], [ 477331.087080138153397, 4414656.065987096168101 ], [ 477340.185496569785755, 4414581.232324775308371 ], [ 477550.375631351664197, 4414089.818245477043092 ], [ 477660.064294591895305, 4414080.950648028403521 ], [ 477674.383951944415458, 4414094.227480745874345 ], [ 477719.350277889228892, 4414118.735803766176105 ], [ 477899.103420919156633, 4414208.558868973515928 ], [ 477972.269538050983101, 4414256.516835617832839 ], [ 478074.090291781409178, 4414337.467948696576059 ], [ 478159.497694687335752, 4414420.7980793165043 ], [ 478247.95860173762776, 4414526.096294909715652 ], [ 478335.605748489266261, 4414646.825317783281207 ], [ 478947.945699390955269, 4415522.482027251273394 ], [ 478979.856056198303122, 4415560.685394670814276 ], [ 479029.48152484849561, 4415605.277608380652964 ], [ 479069.995803395693656, 4415632.358821807429194 ], [ 479229.604271926393267, 4415721.602344330400229 ], [ 479325.398012254270725, 4415799.034836894832551 ], [ 478427.416974029270932, 4416424.390191809274256 ], [ 478316.398577256244607, 4416495.293854810297489 ], [ 478193.200806723267306, 4416551.361349658109248 ], [ 478193.001308329869062, 4416541.372875528410077 ], [ 478157.71326540998416, 4416487.865865998901427 ], [ 478148.062551356793847, 4416461.256028641946614 ], [ 478095.047855056414846, 4416367.510920531116426 ], [ 478049.889196373987943, 4416300.825000630691648 ], [ 478016.780371602973901, 4416262.628913726657629 ], [ 477998.302383768779691, 4416228.719388594850898 ], [ 477995.949398484779522, 4416213.187660434283316 ], [ 478005.905649722961243, 4416197.17651523090899 ], [ 478047.078835940046702, 4416155.881006442941725 ], [ 478058.110930054855999, 4416127.436035826802254 ], [ 478051.034676444076467, 4416104.481581597588956 ], [ 477909.499203342653345, 4415910.880352569743991 ], [ 477860.450517536897678, 4415860.411258616484702 ], [ 477847.598802820837591, 4415850.903444290161133 ], [ 477759.067635781364515, 4415835.622233738191426 ], [ 477676.922205689188559, 4415811.444236492738128 ], [ 477642.252263673814014, 4415796.22912236303091 ], [ 477622.449759704526514, 4415778.084869464859366 ], [ 477590.476049460179638, 4415632.893630873411894 ], [ 477590.386915961862542, 4415485.944103227928281 ], [ 477581.348893531248905, 4415436.136450447142124 ], [ 477573.261546070047189, 4415418.956857190467417 ], [ 477557.914600458869245, 4415404.462339298799634 ], [ 477540.195820492052007, 4415397.522094091400504 ], [ 477450.635743016784545, 4415412.21455114800483 ], [ 477404.784871513955295, 4415404.358813244849443 ], [ 477375.907393935776781, 4415382.690391886979342 ], [ 477353.158709236653522, 4415351.902787748724222 ], [ 477332.933662871073466, 4415307.234106306917965 ], [ 477329.958490380726289, 4415284.268160742707551 ], [ 477331.895219860074576, 4415245.416178524494171 ] ] ] } },
{ "type": "Feature", "properties": { "geoid": "14000US42101005500", "name": "Census Tract 55, Philadelphia, PA", "income": 73586.0, "income_moe": 36332.0, "poverty_universe": 6421.0, "below_poverty": 1124.0, "universe_moe": 1064.0, "below_poverty_moe": 623.0, "poverty_pct": 17.50506151689768 }, "geometry": { "type": "Polygon", "coordinates": [ [ [ 478179.900376191246323, 4416593.686299393884838 ], [ 478191.360060256847646, 4416565.351268402300775 ], [ 478193.200806723267306, 4416551.361349658109248 ], [ 478316.398577256244607, 4416495.293854810297489 ], [ 478427.416974029270932, 4416424.390191809274256 ], [ 478650.507443064707331, 4416748.96197304315865 ], [ 478705.47728933324106, 4416811.517461236566305 ], [ 478783.472392538446002, 4416885.330244183540344 ], [ 478859.791140036948491, 4416940.835215926170349 ], [ 478945.411182818235829, 4416990.876812472939491 ], [ 479058.637181179656181, 4417039.7337013380602 ], [ 479211.594985856325366, 4417083.045494654215872 ], [ 479435.783988342620432, 4417136.823122676461935 ], [ 479212.58098886103835, 4418072.846767393872142 ], [ 479199.916461415181402, 4418130.040888043120503 ], [ 479211.99980515887728, 4418141.883848288096488 ], [ 479198.951484444085509, 4418183.651473720557988 ], [ 478949.831844720582012, 4418593.664241557009518 ], [ 478909.121822440356482, 4418675.798013776540756 ], [ 478902.255866911029443, 4418696.239094412885606 ], [ 478897.621155909495428, 4418720.003701832145452 ], [ 478903.483931757626124, 4418769.488891009241343 ], [ 478870.80190474819392, 4418756.593524632044137 ], [ 478861.968362255138345, 4418745.408031158149242 ], [ 478860.43248625844717, 4418684.589938123710454 ], [ 478861.223152945109177, 4418661.50189464353025 ], [ 478876.010349302843679, 4418600.527616850100458 ], [ 478872.746169126941822, 4418594.543211596086621 ], [ 478874.684776568494271, 4418584.770754243247211 ], [ 478892.840808380569797, 4418567.517116255126894 ], [ 478908.671804384677671, 4418512.977426063269377 ], [ 478911.59678715816699, 4418488.995579368434846 ], [ 478885.498713900393341, 4418446.780691460706294 ], [ 478828.865375950525049, 4418334.394108576700091 ], [ 478829.59916099277325, 4418321.62826647888869 ], [ 478839.137185511528514, 4418309.281965911388397 ], [ 478839.231489403697196, 4418281.645290242508054 ], [ 478862.19858266110532, 4418273.146432635374367 ], [ 478879.730038602137938, 4418246.127421436831355 ], [ 478884.30348122108262, 4418231.02018051687628 ], [ 478879.70339625806082, 4418205.616291459649801 ], [ 478872.493423805804923, 4418194.537287994287908 ], [ 478799.206034455390181, 4418148.901817984879017 ], [ 478771.699536406784318, 4418123.339680731296539 ], [ 478760.266790266614407, 4418099.841695596463978 ], [ 478745.179999080835842, 4418053.268069623969495 ], [ 478738.500261150067672, 4418017.880998665466905 ], [ 478719.795533465512563, 4417991.961566545069218 ], [ 478689.649485583242495, 4417970.291720516048372 ], [ 478615.863441921945196, 4417930.874813426285982 ], [ 478598.123159079637844, 4417913.832142492756248 ], [ 478536.16563689004397, 4417825.880403584800661 ], [ 478523.704503926972393, 4417801.830719878897071 ], [ 478504.052248699474148, 4417804.105831098742783 ], [ 478521.980077760119457, 4417796.508073111064732 ], [ 478521.085382474935614, 4417782.303927195258439 ], [ 478537.364655818033498, 4417765.942670472897589 ], [ 478575.868991045223083, 4417750.295963108539581 ], [ 478618.413076203432865, 4417742.629381174221635 ], [ 478628.058719214866869, 4417738.05179681815207 ], [ 478637.940290702914353, 4417726.148255046457052 ], [ 478640.307435052935034, 4417716.818509710021317 ], [ 478617.267650917521678, 4417638.857377181760967 ], [ 478613.903010003850795, 4417566.723616864532232 ], [ 478604.069023919699248, 4417534.675206188112497 ], [ 478480.709418480750173, 4417437.129217960871756 ], [ 478419.046499552030582, 4417424.983457030728459 ], [ 478332.214651750167832, 4417308.912426110357046 ], [ 478520.237499220122118, 4417177.191530402749777 ], [ 478324.961324426636565, 4416891.723640311509371 ], [ 478150.382748479954898, 4416644.714837353676558 ], [ 478179.900376191246323, 4416593.686299393884838 ] ] ] } },
{ "type": "Feature", "properties": { "geoid": "14000US42101005600", "name": "Census Tract 56, Philadelphia, PA", "income": 32411.0, "income_moe": 13867.0, "poverty_universe": 1010.0, "below_poverty": 370.0, "universe_moe": 285.0, "below_poverty_moe": 136.0, "poverty_pct": 36.633663366336634 }, "geometry": { "type": "Polygon", "coordinates": [ [ [ 478427.416974029270932, 4416424.390191809274256 ], [ 478451.305782512994483, 4416407.452364797703922 ], [ 479160.959358064981643, 4415912.579680567607284 ], [ 479599.422518700361252, 4416540.260625342838466 ], [ 479556.380923804477789, 4416716.182722586207092 ], [ 479456.741617174877319, 4417142.427157297730446 ], [ 479211.594985856325366, 4417083.045494654215872 ], [ 479058.637181179656181, 4417039.7337013380602 ], [ 478945.411182818235829, 4416990.876812472939491 ], [ 478859.791140036948491, 4416940.835215926170349 ], [ 478783.472392538446002, 4416885.330244183540344 ], [ 478705.47728933324106, 4416811.517461236566305 ], [ 478650.507443064707331, 4416748.96197304315865 ], [ 478543.654084414592944, 4416597.539034146815538 ], [ 478429.651554593699984, 4416428.601473991759121 ], [ 478427.416974029270932, 4416424.390191809274256 ] ] ] } },
{ "type": "Feature", "properties": { "geoid": "14000US42101006000", "name": "Census Tract 60, Philadelphia, PA", "income": 44692.0, "income_moe": 15275.0, "poverty_universe": 6272.0, "below_poverty": 1393.0, "universe_moe": 840.0, "below_poverty_moe": 558.0, "poverty_pct": 22.209821428571427 }, "geometry": { "type": "Polygon", "coordinates": [ [ [ 479066.646893472410738, 4418401.774800398387015 ], [ 479198.951484444085509, 4418183.651473720557988 ], [ 479211.99980515887728, 4418141.883848288096488 ], [ 479199.916461415181402, 4418130.040888043120503 ], [ 479212.58098886103835, 4418072.846767393872142 ], [ 479371.655067312531173, 4417414.469597075134516 ], [ 479435.783988342620432, 4417136.823122676461935 ], [ 479536.209424818516709, 4417163.74566886946559 ], [ 479603.893187224166468, 4417189.758031438104808 ], [ 479669.121852243319154, 4417224.878656544722617 ], [ 479713.046186468505766, 4417252.620134398341179 ], [ 479777.877585460722912, 4417299.50761247612536 ], [ 479810.608006172289606, 4417328.944150155410171 ], [ 479888.78320953133516, 4417412.312788131646812 ], [ 479915.629202419368085, 4417447.20375918969512 ], [ 480091.180545918061398, 4417702.907372129149735 ], [ 480132.520570177352056, 4417757.406442615203559 ], [ 480183.446078458800912, 4417816.986358494497836 ], [ 480298.519389515335206, 4417927.122927161864936 ], [ 480274.259605247119907, 4417965.587925057858229 ], [ 480200.10324156988645, 4418043.805512175895274 ], [ 480152.813131096540019, 4418099.756034433841705 ], [ 480100.985244322975632, 4418152.389004855416715 ], [ 480044.320398499490693, 4418218.02075197827071 ], [ 480023.027721645892598, 4418246.378777856007218 ], [ 479947.188351877906825, 4418332.594540963880718 ], [ 479531.259814869030379, 4418792.196789359673858 ], [ 479230.975974430621136, 4418519.529737319797277 ], [ 479162.029799048614223, 4418465.554760283790529 ], [ 479089.505590223590843, 4418416.140781495720148 ], [ 479066.646893472410738, 4418401.774800398387015 ] ] ] } },
{ "type": "Feature", "properties": { "geoid": "14000US42101006100", "name": "Census Tract 61, Philadelphia, PA", "income": 54246.0, "income_moe": 12283.0, "poverty_universe": 2975.0, "below_poverty": 474.0, "universe_moe": 680.0, "below_poverty_moe": 394.0, "poverty_pct": 15.932773109243698 }, "geometry": { "type": "Polygon", "coordinates": [ [ [ 479947.188351877906825, 4418332.594540963880718 ], [ 480023.027721645892598, 4418246.378777856007218 ], [ 480044.320398499490693, 4418218.02075197827071 ], [ 480100.985244322975632, 4418152.389004855416715 ], [ 480152.813131096540019, 4418099.756034433841705 ], [ 480200.10324156988645, 4418043.805512175895274 ], [ 480274.259605247119907, 4417965.587925057858229 ], [ 480287.630215961660724, 4417946.907158602029085 ], [ 480298.519389515335206, 4417927.122927161864936 ], [ 480403.968273178325035, 4417685.449558446183801 ], [ 480462.232274077599868, 4417774.31367461103946 ], [ 480520.099578250548802, 4417875.721052197739482 ], [ 480709.053651833615731, 4418238.50945299025625 ], [ 480921.745746414351743, 4418634.318106782622635 ], [ 480838.573148283583578, 4418661.496950003318489 ], [ 480696.130174206686206, 4418738.216747855767608 ], [ 480631.509766945615411, 4418801.089582338929176 ], [ 480554.723417732107919, 4418885.081986553966999 ], [ 479987.28441356215626, 4418369.892756392247975 ], [ 479947.188351877906825, 4418332.594540963880718 ] ] ] } },
{ "type": "Feature", "properties": { "geoid": "14000US42101006200", "name": "Census Tract 62, Philadelphia, PA", "income": 48610.0, "income_moe": 7373.0, "poverty_universe": 4139.0, "below_poverty": 508.0, "universe_moe": 736.0, "below_poverty_moe": 277.0, "poverty_pct": 12.273496013529838 }, "geometry": { "type": "Polygon", "coordinates": [ [ [ 479630.438527364225592, 4418680.497812723740935 ], [ 479751.704445777693763, 4418549.651318036951125 ], [ 479947.188351877906825, 4418332.594540963880718 ], [ 480063.961459225625731, 4418440.725356427021325 ], [ 480554.723417732107919, 4418885.081986553966999 ], [ 480514.504137012932915, 4418931.245258466340601 ], [ 480137.164991504629143, 4419344.544728049077094 ], [ 479531.259814869030379, 4418792.196789359673858 ], [ 479630.438527364225592, 4418680.497812723740935 ] ] ] } },
{ "type": "Feature", "properties": { "geoid": "14000US42101006300", "name": "Census Tract 63, Philadelphia, PA", "income": 29464.0, "income_moe": 9521.0, "poverty_universe": 4035.0, "below_poverty": 1970.0, "universe_moe": 748.0, "below_poverty_moe": 778.0, "poverty_pct": 48.822800495662946 }, "geometry": { "type": "Polygon", "coordinates": [ [ [ 478897.621155909495428, 4418720.003701832145452 ], [ 478902.255866911029443, 4418696.239094412885606 ], [ 478909.121822440356482, 4418675.798013776540756 ], [ 478949.831844720582012, 4418593.664241557009518 ], [ 479066.646893472410738, 4418401.774800398387015 ], [ 479162.029799048614223, 4418465.554760283790529 ], [ 479230.975974430621136, 4418519.529737319797277 ], [ 480137.164991504629143, 4419344.544728049077094 ], [ 479868.252873007266317, 4419641.5921595627442 ], [ 479624.214236778847408, 4419421.925431812182069 ], [ 479585.829167061310727, 4419383.958570116199553 ], [ 478989.401403867697809, 4418841.950080411508679 ], [ 478947.679140054562595, 4418804.661551524884999 ], [ 478903.483931757626124, 4418769.488891009241343 ], [ 478899.837795323168393, 4418748.965879964642227 ], [ 478897.621155909495428, 4418720.003701832145452 ] ] ] } },
{ "type": "Feature", "properties": { "geoid": "14000US42101006400", "name": "Census Tract 64, Philadelphia, PA", "income": 40119.0, "income_moe": 14161.0, "poverty_universe": 4536.0, "below_poverty": 936.0, "universe_moe": 891.0, "below_poverty_moe": 416.0, "poverty_pct": 20.634920634920636 }, "geometry": { "type": "Polygon", "coordinates": [ [ [ 478838.254192264925223, 4418853.79971013404429 ], [ 478841.550814933958463, 4418840.69378222245723 ], [ 478852.843187159276567, 4418814.024948148056865 ], [ 478852.305816262145527, 4418805.147261212579906 ], [ 478839.913117934018373, 4418804.848648423328996 ], [ 478855.047892370843329, 4418776.94827838614583 ], [ 478861.968362255138345, 4418745.408031158149242 ], [ 478870.80190474819392, 4418756.593524632044137 ], [ 478903.483931757626124, 4418769.488891009241343 ], [ 478989.401403867697809, 4418841.950080411508679 ], [ 479585.829167061310727, 4419383.958570116199553 ], [ 479624.214236778847408, 4419421.925431812182069 ], [ 479868.252873007266317, 4419641.5921595627442 ], [ 479749.65290515020024, 4419772.984994701109827 ], [ 479878.820123937679455, 4419889.848396711051464 ], [ 479686.863230409042444, 4419939.525658430531621 ], [ 479429.006273132399656, 4420044.325193073600531 ], [ 479230.745515082089696, 4420098.581579248420894 ], [ 479181.746459595451597, 4420115.918595864437521 ], [ 479177.365694531647023, 4420107.495322057977319 ], [ 479167.170043984253425, 4420097.423082673922181 ], [ 479127.705316680658143, 4420070.449441991746426 ], [ 479118.536123814701568, 4420060.818418186157942 ], [ 479114.571549505053554, 4420048.398404976353049 ], [ 479120.648963337705936, 4420021.07825343310833 ], [ 479127.204986751719844, 4420012.514088704250753 ], [ 479150.138345090614166, 4419993.472095984965563 ], [ 479152.506598256819416, 4419984.58643248397857 ], [ 479153.549799091590103, 4419866.046403236687183 ], [ 479145.708918817457743, 4419811.016868901439011 ], [ 479107.62904711230658, 4419728.655616628006101 ], [ 479100.637949524680153, 4419703.258094880729914 ], [ 479099.088283980847336, 4419667.856584675610065 ], [ 479100.765677149000112, 4419656.309047000482678 ], [ 479106.62987554067513, 4419644.639051743783057 ], [ 479121.787620401533786, 4419625.396312498487532 ], [ 479124.142898557591252, 4419611.738119258545339 ], [ 479115.616659488528967, 4419587.454687338322401 ], [ 479096.350176267791539, 4419572.967791398987174 ], [ 479065.025435954972636, 4419555.073341417126358 ], [ 479053.349093879922293, 4419535.127227426506579 ], [ 479026.707218647759873, 4419480.038492697291076 ], [ 479001.992596622905694, 4419442.258956593461335 ], [ 478978.952249324065633, 4419391.933041064068675 ], [ 478967.103692816861439, 4419340.688415706157684 ], [ 478966.073117138294037, 4419307.838281783275306 ], [ 478961.963390443066601, 4419273.997731912881136 ], [ 478955.171094132470898, 4419259.032845675013959 ], [ 478933.379297753504943, 4419227.904862056486309 ], [ 478858.688359832740389, 4419134.658083541318774 ], [ 478848.861668246332556, 4419104.16313592530787 ], [ 478847.971096101566218, 4419091.179803686216474 ], [ 478852.74587664793944, 4419056.426776641979814 ], [ 478851.95964949397603, 4418957.759079413488507 ], [ 478850.003258208394982, 4418930.239049962721765 ], [ 478841.901161576679442, 4418905.399814595468342 ], [ 478838.215212444076315, 4418870.559264976531267 ], [ 478838.254192264925223, 4418853.79971013404429 ] ] ] } },
{ "type": "Feature", "properties": { "geoid": "14000US42101006500", "name": "Census Tract 65, Philadelphia, PA", "income": 43158.0, "income_moe": 10433.0, "poverty_universe": 4894.0, "below_poverty": 921.0, "universe_moe": 1011.0, "below_poverty_moe": 342.0, "poverty_pct": 18.818961994278709 }, "geometry": { "type": "Polygon", "coordinates": [ [ [ 478913.819778846169356, 4421456.637344005517662 ], [ 478927.511251465824898, 4421433.84650763310492 ], [ 478943.883975976612419, 4421422.924237300641835 ], [ 478967.702743142552208, 4421416.8650241792202 ], [ 479098.49068818212254, 4421413.841582675464451 ], [ 479194.812650489853695, 4421397.262576096691191 ], [ 479203.94261561811436, 4421393.131032838486135 ], [ 479193.831711695820559, 4421382.170597098767757 ], [ 479209.053372848487925, 4421387.567588368430734 ], [ 479237.885720519116148, 4421371.506441560573876 ], [ 479244.134928727173246, 4421376.151010945439339 ], [ 479395.694057798769791, 4421376.960807990282774 ], [ 479465.036781886010431, 4421366.451646808534861 ], [ 479483.635526901402045, 4421356.967418632470071 ], [ 479518.857346613483969, 4421302.154612842947245 ], [ 479533.634714656334836, 4421269.372861437499523 ], [ 479547.395334576955065, 4421207.847444463521242 ], [ 479546.244205637136474, 4421192.755885525606573 ], [ 479536.281464544474147, 4421173.248369455337524 ], [ 479506.101316437008791, 4421133.373012471012771 ], [ 479475.108918161189649, 4421077.51739638671279 ], [ 479442.018180812359788, 4421035.763299151323736 ], [ 479432.382343475183006, 4421010.927517792209983 ], [ 479430.194651125115342, 4420991.732144434936345 ], [ 479434.617266921850387, 4420984.283883470110595 ], [ 479482.828053983452264, 4420929.879891853779554 ], [ 479531.894862883724272, 4420907.661015899851918 ], [ 479544.061445887258742, 4420920.503207849338651 ], [ 479580.111312879540492, 4420918.741734120063484 ], [ 479669.161915900884196, 4420928.048923383466899 ], [ 479762.006853906204924, 4420950.665878222323954 ], [ 479794.481231039564591, 4420953.798467063345015 ], [ 479897.391135245736223, 4420937.987871271558106 ], [ 479908.654141718114261, 4420932.408688137307763 ], [ 479922.196484972024336, 4420916.390462917275727 ], [ 479925.076615936588496, 4420874.539664156734943 ], [ 479939.224053140962496, 4420828.663581456057727 ], [ 479944.04721012164373, 4420778.372449591755867 ], [ 479941.360375676478725, 4420763.839834592305124 ], [ 479929.18107280973345, 4420746.002500938251615 ], [ 479928.678217995620798, 4420717.257431675679982 ], [ 479923.604879762162454, 4420704.950904282741249 ], [ 479899.263501356064808, 4420675.935664977878332 ], [ 479808.767623598687351, 4420605.807121120393276 ], [ 479780.157005896209739, 4420481.463231608271599 ], [ 479779.450724663212895, 4420408.433751478791237 ], [ 479757.694135364552494, 4420355.882259315811098 ], [ 479731.35131081979489, 4420313.887056882493198 ], [ 479712.598720203153789, 4420298.731302667409182 ], [ 479668.655484004644677, 4420289.414178929291666 ], [ 479599.600280403974466, 4420315.348231176845729 ], [ 479523.908460501988884, 4420383.365902722813189 ], [ 479451.112169015221298, 4420415.637782718986273 ], [ 479413.189202944224235, 4420420.734603380784392 ], [ 479345.49778470286401, 4420413.148333052173257 ], [ 479342.221808972768486, 4420402.391182441264391 ], [ 479335.980890227481723, 4420401.076210373081267 ], [ 479330.705707105924375, 4420409.303760278970003 ], [ 479327.028970769897569, 4420408.314816379919648 ], [ 479303.314099626499228, 4420390.953716499730945 ], [ 479225.68297153012827, 4420247.654806200414896 ], [ 479200.829049266409129, 4420220.197044936008751 ], [ 479198.357895363471471, 4420191.346407328732312 ], [ 479181.746459595451597, 4420115.918595864437521 ], [ 479429.006273132399656, 4420044.325193073600531 ], [ 479686.863230409042444, 4419939.525658430531621 ], [ 479878.820123937679455, 4419889.848396711051464 ], [ 480583.352342802390922, 4420529.987371645867825 ], [ 480143.04523027112009, 4421012.151435126550496 ], [ 480044.989834201347549, 4421152.476777653209865 ], [ 479474.769546107796486, 4421776.533938298933208 ], [ 479205.232395953033119, 4421646.739981172606349 ], [ 478896.357441292901058, 4421505.965292544104159 ], [ 478913.819778846169356, 4421456.637344005517662 ] ] ] } },
{ "type": "Feature", "properties": { "geoid": "14000US42101006600", "name": "Census Tract 66, Philadelphia, PA", "income": 25547.0, "income_moe": 24589.0, "poverty_universe": 2730.0, "below_poverty": 1181.0, "universe_moe": 902.0, "below_poverty_moe": 817.0, "poverty_pct": 43.260073260073263 }, "geometry": { "type": "Polygon", "coordinates": [ [ [ 480137.164991504629143, 4419344.544728049077094 ], [ 480971.555166336707771, 4420101.365302042104304 ], [ 480583.352342802390922, 4420529.987371645867825 ], [ 479749.65290515020024, 4419772.984994701109827 ], [ 480137.164991504629143, 4419344.544728049077094 ] ] ] } },
{ "type": "Feature", "properties": { "geoid": "14000US42101006700", "name": "Census Tract 67, Philadelphia, PA", "income": 37184.0, "income_moe": 7196.0, "poverty_universe": 7199.0, "below_poverty": 2039.0, "universe_moe": 1355.0, "below_poverty_moe": 798.0, "poverty_pct": 28.323378246978749 }, "geometry": { "type": "Polygon", "coordinates": [ [ [ 480631.509766945615411, 4418801.089582338929176 ], [ 480696.130174206686206, 4418738.216747855767608 ], [ 480838.573148283583578, 4418661.496950003318489 ], [ 480921.745746414351743, 4418634.318106782622635 ], [ 481268.59945443959441, 4419279.417728879489005 ], [ 481477.040328969887923, 4419672.588845502585173 ], [ 481249.535977041348815, 4419798.118997812271118 ], [ 480971.555166336707771, 4420101.365302042104304 ], [ 480137.164991504629143, 4419344.544728049077094 ], [ 480631.509766945615411, 4418801.089582338929176 ] ] ] } },
{ "type": "Feature", "properties": { "geoid": "14000US42101007000", "name": "Census Tract 70, Philadelphia, PA", "income": 39708.0, "income_moe": 3533.0, "poverty_universe": 3733.0, "below_poverty": 779.0, "universe_moe": 1046.0, "below_poverty_moe": 278.0, "poverty_pct": 20.867934637021161 }, "geometry": { "type": "Polygon", "coordinates": [ [ [ 480583.352342802390922, 4420529.987371645867825 ], [ 480971.555166336707771, 4420101.365302042104304 ], [ 481572.18229583237553, 4420641.853340378031135 ], [ 481438.14907939103432, 4420791.570669707842171 ], [ 481180.563941161090042, 4421073.561305935494602 ], [ 480868.77887681737775, 4420788.871233809739351 ], [ 480795.226172678812873, 4420725.01496968884021 ], [ 480625.401213933539111, 4420568.171924034133554 ], [ 480583.352342802390922, 4420529.987371645867825 ] ] ] } },
{ "type": "Feature", "properties": { "geoid": "14000US42101007101", "name": "Census Tract 71.01, Philadelphia, PA", "income": 41627.0, "income_moe": 12279.0, "poverty_universe": 1833.0, "below_poverty": 365.0, "universe_moe": 382.0, "below_poverty_moe": 127.0, "poverty_pct": 19.912711402073104 }, "geometry": { "type": "Polygon", "coordinates": [ [ [ 480372.565757938544266, 4420761.607880264520645 ], [ 480583.352342802390922, 4420529.987371645867825 ], [ 480784.261183376191184, 4420713.610636940225959 ], [ 480795.226172678812873, 4420725.01496968884021 ], [ 480868.77887681737775, 4420788.871233809739351 ], [ 481180.563941161090042, 4421073.561305935494602 ], [ 481072.615344153949991, 4421193.69759566616267 ], [ 480969.689054648159072, 4421305.165704037062824 ], [ 480415.298784822865855, 4420800.12249540258199 ], [ 480372.565757938544266, 4420761.607880264520645 ] ] ] } },
{ "type": "Feature", "properties": { "geoid": "14000US42101007102", "name": "Census Tract 71.02, Philadelphia, PA", "income": 36538.0, "income_moe": 9905.0, "poverty_universe": 4441.0, "below_poverty": 962.0, "universe_moe": 784.0, "below_poverty_moe": 425.0, "poverty_pct": 21.66178788561135 }, "geometry": { "type": "Polygon", "coordinates": [ [ [ 480044.989834201347549, 4421152.476777653209865 ], [ 480143.04523027112009, 4421012.151435126550496 ], [ 480254.231340035737958, 4420893.103460607118905 ], [ 480372.565757938544266, 4420761.607880264520645 ], [ 480969.689054648159072, 4421305.165704037062824 ], [ 480852.46351691277232, 4421436.64933258574456 ], [ 480779.957081472792197, 4421514.302784850820899 ], [ 480624.48412183241453, 4421686.619866387918591 ], [ 480506.40936152584618, 4421581.591331614181399 ], [ 480039.873953265370801, 4421156.374818250536919 ], [ 480044.989834201347549, 4421152.476777653209865 ] ] ] } },
{ "type": "Feature", "properties": { "geoid": "14000US42101007200", "name": "Census Tract 72, Philadelphia, PA", "income": 42963.0, "income_moe": 15061.0, "poverty_universe": 4603.0, "below_poverty": 1244.0, "universe_moe": 912.0, "below_poverty_moe": 559.0, "poverty_pct": 27.025852704757767 }, "geometry": { "type": "Polygon", "coordinates": [ [ [ 479474.769546107796486, 4421776.533938298933208 ], [ 479523.31309378601145, 4421720.575346704572439 ], [ 479683.036529433506075, 4421549.889161448925734 ], [ 480039.873953265370801, 4421156.374818250536919 ], [ 480506.40936152584618, 4421581.591331614181399 ], [ 480624.48412183241453, 4421686.619866387918591 ], [ 480581.634193588106427, 4421734.010651742108166 ], [ 480559.38088717131177, 4421751.048846462741494 ], [ 480539.315355224534869, 4421754.984695280902088 ], [ 480510.179788696230389, 4421753.172297375276685 ], [ 480497.201067818969022, 4421755.64727143663913 ], [ 480485.594591288652737, 4421760.227565934881568 ], [ 480464.029827382008079, 4421779.151110065169632 ], [ 480505.477885927364696, 4421818.66845728084445 ], [ 480386.897481584805064, 4421948.609051090665162 ], [ 480399.381459011812694, 4421986.424566221423447 ], [ 480242.211602245806716, 4421991.380920298397541 ], [ 480206.841428281972185, 4421989.807828995399177 ], [ 479979.598422993731219, 4421920.366499166935682 ], [ 479920.772423908347264, 4421900.321019458584487 ], [ 479854.692234008980449, 4421883.069913163781166 ], [ 479827.753088938829023, 4421871.820158920250833 ], [ 479730.80018955108244, 4421842.109996737912297 ], [ 479553.937349610379897, 4421799.518134441226721 ], [ 479493.066194096230902, 4421782.145195100456476 ], [ 479474.769546107796486, 4421776.533938298933208 ] ] ] } },
{ "type": "Feature", "properties": { "geoid": "14000US42101007300", "name": "Census Tract 73, Philadelphia, PA", "income": 64262.0, "income_moe": 33428.0, "poverty_universe": 3460.0, "below_poverty": 383.0, "universe_moe": 626.0, "below_poverty_moe": 145.0, "poverty_pct": 11.069364161849711 }, "geometry": { "type": "Polygon", "coordinates": [ [ [ 480386.897481584805064, 4421948.609051090665162 ], [ 480505.477885927364696, 4421818.66845728084445 ], [ 480464.029827382008079, 4421779.151110065169632 ], [ 480485.594591288652737, 4421760.227565934881568 ], [ 480497.201067818969022, 4421755.64727143663913 ], [ 480510.179788696230389, 4421753.172297375276685 ], [ 480539.315355224534869, 4421754.984695280902088 ], [ 480559.38088717131177, 4421751.048846462741494 ], [ 480581.634193588106427, 4421734.010651742108166 ], [ 481072.615344153949991, 4421193.69759566616267 ], [ 481450.126266553241294, 4421535.506641103886068 ], [ 481279.21731893136166, 4421585.425925507210195 ], [ 481290.862120022065938, 4421596.163365424610674 ], [ 481023.524247510533314, 4421893.61141296941787 ], [ 480923.417775531939697, 4422001.29964757617563 ], [ 480784.039573825488333, 4421981.560528452508152 ], [ 480399.381459011812694, 4421986.424566221423447 ], [ 480386.897481584805064, 4421948.609051090665162 ] ] ] } },
{ "type": "Feature", "properties": { "geoid": "14000US42101007400", "name": "Census Tract 74, Philadelphia, PA", "income": 27902.0, "income_moe": 10533.0, "poverty_universe": 3624.0, "below_poverty": 1341.0, "universe_moe": 816.0, "below_poverty_moe": 829.0, "poverty_pct": 37.003311258278146 }, "geometry": { "type": "Polygon", "coordinates": [ [ [ 481072.615344153949991, 4421193.69759566616267 ], [ 481572.18229583237553, 4420641.853340378031135 ], [ 482108.001506280270405, 4421125.047720009461045 ], [ 482171.45061083015753, 4421185.721513238735497 ], [ 482243.818377467629034, 4421261.247695287689567 ], [ 482198.878358950372785, 4421260.353577680885792 ], [ 482161.810358113318216, 4421301.173480676487088 ], [ 482260.272241952072363, 4421393.176306035369635 ], [ 482247.705668520356994, 4421426.391520790755749 ], [ 481940.608427447732538, 4421763.190204220823944 ], [ 481632.562778266496025, 4421482.344716845080256 ], [ 481450.126266553241294, 4421535.506641103886068 ], [ 481112.516513232258148, 4421229.559380171820521 ], [ 481072.615344153949991, 4421193.69759566616267 ] ] ] } },
{ "type": "Feature", "properties": { "geoid": "14000US42101007700", "name": "Census Tract 77, Philadelphia, PA", "income": 48021.0, "income_moe": 10976.0, "poverty_universe": 1341.0, "below_poverty": 268.0, "universe_moe": 193.0, "below_poverty_moe": 89.0, "poverty_pct": 19.985085756897838 }, "geometry": { "type": "Polygon", "coordinates": [ [ [ 481840.852711063111201, 4422095.953134272247553 ], [ 482051.726879814523272, 4421862.263766437768936 ], [ 481940.608427447732538, 4421763.190204220823944 ], [ 482247.705668520356994, 4421426.391520790755749 ], [ 482260.272241952072363, 4421393.176306035369635 ], [ 482161.810358113318216, 4421301.173480676487088 ], [ 482198.878358950372785, 4421260.353577680885792 ], [ 482243.818377467629034, 4421261.247695287689567 ], [ 482271.911067726323381, 4421291.593535074964166 ], [ 482346.190514686051756, 4421381.877893070690334 ], [ 482385.162884820776526, 4421425.517747248522937 ], [ 482446.39070062036626, 4421488.19678021594882 ], [ 482481.747124515590258, 4421520.191521408036351 ], [ 482469.568157479749061, 4421536.53502440918237 ], [ 482460.255403847375419, 4421573.294086616486311 ], [ 482463.00267486757366, 4421579.170229059644043 ], [ 482455.373832327430137, 4421679.411633892916143 ], [ 482312.889251357701141, 4421867.97976113576442 ], [ 482431.963755698350724, 4422011.880322971381247 ], [ 482423.62034164799843, 4422209.350687491707504 ], [ 482228.408801014651544, 4422200.480178570374846 ], [ 482022.095868687727489, 4422157.122952803038061 ], [ 481953.644062483508606, 4422145.408780496567488 ], [ 481811.70857763994718, 4422125.656952597200871 ], [ 481840.852711063111201, 4422095.953134272247553 ] ] ] } },
{ "type": "Feature", "properties": { "geoid": "14000US42101007800", "name": "Census Tract 78, Philadelphia, PA", "income": 64294.0, "income_moe": 21519.0, "poverty_universe": 4563.0, "below_poverty": 946.0, "universe_moe": 600.0, "below_poverty_moe": 507.0, "poverty_pct": 20.731974578128423 }, "geometry": { "type": "Polygon", "coordinates": [ [ [ 481023.524247510533314, 4421893.61141296941787 ], [ 481290.862120022065938, 4421596.163365424610674 ], [ 481279.21731893136166, 4421585.425925507210195 ], [ 481632.562778266496025, 4421482.344716845080256 ], [ 481718.098854712909088, 4421561.829881122335792 ], [ 482051.726879814523272, 4421862.263766437768936 ], [ 481840.852711063111201, 4422095.953134272247553 ], [ 481811.70857763994718, 4422125.656952597200871 ], [ 481680.971612866735086, 4422109.543512735515833 ], [ 481272.156449338479433, 4422049.603452760726213 ], [ 480923.417775531939697, 4422001.29964757617563 ], [ 481023.524247510533314, 4421893.61141296941787 ] ] ] } },
{ "type": "Feature", "properties": { "geoid": "14000US42101007900", "name": "Census Tract 79, Philadelphia, PA", "income": 79531.0, "income_moe": 22190.0, "poverty_universe": 4261.0, "below_poverty": 561.0, "universe_moe": 755.0, "below_poverty_moe": 295.0, "poverty_pct": 13.165923492137996 }, "geometry": { "type": "Polygon", "coordinates": [ [ [ 480923.417775531939697, 4422001.29964757617563 ], [ 481272.156449338479433, 4422049.603452760726213 ], [ 481680.971612866735086, 4422109.543512735515833 ], [ 481811.70857763994718, 4422125.656952597200871 ], [ 481809.419103367719799, 4422132.765776634216309 ], [ 481857.452072926156688, 4422430.326563250273466 ], [ 481013.331929186126217, 4422568.789543244056404 ], [ 480922.245997809921391, 4422010.958715785294771 ], [ 480923.417775531939697, 4422001.29964757617563 ] ] ] } },
{ "type": "Feature", "properties": { "geoid": "14000US42101008000", "name": "Census Tract 80, Philadelphia, PA", "income": 63359.0, "income_moe": 22321.0, "poverty_universe": 3644.0, "below_poverty": 425.0, "universe_moe": 790.0, "below_poverty_moe": 197.0, "poverty_pct": 11.663007683863885 }, "geometry": { "type": "Polygon", "coordinates": [ [ [ 480242.211602245806716, 4421991.380920298397541 ], [ 480399.381459011812694, 4421986.424566221423447 ], [ 480745.345761947857682, 4421983.101040268316865 ], [ 480759.266087557014544, 4421981.5120297241956 ], [ 480784.039573825488333, 4421981.560528452508152 ], [ 480923.417775531939697, 4422001.29964757617563 ], [ 480922.245997809921391, 4422010.958715785294771 ], [ 481013.331929186126217, 4422568.789543244056404 ], [ 480354.176468143006787, 4422676.566835545003414 ], [ 480244.209451855625957, 4422004.139606437645853 ], [ 480242.211602245806716, 4421991.380920298397541 ] ] ] } },
{ "type": "Feature", "properties": { "geoid": "14000US42101008101", "name": "Census Tract 81.01, Philadelphia, PA", "income": 37356.0, "income_moe": 25817.0, "poverty_universe": 2498.0, "below_poverty": 850.0, "universe_moe": 563.0, "below_poverty_moe": 509.0, "poverty_pct": 34.027221777421936 }, "geometry": { "type": "Polygon", "coordinates": [ [ [ 479493.066194096230902, 4421782.145195100456476 ], [ 479553.937349610379897, 4421799.518134441226721 ], [ 479730.80018955108244, 4421842.109996737912297 ], [ 479827.753088938829023, 4421871.820158920250833 ], [ 479846.564440750167705, 4421878.429811078123748 ], [ 479854.692234008980449, 4421883.069913163781166 ], [ 479920.772423908347264, 4421900.321019458584487 ], [ 479979.598422993731219, 4421920.366499166935682 ], [ 480206.841428281972185, 4421989.807828995399177 ], [ 480242.211602245806716, 4421991.380920298397541 ], [ 480270.866585544485133, 4422170.888741083443165 ], [ 479574.2021626001806, 4422284.601945995353162 ], [ 479501.243482744030189, 4421836.841351055540144 ], [ 479493.066194096230902, 4421782.145195100456476 ] ] ] } },
{ "type": "Feature", "properties": { "geoid": "14000US42101008102", "name": "Census Tract 81.02, Philadelphia, PA", "income": 49872.0, "income_moe": 11930.0, "poverty_universe": 5370.0, "below_poverty": 1014.0, "universe_moe": 1088.0, "below_poverty_moe": 629.0, "poverty_pct": 18.882681564245811 }, "geometry": { "type": "Polygon", "coordinates": [ [ [ 479574.2021626001806, 4422284.601945995353162 ], [ 480270.866585544485133, 4422170.888741083443165 ], [ 480298.969288942636922, 4422335.525455017574131 ], [ 480354.176468143006787, 4422676.566835545003414 ], [ 479656.875886359426659, 4422791.05143160931766 ], [ 479583.662351912062149, 4422340.293700246140361 ], [ 479574.2021626001806, 4422284.601945995353162 ] ] ] } },
{ "type": "Feature", "properties": { "geoid": "14000US42101008200", "name": "Census Tract 82, Philadelphia, PA", "income": 35741.0, "income_moe": 11460.0, "poverty_universe": 7481.0, "below_poverty": 2334.0, "universe_moe": 1015.0, "below_poverty_moe": 1286.0, "poverty_pct": 31.199037561823285 }, "geometry": { "type": "Polygon", "coordinates": [ [ [ 478509.940925306291319, 4422380.316247093491256 ], [ 478513.850242576911114, 4422373.201842808164656 ], [ 478523.737135280680377, 4422365.404652888886631 ], [ 478537.519022603752092, 4422345.387568733654916 ], [ 478548.882015946379397, 4422315.721158316358924 ], [ 478548.373067770793568, 4422286.643122185021639 ], [ 478545.080186717095785, 4422270.003840389661491 ], [ 478536.017767140408978, 4422236.954236646182835 ], [ 478527.604192557744682, 4422221.994239887222648 ], [ 478518.999095988110639, 4422199.709430913440883 ], [ 478515.177936562686227, 4422177.522136405110359 ], [ 478516.480884103919379, 4422154.876439081504941 ], [ 478521.058697436470538, 4422142.432622644118965 ], [ 478587.555299465660937, 4422064.330341479741037 ], [ 478582.411147241073195, 4422057.685376113280654 ], [ 478603.53432371391682, 4422035.538986617699265 ], [ 478608.462148556427564, 4422025.979991362430155 ], [ 478612.697869964526035, 4422013.315213475376368 ], [ 478626.137376579339616, 4421931.810656675137579 ], [ 478633.484154343488626, 4421901.378728367388248 ], [ 478650.206112206564285, 4421863.151228331960738 ], [ 478667.83499597304035, 4421843.678581875748932 ], [ 478691.967567845305894, 4421828.183444230817258 ], [ 478737.008433360490017, 4421774.338406538590789 ], [ 478777.983387002779637, 4421732.713885185308754 ], [ 478793.376027346646879, 4421707.587262076325715 ], [ 478794.874214467941783, 4421693.376347763463855 ], [ 478798.776129810081329, 4421683.376376640982926 ], [ 478855.655976689246017, 4421616.069334807805717 ], [ 478863.052913639578037, 4421603.284951190464199 ], [ 478866.76503139740089, 4421586.404152041301131 ], [ 478881.130647843296174, 4421560.39264140278101 ], [ 478892.318861497740727, 4421528.396486799232662 ], [ 478896.357441292901058, 4421505.965292544104159 ], [ 479205.232395953033119, 4421646.739981172606349 ], [ 479474.769546107796486, 4421776.533938298933208 ], [ 479493.066194096230902, 4421782.145195100456476 ], [ 479602.152258238405921, 4422450.568505267612636 ], [ 478850.450022675795481, 4422572.375961851328611 ], [ 478575.886384819634259, 4422623.532475705258548 ], [ 478556.098672105348669, 4422603.609856965951622 ], [ 478547.344174704281613, 4422588.761782527901232 ], [ 478542.434717126365285, 4422574.346853184513748 ], [ 478546.990444682654925, 4422554.13377814553678 ], [ 478546.959515056747478, 4422543.145817494019866 ], [ 478544.028409196645953, 4422533.608896083198488 ], [ 478510.461622685543261, 4422474.101636148057878 ], [ 478504.769787031691521, 4422454.916352804750204 ], [ 478504.394301193940919, 4422442.930452070198953 ], [ 478509.940925306291319, 4422380.316247093491256 ] ] ] } },
{ "type": "Feature", "properties": { "geoid": "14000US42101008301", "name": "Census Tract 83.01, Philadelphia, PA", "income": 32008.0, "income_moe": 11735.0, "poverty_universe": 3321.0, "below_poverty": 982.0, "universe_moe": 792.0, "below_poverty_moe": 811.0, "poverty_pct": 29.569406805179163 }, "geometry": { "type": "Polygon", "coordinates": [ [ [ 478572.486186007445212, 4423206.574826310388744 ], [ 478579.427815079572611, 4423184.468201384879649 ], [ 478590.212388168612961, 4423162.128804206848145 ], [ 478616.335981952492148, 4423127.204438548535109 ], [ 478631.811577559565194, 4423102.410150420852005 ], [ 478686.723129246965982, 4423038.103879272006452 ], [ 478705.297900545236189, 4423021.847343406639993 ], [ 478726.617446264950559, 4423009.689837066456676 ], [ 478731.555625555571169, 4423004.015540180727839 ], [ 478738.302303736563772, 4422973.030380556359887 ], [ 478733.029800442687701, 4422950.736016121692955 ], [ 478711.867102088814136, 4422927.376125371083617 ], [ 478708.421688749571331, 4422917.063641179352999 ], [ 478709.421854914398864, 4422908.181612530723214 ], [ 478720.265967523271684, 4422876.297071687877178 ], [ 478721.259955013345461, 4422865.195254165679216 ], [ 478717.713923723669723, 4422849.444517203606665 ], [ 478711.623089419212192, 4422840.027344333939254 ], [ 478689.391208485583775, 4422831.543219913728535 ], [ 478680.643749869952444, 4422819.025769625790417 ], [ 478667.361439424625132, 4422773.223899234086275 ], [ 478665.974586257711053, 4422766.013405048288405 ], [ 478667.645316453534178, 4422752.578889045864344 ], [ 478665.829824549029581, 4422744.814642941579223 ], [ 478659.807477004651446, 4422729.403838612139225 ], [ 478649.867751434154343, 4422718.221648016944528 ], [ 478641.782904280989897, 4422698.377020670101047 ], [ 478604.070462700619828, 4422652.532780853100121 ], [ 478575.886384819634259, 4422623.532475705258548 ], [ 478753.118943891488016, 4422589.073257838375866 ], [ 479096.435142420465127, 4422533.405643285252154 ], [ 479123.300790073699318, 4422705.367026766762137 ], [ 479268.782566426554695, 4423590.229430221952498 ], [ 478845.951794866414275, 4423659.650892657227814 ], [ 478838.277598135347944, 4423602.623067361302674 ], [ 478844.521575696999207, 4423575.191065406426787 ], [ 478844.070192974526435, 4423566.424067011103034 ], [ 478835.464112802757882, 4423542.917977403849363 ], [ 478830.255784523440525, 4423512.743025176227093 ], [ 478828.024363110482227, 4423478.120184208266437 ], [ 478820.878717943443917, 4423457.717789523303509 ], [ 478794.542195885675028, 4423416.05861157272011 ], [ 478785.85533242020756, 4423394.328654238954186 ], [ 478779.335801884299144, 4423384.135682835243642 ], [ 478771.885409749811515, 4423377.053044518455863 ], [ 478722.603182563616429, 4423346.224157891236246 ], [ 478685.781410201045219, 4423312.141998037695885 ], [ 478622.574654460360762, 4423280.686777191236615 ], [ 478595.706533363030758, 4423263.22570654284209 ], [ 478574.737249819969293, 4423247.745970346033573 ], [ 478571.895285500504542, 4423239.429674630984664 ], [ 478572.486186007445212, 4423206.574826310388744 ] ] ] } },
{ "type": "Feature", "properties": { "geoid": "14000US42101008302", "name": "Census Tract 83.02, Philadelphia, PA", "income": 41376.0, "income_moe": 12106.0, "poverty_universe": 4850.0, "below_poverty": 1417.0, "universe_moe": 838.0, "below_poverty_moe": 589.0, "poverty_pct": 29.216494845360824 }, "geometry": { "type": "Polygon", "coordinates": [ [ [ 479096.435142420465127, 4422533.405643285252154 ], [ 479602.152258238405921, 4422450.568505267612636 ], [ 479656.875886359426659, 4422791.05143160931766 ], [ 479488.593291580851655, 4422818.251180710271001 ], [ 479605.995055791689083, 4423535.266966111958027 ], [ 479268.782566426554695, 4423590.229430221952498 ], [ 479109.912039097689558, 4422619.830158969387412 ], [ 479096.435142420465127, 4422533.405643285252154 ] ] ] } },
{ "type": "Feature", "properties": { "geoid": "14000US42101008400", "name": "Census Tract 84, Philadelphia, PA", "income": 56232.0, "income_moe": 10100.0, "poverty_universe": 5079.0, "below_poverty": 848.0, "universe_moe": 1111.0, "below_poverty_moe": 432.0, "poverty_pct": 16.696200039377832 }, "geometry": { "type": "Polygon", "coordinates": [ [ [ 479488.593291580851655, 4422818.251180710271001 ], [ 480170.264901349903084, 4422706.56655740365386 ], [ 480287.60322181310039, 4423423.259514796547592 ], [ 479605.995055791689083, 4423535.266966111958027 ], [ 479498.484735633595847, 4422875.495579472742975 ], [ 479488.593291580851655, 4422818.251180710271001 ] ] ] } },
{ "type": "Feature", "properties": { "geoid": "14000US42101008500", "name": "Census Tract 85, Philadelphia, PA", "income": 36551.0, "income_moe": 12654.0, "poverty_universe": 6817.0, "below_poverty": 1743.0, "universe_moe": 1026.0, "below_poverty_moe": 569.0, "poverty_pct": 25.568431861522665 }, "geometry": { "type": "Polygon", "coordinates": [ [ [ 480170.264901349903084, 4422706.56655740365386 ], [ 481013.331929186126217, 4422568.789543244056404 ], [ 481131.192135775752831, 4423286.04851302690804 ], [ 480850.131611835618969, 4423330.479884207248688 ], [ 480802.323417654260993, 4423339.035453486256301 ], [ 480794.132485862006433, 4423342.38580477796495 ], [ 480287.60322181310039, 4423423.259514796547592 ], [ 480179.63943728886079, 4422764.035124000161886 ], [ 480170.264901349903084, 4422706.56655740365386 ] ] ] } },
{ "type": "Feature", "properties": { "geoid": "14000US42101008601", "name": "Census Tract 86.01, Philadelphia, PA", "income": 73818.0, "income_moe": 25241.0, "poverty_universe": 3605.0, "below_poverty": 509.0, "universe_moe": 555.0, "below_poverty_moe": 283.0, "poverty_pct": 14.119278779472955 }, "geometry": { "type": "Polygon", "coordinates": [ [ [ 481013.331929186126217, 4422568.789543244056404 ], [ 481857.452072926156688, 4422430.326563250273466 ], [ 481919.515553630248178, 4422810.76408196426928 ], [ 481666.271140773082152, 4422852.10250807646662 ], [ 481645.551401782780886, 4422725.290656958706677 ], [ 481055.046917080588173, 4422821.632336489856243 ], [ 481020.951831758313347, 4422610.169892323203385 ], [ 481013.331929186126217, 4422568.789543244056404 ] ] ] } },
{ "type": "Feature", "properties": { "geoid": "14000US42101008602", "name": "Census Tract 86.02, Philadelphia, PA", "income": 37167.0, "income_moe": 9084.0, "poverty_universe": 2667.0, "below_poverty": 501.0, "universe_moe": 518.0, "below_poverty_moe": 210.0, "poverty_pct": 18.785151856017997 }, "geometry": { "type": "Polygon", "coordinates": [ [ [ 481055.046917080588173, 4422821.632336489856243 ], [ 481645.551401782780886, 4422725.290656958706677 ], [ 481666.271140773082152, 4422852.10250807646662 ], [ 481919.515553630248178, 4422810.76408196426928 ], [ 481974.807730105530936, 4423147.59917245991528 ], [ 481131.192135775752831, 4423286.04851302690804 ], [ 481081.514968809788115, 4422989.27278464846313 ], [ 481064.760987705318257, 4422880.987949658185244 ], [ 481055.046917080588173, 4422821.632336489856243 ] ] ] } },
{ "type": "Feature", "properties": { "geoid": "14000US42101008701", "name": "Census Tract 87.01, Philadelphia, PA", "income": 62083.0, "income_moe": 6555.0, "poverty_universe": 4147.0, "below_poverty": 677.0, "universe_moe": 592.0, "below_poverty_moe": 255.0, "poverty_pct": 16.325054256088738 }, "geometry": { "type": "Polygon", "coordinates": [ [ [ 481811.70857763994718, 4422125.656952597200871 ], [ 481953.644062483508606, 4422145.408780496567488 ], [ 482022.095868687727489, 4422157.122952803038061 ], [ 482124.566778534383047, 4422177.748071753419936 ], [ 482126.208547023590654, 4422185.735501131974161 ], [ 482123.884655494068284, 4422214.709339751861989 ], [ 482122.834524781967048, 4422276.866204634308815 ], [ 482118.21183483034838, 4422381.873605785891414 ], [ 482124.9156305170618, 4422508.608503798022866 ], [ 482210.250273597601335, 4423021.183038029819727 ], [ 482223.347807568323333, 4423106.947848172858357 ], [ 481974.807730105530936, 4423147.59917245991528 ], [ 481829.459561031602789, 4422261.799369449727237 ], [ 481809.419103367719799, 4422132.765776634216309 ], [ 481811.70857763994718, 4422125.656952597200871 ] ] ] } },
{ "type": "Feature", "properties": { "geoid": "14000US42101008702", "name": "Census Tract 87.02, Philadelphia, PA", "income": 51971.0, "income_moe": 24758.0, "poverty_universe": 3308.0, "below_poverty": 1313.0, "universe_moe": 609.0, "below_poverty_moe": 455.0, "poverty_pct": 39.691656590084641 }, "geometry": { "type": "Polygon", "coordinates": [ [ [ 482118.21183483034838, 4422381.873605785891414 ], [ 482122.834524781967048, 4422276.866204634308815 ], [ 482123.884655494068284, 4422214.709339751861989 ], [ 482126.208547023590654, 4422185.735501131974161 ], [ 482124.566778534383047, 4422177.748071753419936 ], [ 482228.408801014651544, 4422200.480178570374846 ], [ 482423.62034164799843, 4422209.350687491707504 ], [ 482418.696579529554583, 4422333.78181482013315 ], [ 482420.242346510116477, 4422337.329929187893867 ], [ 482449.889971928205341, 4422525.611649686470628 ], [ 482509.317884818068705, 4422887.413592483848333 ], [ 482535.701085228996817, 4422883.0244699139148 ], [ 482563.419302467838861, 4423051.443957520648837 ], [ 482223.347807568323333, 4423106.947848172858357 ], [ 482210.250273597601335, 4423021.183038029819727 ], [ 482124.9156305170618, 4422508.608503798022866 ], [ 482119.336880295420997, 4422388.086407895199955 ], [ 482118.21183483034838, 4422381.873605785891414 ] ] ] } },
{ "type": "Feature", "properties": { "geoid": "14000US42101008801", "name": "Census Tract 88.01, Philadelphia, PA", "income": 33400.0, "income_moe": 15576.0, "poverty_universe": 750.0, "below_poverty": 358.0, "universe_moe": 277.0, "below_poverty_moe": 192.0, "poverty_pct": 47.733333333333334 }, "geometry": { "type": "Polygon", "coordinates": [ [ [ 482847.549890553462319, 4422388.854576723650098 ], [ 483151.367755468352698, 4422339.67429413087666 ], [ 483171.832886334159411, 4422478.144536501727998 ], [ 483185.152241841773503, 4422552.811385624110699 ], [ 483187.12543364870362, 4422556.691681448370218 ], [ 483193.099823786236811, 4422593.194205745123327 ], [ 483193.034231772762723, 4422602.184538666158915 ], [ 483233.648751876025926, 4422853.709405547939241 ], [ 483248.529213508765679, 4422939.693951222114265 ], [ 482949.601769087137654, 4422988.193647505715489 ], [ 482894.350623379868921, 4422650.907749687321484 ], [ 482859.837808337411843, 4422459.194576980546117 ], [ 482847.549890553462319, 4422388.854576723650098 ] ] ] } },
{ "type": "Feature", "properties": { "geoid": "14000US42101008802", "name": "Census Tract 88.02, Philadelphia, PA", "income": 25106.0, "income_moe": 10596.0, "poverty_universe": 2807.0, "below_poverty": 1547.0, "universe_moe": 592.0, "below_poverty_moe": 578.0, "poverty_pct": 55.112219451371573 }, "geometry": { "type": "Polygon", "coordinates": [ [ [ 482418.696579529554583, 4422333.78181482013315 ], [ 482431.963755698350724, 4422011.880322971381247 ], [ 482473.855994482059032, 4422063.838169417344034 ], [ 482485.391021013376303, 4422065.032545443624258 ], [ 482658.136072193621658, 4422147.65804962720722 ], [ 482821.266826052393299, 4422211.107861361466348 ], [ 482832.971167032315861, 4422211.747430827468634 ], [ 482902.947655196243431, 4422180.512966049835086 ], [ 482938.173748485394754, 4422156.571199673227966 ], [ 482954.279938649735413, 4422139.220736901275814 ], [ 482950.288890969706699, 4422149.884695329703391 ], [ 482944.96312660042895, 4422174.869342579506338 ], [ 482945.648002115951385, 4422213.714285025373101 ], [ 482949.187057105591521, 4422230.132877327501774 ], [ 482964.659510030644014, 4422273.273366120643914 ], [ 482983.916150666074827, 4422366.239926848560572 ], [ 482847.549890553462319, 4422388.854576723650098 ], [ 482894.350623379868921, 4422650.907749687321484 ], [ 482949.601769087137654, 4422988.193647505715489 ], [ 482563.419302467838861, 4423051.443957520648837 ], [ 482535.701085228996817, 4422883.0244699139148 ], [ 482509.317884818068705, 4422887.413592483848333 ], [ 482420.242346510116477, 4422337.329929187893867 ], [ 482418.696579529554583, 4422333.78181482013315 ] ] ] } },
{ "type": "Feature", "properties": { "geoid": "14000US42101009000", "name": "Census Tract 90, Philadelphia, PA", "income": 38538.0, "income_moe": 4662.0, "poverty_universe": 3187.0, "below_poverty": 1580.0, "universe_moe": 710.0, "below_poverty_moe": 579.0, "poverty_pct": 49.576404141826167 }, "geometry": { "type": "Polygon", "coordinates": [ [ [ 483405.817780619836412, 4423625.046534232795238 ], [ 483466.622963786590844, 4423190.055134790949523 ], [ 483460.871022368082777, 4423176.52683028485626 ], [ 483456.380473582830746, 4423153.894607 ], [ 483416.649269372690469, 4422911.689721581526101 ], [ 484021.860031690157484, 4422812.170598743483424 ], [ 484034.158073980768677, 4422892.834523836150765 ], [ 484040.678864841116592, 4422906.805600591003895 ], [ 484052.058950323727913, 4422916.326913303695619 ], [ 484063.935476999322418, 4422918.188896960578859 ], [ 484214.724356841761619, 4422892.458354756236076 ], [ 484242.090897697024047, 4422991.404759825207293 ], [ 484135.589707998151425, 4423037.131629617884755 ], [ 484111.452340809686575, 4423053.719427636824548 ], [ 484088.856907318637241, 4423072.412893129512668 ], [ 484070.112330658361316, 4423094.539065341465175 ], [ 484059.92020818637684, 4423121.974909543059766 ], [ 484055.607860485848505, 4423142.850052859634161 ], [ 484050.987576193583664, 4423179.819395856000483 ], [ 484050.146180985029787, 4423267.50327455252409 ], [ 484052.550134721153881, 4423355.069382131099701 ], [ 484059.029305956268217, 4423471.817361093126237 ], [ 484060.725747628428508, 4423588.686360356397927 ], [ 484057.492726670228876, 4423676.264307778328657 ], [ 484051.257277089753188, 4423716.677756370045245 ], [ 483414.532850435585715, 4423626.692409157752991 ], [ 483405.817780619836412, 4423625.046534232795238 ] ] ] } },
{ "type": "Feature", "properties": { "geoid": "14000US42101009100", "name": "Census Tract 91, Philadelphia, PA", "income": 36231.0, "income_moe": 13218.0, "poverty_universe": 2951.0, "below_poverty": 1136.0, "universe_moe": 340.0, "below_poverty_moe": 286.0, "poverty_pct": 38.495425279566248 }, "geometry": { "type": "Polygon", "coordinates": [ [ [ 482761.764071843121201, 4423095.94366801995784 ], [ 482750.575544320454355, 4423020.717704107053578 ], [ 483416.649269372690469, 4422911.689721581526101 ], [ 483456.380473582830746, 4423153.894607 ], [ 483460.871022368082777, 4423176.52683028485626 ], [ 483466.622963786590844, 4423190.055134790949523 ], [ 483405.817780619836412, 4423625.046534232795238 ], [ 482906.969849351211451, 4423554.671727102249861 ], [ 482727.619752400089055, 4423519.559354858472943 ], [ 482761.764071843121201, 4423095.94366801995784 ] ] ] } },
{ "type": "Feature", "properties": { "geoid": "14000US42101009200", "name": "Census Tract 92, Philadelphia, PA", "income": 64250.0, "income_moe": 21450.0, "poverty_universe": 3255.0, "below_poverty": 762.0, "universe_moe": 659.0, "below_poverty_moe": 397.0, "poverty_pct": 23.410138248847925 }, "geometry": { "type": "Polygon", "coordinates": [ [ [ 481720.463889947743155, 4423188.938483062200248 ], [ 482750.575544320454355, 4423020.717704107053578 ], [ 482761.764071843121201, 4423095.94366801995784 ], [ 482717.2499687509262, 4423654.546938485465944 ], [ 482152.061216817877721, 4423595.027372733689845 ], [ 482022.738140810921323, 4423624.188890117220581 ], [ 481899.947747771278955, 4423634.579732085578144 ], [ 481803.330715178861283, 4423625.375709163025022 ], [ 481750.299493551021442, 4423342.81039004959166 ], [ 481720.463889947743155, 4423188.938483062200248 ] ] ] } },
{ "type": "Feature", "properties": { "geoid": "14000US42101009300", "name": "Census Tract 93, Philadelphia, PA", "income": 42232.0, "income_moe": 17118.0, "poverty_universe": 4210.0, "below_poverty": 1039.0, "universe_moe": 669.0, "below_poverty_moe": 502.0, "poverty_pct": 24.679334916864608 }, "geometry": { "type": "Polygon", "coordinates": [ [ [ 480471.670720694819465, 4423394.039018891751766 ], [ 480794.132485862006433, 4423342.38580477796495 ], [ 480802.323417654260993, 4423339.035453486256301 ], [ 480850.131611835618969, 4423330.479884207248688 ], [ 481280.173785890918225, 4423261.596150586381555 ], [ 481230.54306800494669, 4423674.824107472784817 ], [ 481207.192544269782957, 4423764.672852689400315 ], [ 480909.603337424225174, 4423852.207226043567061 ], [ 480878.889421289088205, 4423864.826168147847056 ], [ 480860.619992911757436, 4423867.646805179305375 ], [ 480745.797888914938085, 4423919.879654223099351 ], [ 480679.371318332559895, 4423960.448347821831703 ], [ 480540.340746510133613, 4424029.616302730515599 ], [ 480555.481481259746943, 4423905.379341489635408 ], [ 480500.045457249740139, 4423568.221208331175148 ], [ 480471.670720694819465, 4423394.039018891751766 ] ] ] } },
{ "type": "Feature", "properties": { "geoid": "14000US42101009400", "name": "Census Tract 94, Philadelphia, PA", "income": 34977.0, "income_moe": 12553.0, "poverty_universe": 3604.0, "below_poverty": 802.0, "universe_moe": 645.0, "below_poverty_moe": 291.0, "poverty_pct": 22.253052164261931 }, "geometry": { "type": "Polygon", "coordinates": [ [ [ 479774.773757878225297, 4423507.735391386784613 ], [ 480195.996601752005517, 4423437.703838267363608 ], [ 480471.670720694819465, 4423394.039018891751766 ], [ 480555.481481259746943, 4423905.379341489635408 ], [ 479858.631623159861192, 4424019.623252954334021 ], [ 479786.14533772924915, 4423576.741262949071825 ], [ 479774.773757878225297, 4423507.735391386784613 ] ] ] } },
{ "type": "Feature", "properties": { "geoid": "14000US42101009500", "name": "Census Tract 95, Philadelphia, PA", "income": 30189.0, "income_moe": 22119.0, "poverty_universe": 3758.0, "below_poverty": 1462.0, "universe_moe": 829.0, "below_poverty_moe": 775.0, "poverty_pct": 38.903672166045766 }, "geometry": { "type": "Polygon", "coordinates": [ [ [ 479437.217849698499776, 4423562.913275134749711 ], [ 479774.773757878225297, 4423507.735391386784613 ], [ 479901.17005390743725, 4424281.559537739492953 ], [ 479872.261694458196871, 4424491.408052531071007 ], [ 479578.553679369331803, 4424449.680466361343861 ], [ 479578.835753645922523, 4424427.481588367372751 ], [ 479466.215296749724075, 4423737.756068920716643 ], [ 479437.217849698499776, 4423562.913275134749711 ] ] ] } },
{ "type": "Feature", "properties": { "geoid": "14000US42101009600", "name": "Census Tract 96, Philadelphia, PA", "income": 40787.0, "income_moe": 15673.0, "poverty_universe": 3586.0, "below_poverty": 1239.0, "universe_moe": 772.0, "below_poverty_moe": 494.0, "poverty_pct": 34.551031790295596 }, "geometry": { "type": "Polygon", "coordinates": [ [ [ 478867.104371877154335, 4423834.180335669778287 ], [ 478871.103284106648061, 4423828.730705747380853 ], [ 478878.863990952610038, 4423824.713525113649666 ], [ 478895.856058578297962, 4423823.445538230240345 ], [ 478916.875955738942139, 4423827.161016843281686 ], [ 478954.26706927124178, 4423821.286121022887528 ], [ 478925.772133101650979, 4423646.998740115202963 ], [ 479437.217849698499776, 4423562.913275134749711 ], [ 479548.623941027268302, 4424243.76222557015717 ], [ 478946.65322931756964, 4424341.964097511954606 ], [ 478865.603430063871201, 4423847.281387101858854 ], [ 478867.104371877154335, 4423834.180335669778287 ] ] ] } },
{ "type": "Feature", "properties": { "geoid": "14000US42101009801", "name": "Census Tract 98.01, Philadelphia, PA", "income": 78325.0, "income_moe": 12188.0, "poverty_universe": 2534.0, "below_poverty": 183.0, "universe_moe": 552.0, "below_poverty_moe": 130.0, "poverty_pct": 7.2217837411207579 }, "geometry": { "type": "Polygon", "coordinates": [ [ [ 476919.169493269873783, 4425349.531209325417876 ], [ 477150.31385605892865, 4424979.234128792770207 ], [ 477323.981963297235779, 4425087.375154093839228 ], [ 477434.672706215234939, 4424951.415442845784128 ], [ 477558.453594231046736, 4425083.350839900784194 ], [ 477537.834340119035915, 4425098.728379242122173 ], [ 477625.34108571941033, 4425208.573764267377555 ], [ 477629.207710999646224, 4425216.77573324739933 ], [ 477631.626633723033592, 4425226.313847939483821 ], [ 477631.14266735734418, 4425235.971481259912252 ], [ 477624.704670123988762, 4425253.526964692398906 ], [ 477607.579480877844617, 4425266.452254514209926 ], [ 477628.779919663618784, 4425303.68289914354682 ], [ 477554.175244293583091, 4425341.084419703111053 ], [ 477519.493052124103997, 4425365.049792100675404 ], [ 477294.436262914503459, 4425488.140641712583601 ], [ 477283.793515194498468, 4425498.383559740148485 ], [ 477189.058559013414197, 4425570.034019527025521 ], [ 477147.01206466963049, 4425614.667515466921031 ], [ 477119.470967427070718, 4425655.816922562196851 ], [ 476834.130081917624921, 4425492.190976050682366 ], [ 476919.169493269873783, 4425349.531209325417876 ] ] ] } },
{ "type": "Feature", "properties": { "geoid": "14000US42101009802", "name": "Census Tract 98.02, Philadelphia, PA", "income": 88764.0, "income_moe": 22614.0, "poverty_universe": 5820.0, "below_poverty": 1008.0, "universe_moe": 1005.0, "below_poverty_moe": 523.0, "poverty_pct": 17.319587628865978 }, "geometry": { "type": "Polygon", "coordinates": [ [ [ 476443.903638134652283, 4425268.076310409232974 ], [ 476697.012357273779344, 4424854.632960737682879 ], [ 476803.521087111323141, 4424693.925887191668153 ], [ 477002.374600813549478, 4424796.322407986037433 ], [ 477012.997528862440959, 4424779.308725614100695 ], [ 477025.766399548621848, 4424765.951285521499813 ], [ 477044.954580904101022, 4424757.458116909489036 ], [ 477065.73855252424255, 4424740.080918364226818 ], [ 477065.442596930020954, 4424726.87389109749347 ], [ 477150.081388122809585, 4424645.596131630241871 ], [ 477140.827848880901001, 4424606.888080418109894 ], [ 477316.803596959158313, 4424454.748450285755098 ], [ 477466.332481447199825, 4424598.037737816572189 ], [ 477635.342863934289198, 4424747.15523502137512 ], [ 477802.832227429724298, 4424933.351852906867862 ], [ 477803.915805317519698, 4424953.549033179879189 ], [ 477814.57456642750185, 4424948.30140371248126 ], [ 477814.300548938219436, 4425000.800886012613773 ], [ 477804.570174967811909, 4425031.573714239522815 ], [ 477789.362915000820067, 4425058.255865857936442 ], [ 477756.821553506480996, 4425084.988661198876798 ], [ 477742.754555277817417, 4425092.688134792260826 ], [ 477736.137426854518708, 4425224.342703414149582 ], [ 477724.941776272840798, 4425250.236331614665687 ], [ 477724.960282624815591, 4425256.562760652974248 ], [ 477628.779919663618784, 4425303.68289914354682 ], [ 477607.579480877844617, 4425266.452254514209926 ], [ 477624.704670123988762, 4425253.526964692398906 ], [ 477629.032083910598885, 4425244.19101108238101 ], [ 477631.626633723033592, 4425226.313847939483821 ], [ 477629.207710999646224, 4425216.77573324739933 ], [ 477625.34108571941033, 4425208.573764267377555 ], [ 477537.834340119035915, 4425098.728379242122173 ], [ 477558.453594231046736, 4425083.350839900784194 ], [ 477434.672706215234939, 4424951.415442845784128 ], [ 477323.981963297235779, 4425087.375154093839228 ], [ 477150.31385605892865, 4424979.234128792770207 ], [ 476919.169493269873783, 4425349.531209325417876 ], [ 476834.130081917624921, 4425492.190976050682366 ], [ 476478.378166810434777, 4425288.392098584212363 ], [ 476443.903638134652283, 4425268.076310409232974 ] ] ] } },
{ "type": "Feature", "properties": { "geoid": "14000US42101010000", "name": "Census Tract 100, Philadelphia, PA", "income": 50222.0, "income_moe": 18279.0, "poverty_universe": 5696.0, "below_poverty": 1841.0, "universe_moe": 1065.0, "below_poverty_moe": 979.0, "poverty_pct": 32.320926966292134 }, "geometry": { "type": "Polygon", "coordinates": [ [ [ 478233.134355010581203, 4424757.188282836228609 ], [ 478245.403941302967723, 4424628.070945323444903 ], [ 478213.248925003921613, 4424462.675634736195207 ], [ 478609.482935628853738, 4424397.62191045563668 ], [ 478565.710037395649124, 4424137.471826908178627 ], [ 478554.042291443562135, 4424057.924371792934835 ], [ 478598.257905160891823, 4424049.80869438778609 ], [ 478638.217524848529138, 4424046.69978634826839 ], [ 478891.23402294004336, 4424004.705966875888407 ], [ 478946.65322931756964, 4424341.964097511954606 ], [ 478862.403749226767104, 4424356.182252725586295 ], [ 478915.740093624044675, 4424681.792090862989426 ], [ 478913.118364995869342, 4424691.011578591540456 ], [ 478866.307437741779722, 4425024.335559141822159 ], [ 478208.356391527166124, 4424931.514715882949531 ], [ 478233.134355010581203, 4424757.188282836228609 ] ] ] } },
{ "type": "Feature", "properties": { "geoid": "14000US42101010100", "name": "Census Tract 101, Philadelphia, PA", "income": 47626.0, "income_moe": 5998.0, "poverty_universe": 6579.0, "below_poverty": 953.0, "universe_moe": 1187.0, "below_poverty_moe": 584.0, "poverty_pct": 14.48548411612707 }, "geometry": { "type": "Polygon", "coordinates": [ [ [ 478862.403749226767104, 4424356.182252725586295 ], [ 479548.623941027268302, 4424243.76222557015717 ], [ 479578.835753645922523, 4424427.481588367372751 ], [ 479578.553679369331803, 4424449.680466361343861 ], [ 479722.076581130444538, 4424470.163246620446444 ], [ 479628.628425917064305, 4425131.916981687769294 ], [ 478866.307437741779722, 4425024.335559141822159 ], [ 478913.118364995869342, 4424691.011578591540456 ], [ 478915.740093624044675, 4424681.792090862989426 ], [ 478889.94135962089058, 4424524.367746867239475 ], [ 478862.403749226767104, 4424356.182252725586295 ] ] ] } },
{ "type": "Feature", "properties": { "geoid": "14000US42101010200", "name": "Census Tract 102, Philadelphia, PA", "income": 22004.0, "income_moe": 21126.0, "poverty_universe": 3188.0, "below_poverty": 1329.0, "universe_moe": 676.0, "below_poverty_moe": 524.0, "poverty_pct": 41.687578419071521 }, "geometry": { "type": "Polygon", "coordinates": [ [ [ 479858.631623159861192, 4424019.623252954334021 ], [ 480555.481481259746943, 4423905.379341489635408 ], [ 480496.44953037641244, 4424365.363768214359879 ], [ 480467.013318741228431, 4424575.433284893631935 ], [ 479872.261694458196871, 4424491.408052531071007 ], [ 479901.17005390743725, 4424281.559537739492953 ], [ 479879.722624230198562, 4424147.650576270185411 ], [ 479858.631623159861192, 4424019.623252954334021 ] ] ] } },
{ "type": "Feature", "properties": { "geoid": "14000US42101010300", "name": "Census Tract 103, Philadelphia, PA", "income": 35008.0, "income_moe": 4650.0, "poverty_universe": 2104.0, "below_poverty": 738.0, "universe_moe": 533.0, "below_poverty_moe": 343.0, "poverty_pct": 35.076045627376423 }, "geometry": { "type": "Polygon", "coordinates": [ [ [ 480496.44953037641244, 4424365.363768214359879 ], [ 480540.340746510133613, 4424029.616302730515599 ], [ 480679.371318332559895, 4423960.448347821831703 ], [ 480745.797888914938085, 4423919.879654223099351 ], [ 480819.243069336225744, 4423885.176363235339522 ], [ 480860.619992911757436, 4423867.646805179305375 ], [ 480878.889421289088205, 4423864.826168147847056 ], [ 480909.603337424225174, 4423852.207226043567061 ], [ 481044.359122886264231, 4423812.913112559355795 ], [ 481038.237596486869734, 4423858.323408355936408 ], [ 481002.971541060251184, 4424066.185289966873825 ], [ 480997.530086005688645, 4424110.151067678816617 ], [ 480988.422015096759424, 4424156.345811552368104 ], [ 480946.30382678337628, 4424423.272107757627964 ], [ 480753.753418106993195, 4424398.228400939144194 ], [ 480714.239495213027112, 4424610.653204061090946 ], [ 480467.013318741228431, 4424575.433284893631935 ], [ 480496.44953037641244, 4424365.363768214359879 ] ] ] } },
{ "type": "Feature", "properties": { "geoid": "14000US42101010400", "name": "Census Tract 104, Philadelphia, PA", "income": 30168.0, "income_moe": 27036.0, "poverty_universe": 3701.0, "below_poverty": 1761.0, "universe_moe": 779.0, "below_poverty_moe": 865.0, "poverty_pct": 47.581734666306403 }, "geometry": { "type": "Polygon", "coordinates": [ [ [ 480988.422015096759424, 4424156.345811552368104 ], [ 480997.530086005688645, 4424110.151067678816617 ], [ 481002.971541060251184, 4424066.185289966873825 ], [ 481038.237596486869734, 4423858.323408355936408 ], [ 481044.359122886264231, 4423812.913112559355795 ], [ 481207.192544269782957, 4423764.672852689400315 ], [ 481230.54306800494669, 4423674.824107472784817 ], [ 481280.173785890918225, 4423261.596150586381555 ], [ 481465.697057883429807, 4423230.842282073572278 ], [ 481536.769048083922826, 4423622.576334327459335 ], [ 481508.876647051889449, 4423918.766151703894138 ], [ 481501.08832477114629, 4423982.271541051566601 ], [ 481497.137551127991173, 4424043.436825573444366 ], [ 481454.240409014455508, 4424489.056645486503839 ], [ 480946.30382678337628, 4424423.272107757627964 ], [ 480988.422015096759424, 4424156.345811552368104 ] ] ] } },
{ "type": "Feature", "properties": { "geoid": "14000US42101010500", "name": "Census Tract 105, Philadelphia, PA", "income": 37677.0, "income_moe": 23144.0, "poverty_universe": 3425.0, "below_poverty": 1271.0, "universe_moe": 621.0, "below_poverty_moe": 489.0, "poverty_pct": 37.10948905109489 }, "geometry": { "type": "Polygon", "coordinates": [ [ [ 481432.173909781035036, 4424720.303557029925287 ], [ 481497.137551127991173, 4424043.436825573444366 ], [ 481501.08832477114629, 4423982.271541051566601 ], [ 481508.876647051889449, 4423918.766151703894138 ], [ 481536.769048083922826, 4423622.576334327459335 ], [ 481465.697057883429807, 4423230.842282073572278 ], [ 481720.463889947743155, 4423188.938483062200248 ], [ 481803.330715178861283, 4423625.375709163025022 ], [ 481899.947747771278955, 4423634.579732085578144 ], [ 482016.845099976460915, 4423624.202797732315958 ], [ 481952.359068548190407, 4424307.500675602816045 ], [ 481883.976009437406901, 4424783.36795512586832 ], [ 481878.656966490903869, 4424808.908416544087231 ], [ 481404.046152795956004, 4424741.793349520303309 ], [ 481432.173909781035036, 4424720.303557029925287 ] ] ] } },
{ "type": "Feature", "properties": { "geoid": "14000US42101010600", "name": "Census Tract 106, Philadelphia, PA", "income": 18018.0, "income_moe": 9279.0, "poverty_universe": 1512.0, "below_poverty": 733.0, "universe_moe": 238.0, "below_poverty_moe": 223.0, "poverty_pct": 48.478835978835981 }, "geometry": { "type": "Polygon", "coordinates": [ [ [ 482016.845099976460915, 4423624.202797732315958 ], [ 482022.738140810921323, 4423624.188890117220581 ], [ 482152.061216817877721, 4423595.027372733689845 ], [ 482717.2499687509262, 4423654.546938485465944 ], [ 482715.926278130966239, 4423673.418275528587401 ], [ 482718.857265461469069, 4423685.398568610660732 ], [ 482105.275228952523321, 4424184.051595383323729 ], [ 482094.035288208920974, 4424198.062791807577014 ], [ 482086.607319404894952, 4424198.857188707217574 ], [ 481952.359068548190407, 4424307.500675602816045 ], [ 482016.845099976460915, 4423624.202797732315958 ] ] ] } },
{ "type": "Feature", "properties": { "geoid": "14000US42101010700", "name": "Census Tract 107, Philadelphia, PA", "income": 49309.0, "income_moe": 12093.0, "poverty_universe": 3515.0, "below_poverty": 715.0, "universe_moe": 896.0, "below_poverty_moe": 353.0, "poverty_pct": 20.341394025604551 }, "geometry": { "type": "Polygon", "coordinates": [ [ [ 481927.38909014838282, 4424473.379524251446128 ], [ 481952.359068548190407, 4424307.500675602816045 ], [ 482086.607319404894952, 4424198.857188707217574 ], [ 482094.035288208920974, 4424198.062791807577014 ], [ 482105.275228952523321, 4424184.051595383323729 ], [ 482718.857265461469069, 4423685.398568610660732 ], [ 482721.708124225609936, 4423699.709839056245983 ], [ 482719.630636734771542, 4423725.131308807060122 ], [ 482602.97266345116077, 4424550.498639591038227 ], [ 482575.583659381605685, 4424560.6613724026829 ], [ 482410.362091830058489, 4424606.436215735971928 ], [ 482204.305005879490636, 4424680.834499389864504 ], [ 481883.976009437406901, 4424783.36795512586832 ], [ 481927.38909014838282, 4424473.379524251446128 ] ] ] } },
{ "type": "Feature", "properties": { "geoid": "14000US42101010800", "name": "Census Tract 108, Philadelphia, PA", "income": 35768.0, "income_moe": 4891.0, "poverty_universe": 4491.0, "below_poverty": 2100.0, "universe_moe": 1034.0, "below_poverty_moe": 753.0, "poverty_pct": 46.760187040748164 }, "geometry": { "type": "Polygon", "coordinates": [ [ [ 482719.630636734771542, 4423725.131308807060122 ], [ 482721.708124225609936, 4423699.709839056245983 ], [ 482715.926278130966239, 4423673.418275528587401 ], [ 482727.619752400089055, 4423519.559354858472943 ], [ 482906.969849351211451, 4423554.671727102249861 ], [ 483405.817780619836412, 4423625.046534232795238 ], [ 483320.622706087655388, 4424228.79727488476783 ], [ 483591.148096935183275, 4424099.794028772041202 ], [ 483576.915377298893873, 4424192.61252227332443 ], [ 483360.838569318526424, 4424264.448181768879294 ], [ 483282.085542199376505, 4424296.696805682964623 ], [ 482602.97266345116077, 4424550.498639591038227 ], [ 482719.630636734771542, 4423725.131308807060122 ] ] ] } },
{ "type": "Feature", "properties": { "geoid": "14000US42101010900", "name": "Census Tract 109, Philadelphia, PA", "income": 23525.0, "income_moe": 8092.0, "poverty_universe": 2718.0, "below_poverty": 1276.0, "universe_moe": 462.0, "below_poverty_moe": 436.0, "poverty_pct": 46.946284032376745 }, "geometry": { "type": "Polygon", "coordinates": [ [ [ 483405.817780619836412, 4423625.046534232795238 ], [ 484051.257277089753188, 4423716.677756370045245 ], [ 484034.245960383617785, 4423790.74379413574934 ], [ 484017.453002685040701, 4423846.607040020637214 ], [ 483995.191224813519511, 4423900.927954577840865 ], [ 483980.554618669964839, 4423926.042492013424635 ], [ 483962.582966480753385, 4423949.055266399867833 ], [ 483921.421320593683049, 4423990.763342414051294 ], [ 483855.185415468062274, 4424048.285351692698896 ], [ 483809.401911980181467, 4424084.67631312739104 ], [ 483759.76350722135976, 4424115.304281245917082 ], [ 483683.079225537192542, 4424157.977404604665935 ], [ 483576.915377298893873, 4424192.61252227332443 ], [ 483591.148096935183275, 4424099.794028772041202 ], [ 483483.138485119794495, 4424149.862065501511097 ], [ 483320.622706087655388, 4424228.79727488476783 ], [ 483405.817780619836412, 4423625.046534232795238 ] ] ] } },
{ "type": "Feature", "properties": { "geoid": "14000US42101011000", "name": "Census Tract 110, Philadelphia, PA", "income": 35323.0, "income_moe": 12777.0, "poverty_universe": 3290.0, "below_poverty": 1223.0, "universe_moe": 729.0, "below_poverty_moe": 709.0, "poverty_pct": 37.173252279635257 }, "geometry": { "type": "Polygon", "coordinates": [ [ [ 481883.976009437406901, 4424783.36795512586832 ], [ 482204.305005879490636, 4424680.834499389864504 ], [ 482410.362091830058489, 4424606.436215735971928 ], [ 482575.583659381605685, 4424560.6613724026829 ], [ 482816.539768974238541, 4424470.655724844895303 ], [ 482897.680835632781964, 4424514.758241387084126 ], [ 482950.29153241176391, 4424555.706713453866541 ], [ 482986.32205332594458, 4424590.921070135198534 ], [ 483006.791509315546136, 4424617.735034761019051 ], [ 483052.634341405064333, 4424726.292441390454769 ], [ 483043.838832683803048, 4424841.409031047485769 ], [ 483023.461545866623055, 4424970.536253071390092 ], [ 482603.968162134289742, 4424911.548119919374585 ], [ 481772.440967331756838, 4425314.05776859074831 ], [ 481883.976009437406901, 4424783.36795512586832 ] ] ] } },
{ "type": "Feature", "properties": { "geoid": "14000US42101011100", "name": "Census Tract 111, Philadelphia, PA", "income": 48179.0, "income_moe": 4504.0, "poverty_universe": 3668.0, "below_poverty": 1046.0, "universe_moe": 868.0, "below_poverty_moe": 635.0, "poverty_pct": 28.516902944383862 }, "geometry": { "type": "Polygon", "coordinates": [ [ [ 480467.013318741228431, 4424575.433284893631935 ], [ 480714.239495213027112, 4424610.653204061090946 ], [ 480753.753418106993195, 4424398.228400939144194 ], [ 481454.240409014455508, 4424489.056645486503839 ], [ 481432.173909781035036, 4424720.303557029925287 ], [ 481404.046152795956004, 4424741.793349520303309 ], [ 481878.656966490903869, 4424808.908416544087231 ], [ 481772.440967331756838, 4425314.05776859074831 ], [ 480946.204416944179684, 4425714.53691553324461 ], [ 480902.011662509699818, 4425728.854450927115977 ], [ 480868.626695309707429, 4425728.827276388183236 ], [ 480636.965626782737672, 4425252.485905662178993 ], [ 480346.586941237212159, 4425428.928094143047929 ], [ 480467.013318741228431, 4424575.433284893631935 ] ] ] } },
{ "type": "Feature", "properties": { "geoid": "14000US42101011200", "name": "Census Tract 112, Philadelphia, PA", "income": 24120.0, "income_moe": 12319.0, "poverty_universe": 5853.0, "below_poverty": 2718.0, "universe_moe": 1469.0, "below_poverty_moe": 1533.0, "poverty_pct": 46.437724243977449 }, "geometry": { "type": "Polygon", "coordinates": [ [ [ 479722.076581130444538, 4424470.163246620446444 ], [ 480467.013318741228431, 4424575.433284893631935 ], [ 480373.075501217565034, 4425237.400830023922026 ], [ 479628.628425917064305, 4425131.916981687769294 ], [ 479722.076581130444538, 4424470.163246620446444 ] ] ] } },
{ "type": "Feature", "properties": { "geoid": "14000US42101011300", "name": "Census Tract 113, Philadelphia, PA", "income": 46489.0, "income_moe": 7515.0, "poverty_universe": 3793.0, "below_poverty": 1420.0, "universe_moe": 696.0, "below_poverty_moe": 755.0, "poverty_pct": 37.437384655945159 }, "geometry": { "type": "Polygon", "coordinates": [ [ [ 479553.468464307719842, 4425666.317028330639005 ], [ 479560.836225108534563, 4425611.911744989454746 ], [ 479628.628425917064305, 4425131.916981687769294 ], [ 480373.075501217565034, 4425237.400830023922026 ], [ 480346.586941237212159, 4425428.928094143047929 ], [ 480182.393068063305691, 4425529.245326116681099 ], [ 480154.672706079785712, 4425540.749572622589767 ], [ 480023.604021368955728, 4425605.133989474736154 ], [ 479876.01510338333901, 4425653.137692645192146 ], [ 479590.064736777334474, 4425781.205338161438704 ], [ 479564.897878018789925, 4425725.444454757496715 ], [ 479557.847605712013319, 4425707.260884651914239 ], [ 479553.015776494343299, 4425688.516409170813859 ], [ 479553.468464307719842, 4425666.317028330639005 ] ] ] } },
{ "type": "Feature", "properties": { "geoid": "14000US42101011400", "name": "Census Tract 114, Philadelphia, PA", "income": 45444.0, "income_moe": 19601.0, "poverty_universe": 6318.0, "below_poverty": 1025.0, "universe_moe": 1053.0, "below_poverty_moe": 621.0, "poverty_pct": 16.223488445710668 }, "geometry": { "type": "Polygon", "coordinates": [ [ [ 478757.929750170558691, 4425447.179169362410903 ], [ 478778.560094362008385, 4425404.612145394086838 ], [ 478787.450856950425077, 4425377.727586217224598 ], [ 478795.461848934646696, 4425341.522258195094764 ], [ 478840.423533681954723, 4425020.633748445659876 ], [ 479628.628425917064305, 4425131.916981687769294 ], [ 479560.836225108534563, 4425611.911744989454746 ], [ 479553.468464307719842, 4425666.317028330639005 ], [ 479553.015776494343299, 4425688.516409170813859 ], [ 479564.897878018789925, 4425725.444454757496715 ], [ 479590.064736777334474, 4425781.205338161438704 ], [ 479615.637039434805047, 4425829.084871532395482 ], [ 479744.777071357064415, 4426101.555729219689965 ], [ 479731.889024295436684, 4426103.143903899937868 ], [ 479699.311067631759215, 4426116.993579430505633 ], [ 479660.224010343430564, 4426123.202412315644324 ], [ 479401.611952055362053, 4426155.197214558720589 ], [ 479125.947761886287481, 4426195.016923959366977 ], [ 479098.068268383853137, 4426209.300265852361917 ], [ 479073.880547832814045, 4426231.009956249967217 ], [ 479041.970898612053134, 4426300.911065687425435 ], [ 478840.656190606765449, 4426179.71087112929672 ], [ 478810.07454054657137, 4426173.913413573056459 ], [ 478741.575237262994051, 4426134.147638497874141 ], [ 478769.019661944010295, 4426086.455919943749905 ], [ 478795.982439705810975, 4425896.364260211586952 ], [ 478563.574944366526324, 4425745.290476878173649 ], [ 478757.929750170558691, 4425447.179169362410903 ] ] ] } },
{ "type": "Feature", "properties": { "geoid": "14000US42101011500", "name": "Census Tract 115, Philadelphia, PA", "income": 79443.0, "income_moe": 19637.0, "poverty_universe": 4766.0, "below_poverty": 786.0, "universe_moe": 829.0, "below_poverty_moe": 461.0, "poverty_pct": 16.491817037347882 }, "geometry": { "type": "Polygon", "coordinates": [ [ [ 478208.356391527166124, 4424931.514715882949531 ], [ 478840.423533681954723, 4425020.633748445659876 ], [ 478795.461848934646696, 4425341.522258195094764 ], [ 478787.450856950425077, 4425377.727586217224598 ], [ 478778.560094362008385, 4425404.612145394086838 ], [ 478770.586363903363235, 4425423.502817920409143 ], [ 478757.929750170558691, 4425447.179169362410903 ], [ 478563.574944366526324, 4425745.290476878173649 ], [ 478465.456028226704802, 4425680.193706232123077 ], [ 478436.861874798021745, 4425653.414829552173615 ], [ 478409.963242581987288, 4425622.413596699945629 ], [ 478388.861085884098429, 4425588.06627644598484 ], [ 478355.100829773873556, 4425516.351049421355128 ], [ 478336.320601923041977, 4425487.99078574962914 ], [ 478318.06708893290488, 4425464.734650633297861 ], [ 478290.414024378580507, 4425439.063553182408214 ], [ 478271.758026457973756, 4425424.465967308729887 ], [ 478241.909344764600974, 4425407.45860187895596 ], [ 478147.933514472329989, 4425360.334597843699157 ], [ 478208.356391527166124, 4424931.514715882949531 ] ] ] } },
{ "type": "Feature", "properties": { "geoid": "14000US42101011700", "name": "Census Tract 117, Philadelphia, PA", "income": 107431.0, "income_moe": 62174.0, "poverty_universe": 1008.0, "below_poverty": 224.0, "universe_moe": 284.0, "below_poverty_moe": 161.0, "poverty_pct": 22.222222222222221 }, "geometry": { "type": "Polygon", "coordinates": [ [ [ 478912.363893333356827, 4426669.093268658965826 ], [ 478943.616643019893672, 4426640.482044407166541 ], [ 478982.326808439043816, 4426622.616486581973732 ], [ 478962.392964576138183, 4426483.932763794437051 ], [ 478969.594288807187695, 4426463.823489433154464 ], [ 479041.970898612053134, 4426300.911065687425435 ], [ 479524.29089914902579, 4426595.722304656170309 ], [ 479626.024097932735458, 4426711.212912386283278 ], [ 479650.742860111698974, 4426728.461380057036877 ], [ 479681.091286967275664, 4426743.919040570966899 ], [ 479830.678255084552802, 4426781.813059904612601 ], [ 480048.042120073456317, 4426914.984282085672021 ], [ 480012.928321700775996, 4427294.887721025384963 ], [ 479914.165081715676934, 4427458.526641746982932 ], [ 478832.485820566886105, 4426803.059244550764561 ], [ 478912.363893333356827, 4426669.093268658965826 ] ] ] } },
{ "type": "Feature", "properties": { "geoid": "14000US42101011800", "name": "Census Tract 118, Philadelphia, PA", "income": 48762.0, "income_moe": 14653.0, "poverty_universe": 4400.0, "below_poverty": 1170.0, "universe_moe": 963.0, "below_poverty_moe": 847.0, "poverty_pct": 26.59090909090909 }, "geometry": { "type": "Polygon", "coordinates": [ [ [ 479073.880547832814045, 4426231.009956249967217 ], [ 479098.068268383853137, 4426209.300265852361917 ], [ 479125.947761886287481, 4426195.016923959366977 ], [ 479401.611952055362053, 4426155.197214558720589 ], [ 479660.224010343430564, 4426123.202412315644324 ], [ 479699.311067631759215, 4426116.993579430505633 ], [ 479731.889024295436684, 4426103.143903899937868 ], [ 479744.777071357064415, 4426101.555729219689965 ], [ 479615.637039434805047, 4425829.084871532395482 ], [ 479590.064736777334474, 4425781.205338161438704 ], [ 479876.01510338333901, 4425653.137692645192146 ], [ 480023.604021368955728, 4425605.133989474736154 ], [ 480182.393068063305691, 4425529.245326116681099 ], [ 480636.965626782737672, 4425252.485905662178993 ], [ 480676.87955608277116, 4425334.517601263709366 ], [ 480534.209670493553858, 4425406.469974562525749 ], [ 480491.790718466509134, 4425446.979147794656456 ], [ 480474.17473039223114, 4425469.999376714229584 ], [ 480460.494841924111824, 4425496.228276630863547 ], [ 480451.343881723645609, 4425523.777462336234748 ], [ 480449.711699558305554, 4425553.194193475879729 ], [ 480456.179461267427541, 4425611.336729438044131 ], [ 480464.87872688123025, 4425640.726948683150113 ], [ 480390.006336248712614, 4425677.657356973737478 ], [ 480375.280490123317577, 4425695.342828677035868 ], [ 480294.716666114865802, 4425842.169723639264703 ], [ 480296.89658983447589, 4425859.700626040808856 ], [ 480063.392704382480588, 4426745.904795812442899 ], [ 480048.042120073456317, 4426914.984282085672021 ], [ 479830.678255084552802, 4426781.813059904612601 ], [ 479681.091286967275664, 4426743.919040570966899 ], [ 479650.742860111698974, 4426728.461380057036877 ], [ 479626.024097932735458, 4426711.212912386283278 ], [ 479524.29089914902579, 4426595.722304656170309 ], [ 479041.970898612053134, 4426300.911065687425435 ], [ 479073.880547832814045, 4426231.009956249967217 ] ] ] } },
{ "type": "Feature", "properties": { "geoid": "14000US42101011900", "name": "Census Tract 119, Philadelphia, PA", "income": 66025.0, "income_moe": 9604.0, "poverty_universe": 4337.0, "below_poverty": 613.0, "universe_moe": 1157.0, "below_poverty_moe": 215.0, "poverty_pct": 14.134194143417108 }, "geometry": { "type": "Polygon", "coordinates": [ [ [ 480063.392704382480588, 4426745.904795812442899 ], [ 480296.89658983447589, 4425859.700626040808856 ], [ 480294.716666114865802, 4425842.169723639264703 ], [ 480307.048478162672836, 4425823.38037340901792 ], [ 480375.280490123317577, 4425695.342828677035868 ], [ 480390.006336248712614, 4425677.657356973737478 ], [ 480464.87872688123025, 4425640.726948683150113 ], [ 480456.179461267427541, 4425611.336729438044131 ], [ 480449.711699558305554, 4425553.194193475879729 ], [ 480451.343881723645609, 4425523.777462336234748 ], [ 480460.494841924111824, 4425496.228276630863547 ], [ 480474.17473039223114, 4425469.999376714229584 ], [ 480491.790718466509134, 4425446.979147794656456 ], [ 480534.209670493553858, 4425406.469974562525749 ], [ 480676.87955608277116, 4425334.517601263709366 ], [ 480868.626695309707429, 4425728.827276388183236 ], [ 480774.998902047227602, 4425709.97271494101733 ], [ 480686.277110628376249, 4425740.386739196255803 ], [ 480613.580968757683877, 4425860.774479653686285 ], [ 480621.923794237372931, 4425985.284883851185441 ], [ 480633.849378358281683, 4426041.526865518651903 ], [ 480708.132836827950086, 4426278.525606219656765 ], [ 480741.539240504440386, 4426355.468651472590864 ], [ 480763.987920283107087, 4426387.155268484726548 ], [ 480781.274395612766966, 4426403.205275533720851 ], [ 480752.749733158154413, 4426433.355866895057261 ], [ 480714.665310041746125, 4426464.307718575932086 ], [ 480724.066495803243015, 4426535.65102890972048 ], [ 480730.486200053419452, 4426609.665686275810003 ], [ 480735.15383588365512, 4426834.743412462063134 ], [ 480051.456743155780714, 4426882.343979923054576 ], [ 480063.392704382480588, 4426745.904795812442899 ] ] ] } },
{ "type": "Feature", "properties": { "geoid": "14000US42101012000", "name": "Census Tract 120, Philadelphia, PA", "income": 59609.0, "income_moe": 14849.0, "poverty_universe": 1272.0, "below_poverty": 139.0, "universe_moe": 345.0, "below_poverty_moe": 81.0, "poverty_pct": 10.927672955974844 }, "geometry": { "type": "Polygon", "coordinates": [ [ [ 479914.165081715676934, 4427458.526641746982932 ], [ 480012.928321700775996, 4427294.887721025384963 ], [ 480051.456743155780714, 4426882.343979923054576 ], [ 480274.409057750541251, 4426868.665935221128166 ], [ 480382.12263355840696, 4426859.286269632168114 ], [ 480735.15383588365512, 4426834.743412462063134 ], [ 480734.583048259082716, 4427148.84923152718693 ], [ 480736.213397448940668, 4427320.770143168047071 ], [ 480734.662611703737639, 4427382.59606016613543 ], [ 480731.150384236418176, 4427411.462616979144514 ], [ 480694.366480314987712, 4427582.926010023802519 ], [ 480669.995938718318939, 4427667.119105245918036 ], [ 480649.563070319360122, 4427721.889640951529145 ], [ 480591.055189342412632, 4427841.798053009435534 ], [ 480584.114369002636522, 4427864.790921255946159 ], [ 479989.833757824788336, 4427504.721561256796122 ], [ 479914.165081715676934, 4427458.526641746982932 ] ] ] } },
{ "type": "Feature", "properties": { "geoid": "14000US42101012100", "name": "Census Tract 121, Philadelphia, PA", "income": 57039.0, "income_moe": 8964.0, "poverty_universe": 2765.0, "below_poverty": 238.0, "universe_moe": 460.0, "below_poverty_moe": 106.0, "poverty_pct": 8.6075949367088604 }, "geometry": { "type": "Polygon", "coordinates": [ [ [ 480591.055189342412632, 4427841.798053009435534 ], [ 480649.563070319360122, 4427721.889640951529145 ], [ 480669.995938718318939, 4427667.119105245918036 ], [ 480694.366480314987712, 4427582.926010023802519 ], [ 480731.150384236418176, 4427411.462616979144514 ], [ 480734.662611703737639, 4427382.59606016613543 ], [ 480736.213397448940668, 4427320.770143168047071 ], [ 480733.815006058488507, 4426710.54797644354403 ], [ 480729.59228749218164, 4426593.796253867447376 ], [ 480714.665310041746125, 4426464.307718575932086 ], [ 480752.749733158154413, 4426433.355866895057261 ], [ 480781.274395612766966, 4426403.205275533720851 ], [ 481191.134335435810499, 4426702.300694148987532 ], [ 481244.540073887677863, 4426825.70173332374543 ], [ 481261.494972706423141, 4426881.266398854553699 ], [ 481365.377117454831023, 4427119.75274720415473 ], [ 481390.521761061798315, 4427138.781655569560826 ], [ 481165.177463240455836, 4428218.279799778014421 ], [ 480912.745451101800427, 4428067.850033655762672 ], [ 480584.114369002636522, 4427864.790921255946159 ], [ 480591.055189342412632, 4427841.798053009435534 ] ] ] } },
{ "type": "Feature", "properties": { "geoid": "14000US42101012201", "name": "Census Tract 122.01, Philadelphia, PA", "income": 40480.0, "income_moe": 17737.0, "poverty_universe": 3133.0, "below_poverty": 706.0, "universe_moe": 624.0, "below_poverty_moe": 275.0, "poverty_pct": 22.534312160868179 }, "geometry": { "type": "Polygon", "coordinates": [ [ [ 481617.687905837025028, 4427917.497084254398942 ], [ 481924.415079294587485, 4428003.335174418054521 ], [ 482299.326951517199632, 4428085.585935276933014 ], [ 482656.273342632921413, 4428153.578235116787255 ], [ 482680.74441399530042, 4428179.605367608368397 ], [ 482692.391617599467281, 4428196.671472927555442 ], [ 482753.658786194690038, 4428301.640804086811841 ], [ 482764.961460026679561, 4428317.486901888623834 ], [ 482776.85075647191843, 4428328.55907525960356 ], [ 482798.815744015213568, 4428341.384333938360214 ], [ 482844.694852782646194, 4428360.926140021532774 ], [ 482819.18025498528732, 4428439.232386022806168 ], [ 482640.845996462565381, 4428350.289476468227804 ], [ 482289.185690757120028, 4428495.832409794442356 ], [ 482269.344246229389682, 4428478.78600653540343 ], [ 482248.587667852174491, 4428471.952968980185688 ], [ 482231.770210531482007, 4428470.660339578986168 ], [ 482216.24626124947099, 4428475.025268016383052 ], [ 482197.238745570648462, 4428486.168835932388902 ], [ 482114.38972782692872, 4428570.71641247253865 ], [ 482102.249006959376857, 4428561.865680569782853 ], [ 482095.827565772808157, 4428553.33447755407542 ], [ 482069.470681620528921, 4428488.022805063985288 ], [ 482040.888749676407315, 4428456.56876106467098 ], [ 481917.514346116338857, 4428332.107052341103554 ], [ 481902.891421856067609, 4428320.598753214813769 ], [ 481877.606889478338417, 4428312.334614192135632 ], [ 481855.49495640816167, 4428310.167500452138484 ], [ 481774.965335153858177, 4428328.895511670969427 ], [ 481731.809712606947869, 4428342.872909819707274 ], [ 481666.611099723842926, 4428099.848308600485325 ], [ 481617.687905837025028, 4427917.497084254398942 ] ] ] } },
{ "type": "Feature", "properties": { "geoid": "14000US42101012203", "name": "Census Tract 122.03, Philadelphia, PA", "income": 72429.0, "income_moe": 8466.0, "poverty_universe": 969.0, "below_poverty": 196.0, "universe_moe": 182.0, "below_poverty_moe": 94.0, "poverty_pct": 20.227038183694532 }, "geometry": { "type": "Polygon", "coordinates": [ [ [ 481731.809712606947869, 4428342.872909819707274 ], [ 481774.965335153858177, 4428328.895511670969427 ], [ 481855.49495640816167, 4428310.167500452138484 ], [ 481868.128118606226053, 4428310.470352402888238 ], [ 481891.359422103269026, 4428316.741507926955819 ], [ 481902.891421856067609, 4428320.598753214813769 ], [ 481917.514346116338857, 4428332.107052341103554 ], [ 482040.888749676407315, 4428456.56876106467098 ], [ 482069.470681620528921, 4428488.022805063985288 ], [ 482095.827565772808157, 4428553.33447755407542 ], [ 482102.249006959376857, 4428561.865680569782853 ], [ 482114.38972782692872, 4428570.71641247253865 ], [ 482197.238745570648462, 4428486.168835932388902 ], [ 482216.24626124947099, 4428475.025268016383052 ], [ 482231.770210531482007, 4428470.660339578986168 ], [ 482248.587667852174491, 4428471.952968980185688 ], [ 482269.344246229389682, 4428478.78600653540343 ], [ 482281.999340657377616, 4428488.634725173935294 ], [ 482338.888179801695514, 4428544.441932716406882 ], [ 482371.2900420568767, 4428567.563907217234373 ], [ 482394.784925082349218, 4428577.609681650064886 ], [ 482455.339872449752875, 4428595.339334952645004 ], [ 482660.747176428209059, 4428693.31741551309824 ], [ 482522.952424716844689, 4428750.238232249394059 ], [ 482404.831264872453175, 4428788.136544852517545 ], [ 482248.322406791616231, 4428870.300668492913246 ], [ 482228.890396474744193, 4428882.000115970149636 ], [ 482141.771281548542902, 4428818.273266389034688 ], [ 482023.887610244273674, 4428738.74832462053746 ], [ 481756.689385538804345, 4428573.78570475615561 ], [ 481772.554522928316146, 4428533.901857500895858 ], [ 481774.647087992692832, 4428516.693219899199903 ], [ 481774.281216432573274, 4428506.482913639396429 ], [ 481743.781989345850889, 4428387.906553543172777 ], [ 481731.809712606947869, 4428342.872909819707274 ] ] ] } },
{ "type": "Feature", "properties": { "geoid": "14000US42101012204", "name": "Census Tract 122.04, Philadelphia, PA", "income": 41735.0, "income_moe": 5829.0, "poverty_universe": 3829.0, "below_poverty": 738.0, "universe_moe": 548.0, "below_poverty_moe": 231.0, "poverty_pct": 19.273961869939932 }, "geometry": { "type": "Polygon", "coordinates": [ [ [ 481390.521761061798315, 4427138.781655569560826 ], [ 481438.455058135441504, 4427191.052304401993752 ], [ 481532.918839432066306, 4427316.353216979652643 ], [ 481562.004793337662704, 4427341.810601930133998 ], [ 481597.82226446288405, 4427362.257224229164422 ], [ 481771.45226181903854, 4427432.540539780631661 ], [ 481870.470754345296882, 4427466.711171332746744 ], [ 482133.231338893529028, 4427580.410319308750331 ], [ 482144.002059732622001, 4427586.822510180063546 ], [ 482146.067153377516661, 4427593.810092804022133 ], [ 482270.972017065796535, 4427565.659321417100728 ], [ 482302.809694779280107, 4427637.951284954324365 ], [ 482297.436060254171025, 4427639.739639807492495 ], [ 482308.541351192514412, 4427680.003517180681229 ], [ 482331.575390838086605, 4427674.178467114455998 ], [ 482345.240097586938646, 4427677.143503837287426 ], [ 482356.355805722996593, 4427685.220057921484113 ], [ 482366.219116654072423, 4427705.397541774436831 ], [ 482365.316935253911652, 4427721.271335775963962 ], [ 482360.051092331530526, 4427732.715608296915889 ], [ 482459.830265930737369, 4427877.550093608908355 ], [ 482576.455036330677103, 4427813.573326204903424 ], [ 482855.070285633963067, 4428268.447249794378877 ], [ 482753.658786194690038, 4428301.640804086811841 ], [ 482692.391617599467281, 4428196.671472927555442 ], [ 482656.273342632921413, 4428153.578235116787255 ], [ 482299.326951517199632, 4428085.585935276933014 ], [ 481924.415079294587485, 4428003.335174418054521 ], [ 481617.687905837025028, 4427917.497084254398942 ], [ 481774.281216432573274, 4428506.482913639396429 ], [ 481772.554522928316146, 4428533.901857500895858 ], [ 481756.689385538804345, 4428573.78570475615561 ], [ 481362.141336157743353, 4428342.770699253305793 ], [ 481165.177463240455836, 4428218.279799778014421 ], [ 481390.521761061798315, 4427138.781655569560826 ] ] ] } },
{ "type": "Feature", "properties": { "geoid": "14000US42101012501", "name": "Census Tract 125.01, Philadelphia, PA", "income": 89412.0, "income_moe": 18143.0, "poverty_universe": 2044.0, "below_poverty": 283.0, "universe_moe": 463.0, "below_poverty_moe": 131.0, "poverty_pct": 13.845401174168298 }, "geometry": { "type": "Polygon", "coordinates": [ [ [ 485580.280718374357093, 4423178.880698893219233 ], [ 486134.266978120256681, 4423088.838601135648787 ], [ 486217.402378431870602, 4423577.043302856385708 ], [ 486214.608053629985079, 4423590.367150652222335 ], [ 486216.769121644494589, 4423604.680942735634744 ], [ 486198.760621421330143, 4423611.483929950743914 ], [ 486180.575904898170847, 4423615.290551099926233 ], [ 486069.74890305660665, 4423632.140876455232501 ], [ 485668.462481823051348, 4423698.036291326396167 ], [ 485614.64592427725438, 4423375.600874784402549 ], [ 485582.441620619036257, 4423192.417378679849207 ], [ 485580.280718374357093, 4423178.880698893219233 ] ] ] } },
{ "type": "Feature", "properties": { "geoid": "14000US42101012502", "name": "Census Tract 125.02, Philadelphia, PA", "income": 94564.0, "income_moe": 12497.0, "poverty_universe": 4133.0, "below_poverty": 565.0, "universe_moe": 509.0, "below_poverty_moe": 278.0, "poverty_pct": 13.670457294943141 }, "geometry": { "type": "Polygon", "coordinates": [ [ [ 484483.359939071699046, 4423566.392809900455177 ], [ 484631.675208897853736, 4423336.231862412765622 ], [ 485293.043355137924664, 4423224.047634137794375 ], [ 485580.280718374357093, 4423178.880698893219233 ], [ 485668.462481823051348, 4423698.036291326396167 ], [ 485101.632011840702035, 4423789.247577743604779 ], [ 484964.099796812050045, 4423817.043311567045748 ], [ 484950.18835264723748, 4423821.843353512696922 ], [ 484970.214296980702784, 4423799.494816911406815 ], [ 484922.083603365521412, 4423818.458234365098178 ], [ 484870.342599099036306, 4423825.553189463913441 ], [ 484810.072580538748298, 4423838.325991481542587 ], [ 484792.334272337146103, 4423851.236229460686445 ], [ 484678.458486830932088, 4423835.259851724840701 ], [ 484506.336385047063231, 4423819.292420576326549 ], [ 484486.879163653647993, 4423826.657362981699407 ], [ 484477.071042995201424, 4423833.225757436826825 ], [ 484457.603921946079936, 4423835.707230902276933 ], [ 484343.469825260632206, 4423819.181432759389281 ], [ 484483.359939071699046, 4423566.392809900455177 ] ] ] } },
{ "type": "Feature", "properties": { "geoid": "14000US42101013100", "name": "Census Tract 131, Philadelphia, PA", "income": 32004.0, "income_moe": 21370.0, "poverty_universe": 1657.0, "below_poverty": 631.0, "universe_moe": 415.0, "below_poverty_moe": 311.0, "poverty_pct": 38.080869040434521 }, "geometry": { "type": "Polygon", "coordinates": [ [ [ 486820.790520224312786, 4423619.150725945830345 ], [ 486900.028089573548641, 4423607.69309950619936 ], [ 487357.333936703042127, 4423579.506016781553626 ], [ 487377.88286559144035, 4423713.54771531932056 ], [ 487376.024181230575778, 4423725.759682693518698 ], [ 487433.638054220820777, 4424118.901719863526523 ], [ 487146.081456682877615, 4424213.168053495697677 ], [ 487062.002608084061649, 4424236.72928692214191 ], [ 486932.43626161548309, 4424277.683792905882001 ], [ 486832.009973015927244, 4423686.613191107288003 ], [ 486820.790520224312786, 4423619.150725945830345 ] ] ] } },
{ "type": "Feature", "properties": { "geoid": "14000US42101013200", "name": "Census Tract 132, Philadelphia, PA", "income": 60750.0, "income_moe": 20100.0, "poverty_universe": 3529.0, "below_poverty": 944.0, "universe_moe": 486.0, "below_poverty_moe": 414.0, "poverty_pct": 26.749787475205441 }, "geometry": { "type": "Polygon", "coordinates": [ [ [ 486233.698912118328735, 4423709.868803552351892 ], [ 486246.333484727190807, 4423706.849255090579391 ], [ 486464.652183240104932, 4423671.163452574051917 ], [ 486820.790520224312786, 4423619.150725945830345 ], [ 486932.43626161548309, 4424277.683792905882001 ], [ 486361.958482175308745, 4424462.150414201430976 ], [ 486330.042345996538643, 4424284.290554158389568 ], [ 486317.859363422088791, 4424205.398506920784712 ], [ 486240.43389192270115, 4423750.478961871005595 ], [ 486233.698912118328735, 4423709.868803552351892 ] ] ] } },
{ "type": "Feature", "properties": { "geoid": "14000US42101013300", "name": "Census Tract 133, Philadelphia, PA", "income": 95410.0, "income_moe": 29941.0, "poverty_universe": 3782.0, "below_poverty": 584.0, "universe_moe": 472.0, "below_poverty_moe": 242.0, "poverty_pct": 15.441565309360128 }, "geometry": { "type": "Polygon", "coordinates": [ [ [ 485803.277542541211005, 4423676.251821517944336 ], [ 486180.575904898170847, 4423615.290551099926233 ], [ 486198.760621421330143, 4423611.483929950743914 ], [ 486216.769121644494589, 4423604.680942735634744 ], [ 486227.490341213881038, 4423677.026998342014849 ], [ 486266.842080506961793, 4423902.598566890694201 ], [ 486330.042345996538643, 4424284.290554158389568 ], [ 486361.958482175308745, 4424462.150414201430976 ], [ 486216.74383106303867, 4424487.495573264546692 ], [ 485947.653290287416894, 4424531.051445585675538 ], [ 485941.529938372201286, 4424498.431651876308024 ], [ 485939.302664128830656, 4424494.662099448964 ], [ 485931.435525877051987, 4424488.905140953138471 ], [ 485961.180622841988225, 4424457.218076887540519 ], [ 486006.001113117439672, 4424403.638370914384723 ], [ 485914.330183686397504, 4424336.325369666330516 ], [ 485911.294027281866875, 4424310.803265692666173 ], [ 485872.18031307333149, 4424080.016379391774535 ], [ 485839.040481405740138, 4423894.058623534627259 ], [ 485827.881616306607611, 4423817.829239163547754 ], [ 485813.74038656509947, 4423745.379091711714864 ], [ 485803.277542541211005, 4423676.251821517944336 ] ] ] } },
{ "type": "Feature", "properties": { "geoid": "14000US42101013401", "name": "Census Tract 134.01, Philadelphia, PA", "income": 145000.0, "income_moe": 34404.0, "poverty_universe": 2958.0, "below_poverty": 123.0, "universe_moe": 372.0, "below_poverty_moe": 70.0, "poverty_pct": 4.1582150101419879 }, "geometry": { "type": "Polygon", "coordinates": [ [ [ 484795.767565187183209, 4423988.191146416589618 ], [ 484839.890392488741782, 4423930.055391965433955 ], [ 484950.18835264723748, 4423821.843353512696922 ], [ 484964.099796812050045, 4423817.043311567045748 ], [ 485101.632011840702035, 4423789.247577743604779 ], [ 485237.980951295176055, 4423767.339097086340189 ], [ 485255.264458216959611, 4423871.969234210439026 ], [ 485262.855758921185043, 4423911.134033422917128 ], [ 485270.031773289840203, 4423956.404098626226187 ], [ 485276.238677662331611, 4423986.359416961669922 ], [ 485288.170370998675935, 4424062.031594512052834 ], [ 485301.900168729654979, 4424140.253100989386439 ], [ 485161.676885885302909, 4424142.744758693501353 ], [ 485021.629066583234817, 4424147.569445404224098 ], [ 484655.020941387105267, 4424156.179439031518996 ], [ 484795.767565187183209, 4423988.191146416589618 ] ] ] } },
{ "type": "Feature", "properties": { "geoid": "14000US42101013402", "name": "Census Tract 134.02, Philadelphia, PA", "income": 99295.0, "income_moe": 37872.0, "poverty_universe": 2770.0, "below_poverty": 419.0, "universe_moe": 538.0, "below_poverty_moe": 277.0, "poverty_pct": 15.126353790613718 }, "geometry": { "type": "Polygon", "coordinates": [ [ [ 485237.980951295176055, 4423767.339097086340189 ], [ 485803.277542541211005, 4423676.251821517944336 ], [ 485813.74038656509947, 4423745.379091711714864 ], [ 485827.881616306607611, 4423817.829239163547754 ], [ 485839.040481405740138, 4423894.058623534627259 ], [ 485853.099923282687087, 4423968.728784830309451 ], [ 485879.094291894230992, 4424124.177598430775106 ], [ 485604.120334788865875, 4424133.238529266789556 ], [ 485301.900168729654979, 4424140.253100989386439 ], [ 485276.238677662331611, 4423986.359416961669922 ], [ 485270.031773289840203, 4423956.404098626226187 ], [ 485250.163333125703502, 4423839.791995589621365 ], [ 485237.980951295176055, 4423767.339097086340189 ] ] ] } },
{ "type": "Feature", "properties": { "geoid": "14000US42101013500", "name": "Census Tract 135, Philadelphia, PA", "income": 152054.0, "income_moe": 28143.0, "poverty_universe": 4465.0, "below_poverty": 292.0, "universe_moe": 462.0, "below_poverty_moe": 240.0, "poverty_pct": 6.5397536394176932 }, "geometry": { "type": "Polygon", "coordinates": [ [ [ 485021.629066583234817, 4424147.569445404224098 ], [ 485161.676885885302909, 4424142.744758693501353 ], [ 485604.120334788865875, 4424133.238529266789556 ], [ 485879.094291894230992, 4424124.177598430775106 ], [ 485911.294027281866875, 4424310.803265692666173 ], [ 485914.330183686397504, 4424336.325369666330516 ], [ 486006.001113117439672, 4424403.638370914384723 ], [ 485961.180622841988225, 4424457.218076887540519 ], [ 485931.435525877051987, 4424488.905140953138471 ], [ 485939.302664128830656, 4424494.662099448964 ], [ 485941.529938372201286, 4424498.431651876308024 ], [ 485947.653290287416894, 4424531.051445585675538 ], [ 485110.011328588065226, 4424667.939980960451066 ], [ 485028.966413300659042, 4424187.400472832843661 ], [ 485021.629066583234817, 4424147.569445404224098 ] ] ] } },
{ "type": "Feature", "properties": { "geoid": "14000US42101013601", "name": "Census Tract 136.01, Philadelphia, PA", "income": 114583.0, "income_moe": 18852.0, "poverty_universe": 2536.0, "below_poverty": 178.0, "universe_moe": 278.0, "below_poverty_moe": 88.0, "poverty_pct": 7.0189274447949526 }, "geometry": { "type": "Polygon", "coordinates": [ [ [ 484286.691181617847178, 4424530.412349006161094 ], [ 484466.307657297234982, 4424334.590162975713611 ], [ 484492.61147533840267, 4424335.091516603715718 ], [ 484614.11329844390275, 4424198.105240926146507 ], [ 484655.020941387105267, 4424156.179439031518996 ], [ 485021.629066583234817, 4424147.569445404224098 ], [ 485066.637306072516367, 4424409.97274037450552 ], [ 484401.268490697955713, 4424518.300877196714282 ], [ 484357.392126227903645, 4424526.826119845733047 ], [ 484324.606386368745007, 4424530.001251340843737 ], [ 484286.691181617847178, 4424530.412349006161094 ] ] ] } },
{ "type": "Feature", "properties": { "geoid": "14000US42101013602", "name": "Census Tract 136.02, Philadelphia, PA", "income": 122405.0, "income_moe": 31951.0, "poverty_universe": 3769.0, "below_poverty": 72.0, "universe_moe": 507.0, "below_poverty_moe": 40.0, "poverty_pct": 1.9103210400636774 }, "geometry": { "type": "Polygon", "coordinates": [ [ [ 484122.489345437905286, 4424742.744276923127472 ], [ 484148.339785979536828, 4424690.192029466852546 ], [ 484164.257992324302904, 4424665.852046864107251 ], [ 484286.691181617847178, 4424530.412349006161094 ], [ 484324.606386368745007, 4424530.001251340843737 ], [ 484357.392126227903645, 4424526.826119845733047 ], [ 484401.268490697955713, 4424518.300877196714282 ], [ 485066.637306072516367, 4424409.97274037450552 ], [ 485110.011328588065226, 4424667.939980960451066 ], [ 484750.705091989191715, 4424728.363660121336579 ], [ 484085.539267021580599, 4424836.719184628687799 ], [ 484122.489345437905286, 4424742.744276923127472 ] ] ] } },
{ "type": "Feature", "properties": { "geoid": "14000US42101013701", "name": "Census Tract 137.01, Philadelphia, PA", "income": 98401.0, "income_moe": 9340.0, "poverty_universe": 2045.0, "below_poverty": 253.0, "universe_moe": 321.0, "below_poverty_moe": 169.0, "poverty_pct": 12.37163814180929 }, "geometry": { "type": "Polygon", "coordinates": [ [ [ 483795.013863437285181, 4425269.639274246990681 ], [ 483804.089225259667728, 4425240.873454621061683 ], [ 483845.738416875596158, 4425231.239811484701931 ], [ 483873.812600582954474, 4425222.412065674550831 ], [ 483900.51500112580834, 4425210.923554884269834 ], [ 483925.415416898496915, 4425195.221307840198278 ], [ 483946.464310081850272, 4425175.198637439869344 ], [ 483962.551159398397431, 4425150.635870170779526 ], [ 483975.560821805964224, 4425124.525748083367944 ], [ 484085.539267021580599, 4424836.719184628687799 ], [ 484168.684090629278217, 4424823.227057902142406 ], [ 484205.257844018400647, 4425041.358061101287603 ], [ 484220.885305146337487, 4425124.235442113131285 ], [ 484234.561593380058184, 4425213.443353679031134 ], [ 484277.338817357085645, 4425460.308486427180469 ], [ 484303.195437621150631, 4425618.527456136420369 ], [ 484032.797081575146876, 4425665.816689434461296 ], [ 483891.534710152307525, 4425688.423331087455153 ], [ 483848.240942775737494, 4425444.891029458492994 ], [ 483842.21399815561017, 4425421.373847365379333 ], [ 483835.700851633679122, 4425410.177638983353972 ], [ 483825.254252060723957, 4425396.326020848937333 ], [ 483805.566268189286347, 4425373.281861864030361 ], [ 483786.508087367052212, 4425325.2635711543262 ], [ 483795.013863437285181, 4425269.639274246990681 ] ] ] } },
{ "type": "Feature", "properties": { "geoid": "14000US42101013702", "name": "Census Tract 137.02, Philadelphia, PA", "income": 74125.0, "income_moe": 39214.0, "poverty_universe": 3924.0, "below_poverty": 1290.0, "universe_moe": 930.0, "below_poverty_moe": 823.0, "poverty_pct": 32.874617737003057 }, "geometry": { "type": "Polygon", "coordinates": [ [ [ 484168.684090629278217, 4424823.227057902142406 ], [ 484566.912268671847414, 4424758.479266141541302 ], [ 484612.877624201297294, 4425023.653005625121295 ], [ 484618.852969508559909, 4425064.92932469304651 ], [ 484701.463789709494449, 4425551.455539874732494 ], [ 484391.364517544570845, 4425602.474567788653076 ], [ 484303.195437621150631, 4425618.527456136420369 ], [ 484277.338817357085645, 4425460.308486427180469 ], [ 484234.561593380058184, 4425213.443353679031134 ], [ 484220.885305146337487, 4425124.235442113131285 ], [ 484205.257844018400647, 4425041.358061101287603 ], [ 484186.230644558032509, 4424925.190687155351043 ], [ 484176.30220767960418, 4424873.045867689885199 ], [ 484168.684090629278217, 4424823.227057902142406 ] ] ] } },
{ "type": "Feature", "properties": { "geoid": "14000US42101013800", "name": "Census Tract 138, Philadelphia, PA", "income": 71033.0, "income_moe": 37375.0, "poverty_universe": 2183.0, "below_poverty": 174.0, "universe_moe": 368.0, "below_poverty_moe": 103.0, "poverty_pct": 7.970682546953733 }, "geometry": { "type": "Polygon", "coordinates": [ [ [ 484566.912268671847414, 4424758.479266141541302 ], [ 484811.655761783826165, 4424717.919773525558412 ], [ 484812.900798566406593, 4424914.037050156854093 ], [ 485160.282365484163165, 4424961.078022196888924 ], [ 485217.217350788938347, 4425302.040388418361545 ], [ 485082.687362049939111, 4425323.05793678201735 ], [ 485109.385225297068246, 4425483.164718905463815 ], [ 484905.633547678648029, 4425515.531132232397795 ], [ 484701.463789709494449, 4425551.455539874732494 ], [ 484618.852969508559909, 4425064.92932469304651 ], [ 484612.877624201297294, 4425023.653005625121295 ], [ 484572.876370326092001, 4424793.984063730575144 ], [ 484566.912268671847414, 4424758.479266141541302 ] ] ] } },
{ "type": "Feature", "properties": { "geoid": "14000US42101013900", "name": "Census Tract 139, Philadelphia, PA", "income": 44551.0, "income_moe": 27914.0, "poverty_universe": 2643.0, "below_poverty": 917.0, "universe_moe": 799.0, "below_poverty_moe": 431.0, "poverty_pct": 34.695421869088158 }, "geometry": { "type": "Polygon", "coordinates": [ [ [ 484811.655761783826165, 4424717.919773525558412 ], [ 485197.596183521032799, 4424652.341615517623723 ], [ 485678.908829724765383, 4424575.393121692351997 ], [ 485812.141822629258968, 4425362.841230465099216 ], [ 485109.385225297068246, 4425483.164718905463815 ], [ 485082.687362049939111, 4425323.05793678201735 ], [ 485217.217350788938347, 4425302.040388418361545 ], [ 485160.282365484163165, 4424961.078022196888924 ], [ 484812.900798566406593, 4424914.037050156854093 ], [ 484811.86962799821049, 4424867.978150320239365 ], [ 484811.655761783826165, 4424717.919773525558412 ] ] ] } },
{ "type": "Feature", "properties": { "geoid": "14000US42101014000", "name": "Census Tract 140, Philadelphia, PA", "income": 49754.0, "income_moe": 8390.0, "poverty_universe": 6011.0, "below_poverty": 2003.0, "universe_moe": 1144.0, "below_poverty_moe": 1023.0, "poverty_pct": 33.322242555315256 }, "geometry": { "type": "Polygon", "coordinates": [ [ [ 485678.908829724765383, 4424575.393121692351997 ], [ 486216.74383106303867, 4424487.495573264546692 ], [ 486361.958482175308745, 4424462.150414201430976 ], [ 486384.412654383573681, 4424602.512704838998616 ], [ 486441.369298931269441, 4424937.046329570002854 ], [ 486463.499421640415676, 4425088.841510498896241 ], [ 485785.973159770714119, 4425204.062975825741887 ], [ 485684.525257059605792, 4424610.34445886220783 ], [ 485678.908829724765383, 4424575.393121692351997 ] ] ] } },
{ "type": "Feature", "properties": { "geoid": "14000US42101014100", "name": "Census Tract 141, Philadelphia, PA", "income": null, "income_moe": null, "poverty_universe": 3253.0, "below_poverty": 1055.0, "universe_moe": 508.0, "below_poverty_moe": 539.0, "poverty_pct": 32.431601598524438 }, "geometry": { "type": "Polygon", "coordinates": [ [ [ 486361.958482175308745, 4424462.150414201430976 ], [ 487019.410268550564069, 4424249.676590004935861 ], [ 487146.081456682877615, 4424213.168053495697677 ], [ 487433.638054220820777, 4424118.901719863526523 ], [ 487525.541802707593888, 4424752.170614223927259 ], [ 487027.58385409147013, 4424836.800038635730743 ], [ 487004.031136232719291, 4424695.882777536287904 ], [ 486734.861863029072993, 4424741.519810133613646 ], [ 486602.370268545404542, 4424764.171732663176954 ], [ 486626.271982185076922, 4424905.198174084536731 ], [ 486441.369298931269441, 4424937.046329570002854 ], [ 486384.412654383573681, 4424602.512704838998616 ], [ 486361.958482175308745, 4424462.150414201430976 ] ] ] } },
{ "type": "Feature", "properties": { "geoid": "14000US42101014201", "name": "Census Tract 142.01, Philadelphia, PA", "income": 133768.0, "income_moe": 18315.0, "poverty_universe": 3113.0, "below_poverty": 78.0, "universe_moe": 505.0, "below_poverty_moe": 56.0, "poverty_pct": 2.5056215868936715 }, "geometry": { "type": "Polygon", "coordinates": [ [ [ 487433.638054220820777, 4424118.901719863526523 ], [ 487488.498729968618136, 4424087.179280143231153 ], [ 487983.095217389520258, 4423786.377309708856046 ], [ 488081.283067269076128, 4424369.253062875941396 ], [ 488080.36522825184511, 4424383.017254441045225 ], [ 487485.728031662234571, 4424479.977369389496744 ], [ 487468.450033244793303, 4424359.248652522452176 ], [ 487433.638054220820777, 4424118.901719863526523 ] ] ] } },
{ "type": "Feature", "properties": { "geoid": "14000US42101014202", "name": "Census Tract 142.02, Philadelphia, PA", "income": 123503.0, "income_moe": 30565.0, "poverty_universe": 2655.0, "below_poverty": 130.0, "universe_moe": 476.0, "below_poverty_moe": 101.0, "poverty_pct": 4.8964218455743875 }, "geometry": { "type": "Polygon", "coordinates": [ [ [ 487983.095217389520258, 4423786.377309708856046 ], [ 488099.98861341009615, 4423715.382296051830053 ], [ 488143.395764504675753, 4423674.137387152761221 ], [ 488176.952256643155124, 4423668.979705520905554 ], [ 488207.075211679853965, 4423652.617513021454215 ], [ 488320.294477660208941, 4423633.574831748381257 ], [ 488364.048301567090675, 4423594.550456242635846 ], [ 488340.530056497256737, 4423518.225424821488559 ], [ 488369.982218254997861, 4423509.412216442637146 ], [ 488365.276502025313675, 4423503.980900947935879 ], [ 488379.008832648920361, 4423491.973045378923416 ], [ 488419.867151028243825, 4423457.725980774499476 ], [ 488450.850759587425273, 4423444.804137672297657 ], [ 488508.678843705973122, 4423392.551507453434169 ], [ 488495.333454537205398, 4423378.253966484218836 ], [ 488456.949369073845446, 4423411.275982975959778 ], [ 488336.491387851245236, 4423446.421210038475692 ], [ 488329.966535998915788, 4423424.344233861193061 ], [ 488440.774987080832943, 4423390.101457430049777 ], [ 488436.060151889629196, 4423378.676665364764631 ], [ 488489.843473386426922, 4423362.501711249351501 ], [ 488495.218885240901727, 4423358.941920331679285 ], [ 488489.038405332656112, 4423338.418149032630026 ], [ 488525.40475430956576, 4423326.376401743851602 ], [ 488527.025028456875589, 4423324.709115497767925 ], [ 488522.141637004213408, 4423314.727392266504467 ], [ 488747.955260166083463, 4423307.953170221298933 ], [ 488821.465440569329076, 4423230.818095450289547 ], [ 488854.421900139888749, 4423280.937173978425562 ], [ 488911.319875300803687, 4423349.778783077374101 ], [ 489087.043349719489925, 4423494.366689644753933 ], [ 489257.847724694700446, 4423607.555487858131528 ], [ 489107.820174067222979, 4423928.418038396164775 ], [ 489009.171025000396185, 4424099.928054731339216 ], [ 488939.258503416611347, 4424062.40368315577507 ], [ 488884.653247263340745, 4424039.286283890716732 ], [ 488862.169602662790567, 4424023.558563839644194 ], [ 488794.820982058590744, 4423988.251566247083247 ], [ 488629.789093043422326, 4423907.806475155055523 ], [ 488586.870391851582099, 4423876.904485644772649 ], [ 488536.828431661590002, 4423823.149545516818762 ], [ 488525.062579875288066, 4423836.375050115399063 ], [ 488520.564944154990371, 4423855.47207963000983 ], [ 488520.042220263974741, 4424301.985181972384453 ], [ 488458.964739732560702, 4424290.534526620991528 ], [ 488080.36522825184511, 4424383.017254441045225 ], [ 488081.283067269076128, 4424369.253062875941396 ], [ 488002.492464685754385, 4423901.443237319588661 ], [ 487983.095217389520258, 4423786.377309708856046 ] ] ] } },
{ "type": "Feature", "properties": { "geoid": "14000US42101014300", "name": "Census Tract 143, Philadelphia, PA", "income": 131645.0, "income_moe": 12989.0, "poverty_universe": 1979.0, "below_poverty": 130.0, "universe_moe": 265.0, "below_poverty_moe": 89.0, "poverty_pct": 6.5689742294087923 }, "geometry": { "type": "Polygon", "coordinates": [ [ [ 488520.564944154990371, 4423855.47207963000983 ], [ 488525.062579875288066, 4423836.375050115399063 ], [ 488536.828431661590002, 4423823.149545516818762 ], [ 488586.870391851582099, 4423876.904485644772649 ], [ 488629.789093043422326, 4423907.806475155055523 ], [ 488794.820982058590744, 4423988.251566247083247 ], [ 488862.169602662790567, 4424023.558563839644194 ], [ 488884.653247263340745, 4424039.286283890716732 ], [ 488939.258503416611347, 4424062.40368315577507 ], [ 489009.171025000396185, 4424099.928054731339216 ], [ 489107.820174067222979, 4423928.418038396164775 ], [ 489257.847724694700446, 4423607.555487858131528 ], [ 489463.8661483975593, 4423744.007190053351223 ], [ 489823.977179518726189, 4423968.493963396176696 ], [ 489646.173445587686729, 4424285.720528963021934 ], [ 489626.194227346219122, 4424351.453717186115682 ], [ 489563.566753968072589, 4424453.760958238504827 ], [ 489573.371887729910668, 4424504.80288477614522 ], [ 489571.356873648182955, 4424530.000352936796844 ], [ 489601.181901525997091, 4424545.942121650092304 ], [ 489785.499735050078016, 4424761.790080989710987 ], [ 489743.788097477867268, 4424795.809062547981739 ], [ 489718.274912767868955, 4424810.161167496815324 ], [ 489694.625745253229979, 4424813.633820340968668 ], [ 489663.621521535213105, 4424808.792278930544853 ], [ 489453.595332451397553, 4424714.84975369554013 ], [ 489454.810518245212734, 4424729.054784721694887 ], [ 489389.957829886930995, 4424701.286378259770572 ], [ 489341.243588376091793, 4424673.051961086690426 ], [ 489146.077010232664179, 4424585.090586068108678 ], [ 489093.60148155852221, 4424555.309254175052047 ], [ 488946.975745139468927, 4424495.808038308285177 ], [ 488520.042220263974741, 4424301.985181972384453 ], [ 488520.564944154990371, 4423855.47207963000983 ] ] ] } },
{ "type": "Feature", "properties": { "geoid": "14000US42101014400", "name": "Census Tract 144, Philadelphia, PA", "income": 119576.0, "income_moe": 34850.0, "poverty_universe": 5462.0, "below_poverty": 653.0, "universe_moe": 676.0, "below_poverty_moe": 293.0, "poverty_pct": 11.955327718784329 }, "geometry": { "type": "Polygon", "coordinates": [ [ [ 487485.728031662234571, 4424479.977369389496744 ], [ 488080.36522825184511, 4424383.017254441045225 ], [ 488458.964739732560702, 4424290.534526620991528 ], [ 488520.042220263974741, 4424301.985181972384453 ], [ 488519.62234537047334, 4424476.683981311507523 ], [ 488522.935362199845258, 4424691.777558341622353 ], [ 488610.931831727328245, 4424889.98460016772151 ], [ 488606.324981377751101, 4424892.877231644466519 ], [ 488554.250230338482652, 4424902.500460680574179 ], [ 488503.622075379185844, 4424908.681171535514295 ], [ 487570.71075977984583, 4425063.423946619965136 ], [ 487493.586602171533741, 4424533.239670194685459 ], [ 487485.728031662234571, 4424479.977369389496744 ] ] ] } },
{ "type": "Feature", "properties": { "geoid": "14000US42101014500", "name": "Census Tract 145, Philadelphia, PA", "income": 30643.0, "income_moe": 13529.0, "poverty_universe": 2147.0, "below_poverty": 831.0, "universe_moe": 449.0, "below_poverty_moe": 371.0, "poverty_pct": 38.70517000465766 }, "geometry": { "type": "Polygon", "coordinates": [ [ [ 487027.58385409147013, 4424836.800038635730743 ], [ 487525.541802707593888, 4424752.170614223927259 ], [ 487618.12394039996434, 4425391.766518838703632 ], [ 487135.741939532454126, 4425473.367070612497628 ], [ 487053.374940268462524, 4424988.923597035929561 ], [ 487027.58385409147013, 4424836.800038635730743 ] ] ] } },
{ "type": "Feature", "properties": { "geoid": "14000US42101014600", "name": "Census Tract 146, Philadelphia, PA", "income": 38490.0, "income_moe": 31250.0, "poverty_universe": 2893.0, "below_poverty": 1480.0, "universe_moe": 425.0, "below_poverty_moe": 357.0, "poverty_pct": 51.157967507777393 }, "geometry": { "type": "Polygon", "coordinates": [ [ [ 486626.271982185076922, 4424905.198174084536731 ], [ 486602.370268545404542, 4424764.171732663176954 ], [ 487004.031136232719291, 4424695.882777536287904 ], [ 487135.741939532454126, 4425473.367070612497628 ], [ 486545.05045973014785, 4425574.057205399498343 ], [ 486488.287922367511783, 4425247.513463159091771 ], [ 486489.385363674722612, 4425240.408142749220133 ], [ 486463.499421640415676, 4425088.841510498896241 ], [ 486441.369298931269441, 4424937.046329570002854 ], [ 486626.271982185076922, 4424905.198174084536731 ] ] ] } },
{ "type": "Feature", "properties": { "geoid": "14000US42101014700", "name": "Census Tract 147, Philadelphia, PA", "income": 26061.0, "income_moe": 1754.0, "poverty_universe": 3223.0, "below_poverty": 2388.0, "universe_moe": 742.0, "below_poverty_moe": 837.0, "poverty_pct": 74.092460440583309 }, "geometry": { "type": "Polygon", "coordinates": [ [ [ 485785.973159770714119, 4425204.062975825741887 ], [ 485853.069794547569472, 4425193.837916089221835 ], [ 485920.417232464358676, 4425180.616248544305563 ], [ 486121.789956866239663, 4425147.615460521541536 ], [ 486188.285574669891503, 4425135.063660541549325 ], [ 486322.138732607592829, 4425114.066895097494125 ], [ 486463.499421640415676, 4425088.841510498896241 ], [ 486489.385363674722612, 4425240.408142749220133 ], [ 486488.287922367511783, 4425247.513463159091771 ], [ 486545.05045973014785, 4425574.057205399498343 ], [ 485868.16265927371569, 4425688.604558764025569 ], [ 485812.141822629258968, 4425362.841230465099216 ], [ 485785.973159770714119, 4425204.062975825741887 ] ] ] } },
{ "type": "Feature", "properties": { "geoid": "14000US42101014800", "name": "Census Tract 148, Philadelphia, PA", "income": 43529.0, "income_moe": 24714.0, "poverty_universe": 978.0, "below_poverty": 262.0, "universe_moe": 278.0, "below_poverty_moe": 142.0, "poverty_pct": 26.789366053169733 }, "geometry": { "type": "Polygon", "coordinates": [ [ [ 485245.442298562498763, 4425458.481984016485512 ], [ 485380.819712257303763, 4425435.134873969480395 ], [ 485459.864441599114798, 4425423.107558750547469 ], [ 485678.38021252094768, 4425384.068802800029516 ], [ 485812.141822629258968, 4425362.841230465099216 ], [ 485868.16265927371569, 4425688.604558764025569 ], [ 485613.547253403521609, 4425732.70061501301825 ], [ 485573.684503179101739, 4425738.547541324049234 ], [ 485506.768238699121866, 4425751.105549332685769 ], [ 485300.548377134080511, 4425784.687026900239289 ], [ 485260.661404153797776, 4425557.233903681859374 ], [ 485253.053834332618862, 4425508.856847528368235 ], [ 485245.442298562498763, 4425458.481984016485512 ] ] ] } },
{ "type": "Feature", "properties": { "geoid": "14000US42101014900", "name": "Census Tract 149, Philadelphia, PA", "income": null, "income_moe": null, "poverty_universe": 4436.0, "below_poverty": 1555.0, "universe_moe": 858.0, "below_poverty_moe": 831.0, "poverty_pct": 35.054102795311088 }, "geometry": { "type": "Polygon", "coordinates": [ [ [ 483891.534710152307525, 4425688.423331087455153 ], [ 485245.442298562498763, 4425458.481984016485512 ], [ 485260.661404153797776, 4425557.233903681859374 ], [ 485300.548377134080511, 4425784.687026900239289 ], [ 485115.247736694233026, 4425817.678220915608108 ], [ 485058.9955801096512, 4425825.113772520795465 ], [ 484677.215221212478355, 4425891.2459433414042 ], [ 483945.838535653485451, 4426012.289858121424913 ], [ 483899.334440256061498, 4425742.90315131470561 ], [ 483891.534710152307525, 4425688.423331087455153 ] ] ] } },
{ "type": "Feature", "properties": { "geoid": "14000US42101015101", "name": "Census Tract 151.01, Philadelphia, PA", "income": 43529.0, "income_moe": 15475.0, "poverty_universe": 2197.0, "below_poverty": 536.0, "universe_moe": 539.0, "below_poverty_moe": 248.0, "poverty_pct": 24.396904870277652 }, "geometry": { "type": "Polygon", "coordinates": [ [ [ 483945.838535653485451, 4426012.289858121424913 ], [ 484087.346082740230486, 4425987.241879468783736 ], [ 484222.286261421570089, 4425965.095897134393454 ], [ 484337.660366215568502, 4426641.233979952521622 ], [ 484256.927617864159402, 4426655.718323592096567 ], [ 484149.478079283202533, 4426672.367937747389078 ], [ 484059.954788415052462, 4426687.871601819992065 ], [ 484030.055140649375971, 4426515.898834859021008 ], [ 484020.355792136164382, 4426450.434743604622781 ], [ 483953.019555281964131, 4426057.11488667409867 ], [ 483945.838535653485451, 4426012.289858121424913 ] ] ] } },
{ "type": "Feature", "properties": { "geoid": "14000US42101015102", "name": "Census Tract 151.02, Philadelphia, PA", "income": 23387.0, "income_moe": 10470.0, "poverty_universe": 4783.0, "below_poverty": 1974.0, "universe_moe": 1333.0, "below_poverty_moe": 498.0, "poverty_pct": 41.271168722559061 }, "geometry": { "type": "Polygon", "coordinates": [ [ [ 484222.286261421570089, 4425965.095897134393454 ], [ 484549.357239532400854, 4425912.481546674855053 ], [ 485028.868313617946114, 4425831.499409033916891 ], [ 485054.540170359541662, 4425991.164178809151053 ], [ 485141.162041337462142, 4426496.112236390821636 ], [ 485088.127343884203583, 4426487.336708903312683 ], [ 484991.055787459365092, 4426530.258848455734551 ], [ 484337.660366215568502, 4426641.233979952521622 ], [ 484229.636683569580782, 4426010.031814719550312 ], [ 484222.286261421570089, 4425965.095897134393454 ] ] ] } },
{ "type": "Feature", "properties": { "geoid": "14000US42101015200", "name": "Census Tract 152, Philadelphia, PA", "income": 61993.0, "income_moe": 25019.0, "poverty_universe": 7116.0, "below_poverty": 1950.0, "universe_moe": 1818.0, "below_poverty_moe": 761.0, "poverty_pct": 27.403035413153457 }, "geometry": { "type": "Polygon", "coordinates": [ [ [ 484991.055787459365092, 4426530.258848455734551 ], [ 485088.127343884203583, 4426487.336708903312683 ], [ 485141.162041337462142, 4426496.112236390821636 ], [ 485028.868313617946114, 4425831.499409033916891 ], [ 485868.16265927371569, 4425688.604558764025569 ], [ 485982.705965629953425, 4426361.771411103196442 ], [ 485551.6958974932204, 4426434.499123496934772 ], [ 485581.057827696960885, 4426611.029310767538846 ], [ 485172.42637696658494, 4426680.295541096478701 ], [ 485165.350375814188737, 4426641.573631376028061 ], [ 485009.690423808351625, 4426541.987122650258243 ], [ 484991.055787459365092, 4426530.258848455734551 ] ] ] } },
{ "type": "Feature", "properties": { "geoid": "14000US42101015300", "name": "Census Tract 153, Philadelphia, PA", "income": 35278.0, "income_moe": 7857.0, "poverty_universe": 5136.0, "below_poverty": 2049.0, "universe_moe": 1305.0, "below_poverty_moe": 701.0, "poverty_pct": 39.894859813084111 }, "geometry": { "type": "Polygon", "coordinates": [ [ [ 485868.16265927371569, 4425688.604558764025569 ], [ 486545.05045973014785, 4425574.057205399498343 ], [ 486602.501609410508536, 4425906.482791134156287 ], [ 486657.741256630397402, 4426246.460182348266244 ], [ 485982.705965629953425, 4426361.771411103196442 ], [ 485875.672733120038174, 4425732.653782350942492 ], [ 485868.16265927371569, 4425688.604558764025569 ] ] ] } },
{ "type": "Feature", "properties": { "geoid": "14000US42101015600", "name": "Census Tract 156, Philadelphia, PA", "income": 69750.0, "income_moe": 10602.0, "poverty_universe": 1553.0, "below_poverty": 665.0, "universe_moe": 459.0, "below_poverty_moe": 460.0, "poverty_pct": 42.820347714101736 }, "geometry": { "type": "Polygon", "coordinates": [ [ [ 487570.71075977984583, 4425063.423946619965136 ], [ 488069.601503757934552, 4424980.382370102219284 ], [ 488205.623334406292997, 4425803.162312888540328 ], [ 487690.740495187870692, 4425890.549744652584195 ], [ 487580.381247463985346, 4425128.892336688004434 ], [ 487570.71075977984583, 4425063.423946619965136 ] ] ] } },
{ "type": "Feature", "properties": { "geoid": "14000US42101015700", "name": "Census Tract 157, Philadelphia, PA", "income": 103393.0, "income_moe": 36719.0, "poverty_universe": 2922.0, "below_poverty": 357.0, "universe_moe": 558.0, "below_poverty_moe": 227.0, "poverty_pct": 12.217659137577002 }, "geometry": { "type": "Polygon", "coordinates": [ [ [ 488069.601503757934552, 4424980.382370102219284 ], [ 488503.622075379185844, 4424908.681171535514295 ], [ 488516.942859424685594, 4424908.439094243571162 ], [ 488554.250230338482652, 4424902.500460680574179 ], [ 488606.324981377751101, 4424892.877231644466519 ], [ 488610.931831727328245, 4424889.98460016772151 ], [ 488793.932804016571026, 4425299.932342032901943 ], [ 488861.519216283981223, 4425388.958219165913761 ], [ 488641.385789846652187, 4425556.101568777114153 ], [ 488627.645844090147875, 4425560.783664260059595 ], [ 488654.277240328490734, 4425726.896189442835748 ], [ 488205.623334406292997, 4425803.162312888540328 ], [ 488095.894904457149096, 4425139.72297825012356 ], [ 488069.601503757934552, 4424980.382370102219284 ] ] ] } },
{ "type": "Feature", "properties": { "geoid": "14000US42101015800", "name": "Census Tract 158, Philadelphia, PA", "income": 125625.0, "income_moe": 27484.0, "poverty_universe": 6770.0, "below_poverty": 403.0, "universe_moe": 707.0, "below_poverty_moe": 223.0, "poverty_pct": 5.9527326440177255 }, "geometry": { "type": "Polygon", "coordinates": [ [ [ 488520.042220263974741, 4424301.985181972384453 ], [ 488582.343044106673915, 4424332.080800285562873 ], [ 488946.975745139468927, 4424495.808038308285177 ], [ 489093.60148155852221, 4424555.309254175052047 ], [ 489146.077010232664179, 4424585.090586068108678 ], [ 489341.243588376091793, 4424673.051961086690426 ], [ 489389.957829886930995, 4424701.286378259770572 ], [ 489454.810518245212734, 4424729.054784721694887 ], [ 489464.416690972284414, 4424759.452737387269735 ], [ 489481.288865511247423, 4424795.390162467956543 ], [ 489531.596237543504685, 4424865.355514388531446 ], [ 489309.069314735534135, 4425051.905865492299199 ], [ 489300.791614955698606, 4425055.580161469057202 ], [ 489149.814144649950322, 4425170.224502301774919 ], [ 489121.415019905078225, 4425195.015800322405994 ], [ 489107.16672011942137, 4425203.138442383147776 ], [ 488861.519216283981223, 4425388.958219165913761 ], [ 488800.009021902515087, 4425309.246569476090372 ], [ 488783.82668349868618, 4425279.30306604411453 ], [ 488522.935362199845258, 4424691.777558341622353 ], [ 488519.62234537047334, 4424476.683981311507523 ], [ 488520.042220263974741, 4424301.985181972384453 ] ] ] } },
{ "type": "Feature", "properties": { "geoid": "14000US42101016001", "name": "Census Tract 160.01, Philadelphia, PA", "income": 113418.0, "income_moe": 16882.0, "poverty_universe": 2288.0, "below_poverty": 114.0, "universe_moe": 341.0, "below_poverty_moe": 80.0, "poverty_pct": 4.9825174825174825 }, "geometry": { "type": "Polygon", "coordinates": [ [ [ 489229.311771290726028, 4425110.177026321180165 ], [ 489300.791614955698606, 4425055.580161469057202 ], [ 489309.069314735534135, 4425051.905865492299199 ], [ 489531.596237543504685, 4424865.355514388531446 ], [ 489651.534862512955442, 4425026.127063698135316 ], [ 489668.463251330715138, 4425041.642677622847259 ], [ 489701.878463583590928, 4425062.019576083868742 ], [ 489716.401215280988254, 4425066.772520544938743 ], [ 489756.737834961677436, 4425090.913976109586656 ], [ 489950.620192208734807, 4425644.384952541440725 ], [ 489979.905632945883553, 4425708.38763765245676 ], [ 489880.462195509462617, 4425857.689874943345785 ], [ 489475.033530091983266, 4425582.873070739209652 ], [ 489544.650230013416149, 4425479.223405383527279 ], [ 489395.59733555407729, 4425378.317575646564364 ], [ 489468.79298632289283, 4425268.779796767048538 ], [ 489272.470217364025302, 4425136.198762658983469 ], [ 489229.311771290726028, 4425110.177026321180165 ] ] ] } },
{ "type": "Feature", "properties": { "geoid": "14000US42101016002", "name": "Census Tract 160.02, Philadelphia, PA", "income": 94926.0, "income_moe": 43996.0, "poverty_universe": 4401.0, "below_poverty": 718.0, "universe_moe": 776.0, "below_poverty_moe": 347.0, "poverty_pct": 16.314473983185639 }, "geometry": { "type": "Polygon", "coordinates": [ [ [ 489107.16672011942137, 4425203.138442383147776 ], [ 489121.415019905078225, 4425195.015800322405994 ], [ 489149.814144649950322, 4425170.224502301774919 ], [ 489229.311771290726028, 4425110.177026321180165 ], [ 489272.470217364025302, 4425136.198762658983469 ], [ 489468.79298632289283, 4425268.779796767048538 ], [ 489395.59733555407729, 4425378.317575646564364 ], [ 489544.650230013416149, 4425479.223405383527279 ], [ 489475.033530091983266, 4425582.873070739209652 ], [ 489880.462195509462617, 4425857.689874943345785 ], [ 489828.306825416861102, 4425931.012867859564722 ], [ 489733.041757929662708, 4426072.098247069865465 ], [ 489595.109451536962297, 4425976.390013175085187 ], [ 489476.582285621028859, 4425900.302690426819026 ], [ 489379.166287598840427, 4425841.613187201321125 ], [ 489267.397887624043506, 4425778.172573503106833 ], [ 489123.506907535134815, 4425703.014467094093561 ], [ 489103.187056457274593, 4425703.931443274021149 ], [ 488861.519216283981223, 4425388.958219165913761 ], [ 489107.16672011942137, 4425203.138442383147776 ] ] ] } },
{ "type": "Feature", "properties": { "geoid": "14000US42101016100", "name": "Census Tract 161, Philadelphia, PA", "income": 95742.0, "income_moe": 24505.0, "poverty_universe": 6752.0, "below_poverty": 747.0, "universe_moe": 986.0, "below_poverty_moe": 355.0, "poverty_pct": 11.063388625592417 }, "geometry": { "type": "Polygon", "coordinates": [ [ [ 488641.385789846652187, 4425556.101568777114153 ], [ 488861.519216283981223, 4425388.958219165913761 ], [ 489103.187056457274593, 4425703.931443274021149 ], [ 489123.506907535134815, 4425703.014467094093561 ], [ 489267.397887624043506, 4425778.172573503106833 ], [ 489379.166287598840427, 4425841.613187201321125 ], [ 489476.582285621028859, 4425900.302690426819026 ], [ 489595.109451536962297, 4425976.390013175085187 ], [ 489733.041757929662708, 4426072.098247069865465 ], [ 489651.238884944934398, 4426190.413557314313948 ], [ 489584.784535658778623, 4426292.837159876711667 ], [ 489558.019787734432612, 4426324.50603986158967 ], [ 489506.177808151929639, 4426372.858080727979541 ], [ 489286.536413629364688, 4426636.654938994906843 ], [ 488738.207498555770144, 4426245.650790836662054 ], [ 488738.180405572988093, 4426227.337439847178757 ], [ 488627.645844090147875, 4425560.783664260059595 ], [ 488641.385789846652187, 4425556.101568777114153 ] ] ] } },
{ "type": "Feature", "properties": { "geoid": "14000US42101016200", "name": "Census Tract 162, Philadelphia, PA", "income": 50972.0, "income_moe": 25791.0, "poverty_universe": 2768.0, "below_poverty": 636.0, "universe_moe": 662.0, "below_poverty_moe": 352.0, "poverty_pct": 22.976878612716764 }, "geometry": { "type": "Polygon", "coordinates": [ [ [ 487619.100598696037196, 4426254.825025847181678 ], [ 487688.819142243242823, 4426127.961032050661743 ], [ 487701.01359295216389, 4425960.346009952016175 ], [ 487690.740495187870692, 4425890.549744652584195 ], [ 488654.277240328490734, 4425726.896189442835748 ], [ 488712.251529809378553, 4426071.989514093846083 ], [ 488707.396631303126924, 4426079.877020015381277 ], [ 488118.26978982903529, 4426181.108914800919592 ], [ 488075.425223077763803, 4426190.721071756444871 ], [ 487996.979648808774073, 4426201.166453481651843 ], [ 487609.644016996026039, 4426267.271327466703951 ], [ 487619.100598696037196, 4426254.825025847181678 ] ] ] } },
{ "type": "Feature", "properties": { "geoid": "14000US42101016300", "name": "Census Tract 163, Philadelphia, PA", "income": 39754.0, "income_moe": 9776.0, "poverty_universe": 2667.0, "below_poverty": 586.0, "universe_moe": 576.0, "below_poverty_moe": 364.0, "poverty_pct": 21.97225346831646 }, "geometry": { "type": "Polygon", "coordinates": [ [ [ 488075.425223077763803, 4426190.721071756444871 ], [ 488118.26978982903529, 4426181.108914800919592 ], [ 488707.396631303126924, 4426079.877020015381277 ], [ 488712.251529809378553, 4426071.989514093846083 ], [ 488738.180405572988093, 4426227.337439847178757 ], [ 488738.207498555770144, 4426245.650790836662054 ], [ 489286.536413629364688, 4426636.654938994906843 ], [ 489247.668380239338148, 4426680.439923889003694 ], [ 488188.909117773990147, 4426861.924646873958409 ], [ 488083.870740536251105, 4426240.875453675165772 ], [ 488075.425223077763803, 4426190.721071756444871 ] ] ] } },
{ "type": "Feature", "properties": { "geoid": "14000US42101016400", "name": "Census Tract 164, Philadelphia, PA", "income": 34324.0, "income_moe": 10650.0, "poverty_universe": 4012.0, "below_poverty": 1480.0, "universe_moe": 789.0, "below_poverty_moe": 558.0, "poverty_pct": 36.889332003988038 }, "geometry": { "type": "Polygon", "coordinates": [ [ [ 487339.059546571341343, 4426765.286411684006453 ], [ 487352.076305482245516, 4426738.183108367025852 ], [ 487403.99465055775363, 4426642.534273997880518 ], [ 487522.317827148654032, 4426432.23461533896625 ], [ 487598.670761197106913, 4426292.040037402883172 ], [ 487609.644016996026039, 4426267.271327466703951 ], [ 487996.979648808774073, 4426201.166453481651843 ], [ 488075.425223077763803, 4426190.721071756444871 ], [ 488188.909117773990147, 4426861.924646873958409 ], [ 487375.133104206470307, 4426999.416309270076454 ], [ 487332.873275036457926, 4426792.822329319082201 ], [ 487339.059546571341343, 4426765.286411684006453 ] ] ] } },
{ "type": "Feature", "properties": { "geoid": "14000US42101016500", "name": "Census Tract 165, Philadelphia, PA", "income": 17875.0, "income_moe": 13633.0, "poverty_universe": 1907.0, "below_poverty": 920.0, "universe_moe": 542.0, "below_poverty_moe": 373.0, "poverty_pct": 48.243314105925535 }, "geometry": { "type": "Polygon", "coordinates": [ [ [ 486932.192236968141515, 4426722.576844743452966 ], [ 486949.17621435970068, 4426719.661952239461243 ], [ 487012.815375171252526, 4426591.359163787215948 ], [ 487091.399202560656704, 4426413.862846576608717 ], [ 487128.349812849715818, 4426302.920904465019703 ], [ 487135.324024739093147, 4426287.148485305719078 ], [ 487176.51598785672104, 4426159.107127705588937 ], [ 487692.314047527266666, 4426071.68330776039511 ], [ 487688.819142243242823, 4426127.961032050661743 ], [ 487619.100598696037196, 4426254.825025847181678 ], [ 487609.644016996026039, 4426267.271327466703951 ], [ 487598.670761197106913, 4426292.040037402883172 ], [ 487522.317827148654032, 4426432.23461533896625 ], [ 487403.99465055775363, 4426642.534273997880518 ], [ 487352.076305482245516, 4426738.183108367025852 ], [ 487339.059546571341343, 4426765.286411684006453 ], [ 487332.873275036457926, 4426792.822329319082201 ], [ 487375.133104206470307, 4426999.416309270076454 ], [ 486990.914934711589012, 4427064.548849042505026 ], [ 486961.50280297891004, 4426888.457295920699835 ], [ 486931.946984736423474, 4426728.903720637783408 ], [ 486932.192236968141515, 4426722.576844743452966 ] ] ] } },
{ "type": "Feature", "properties": { "geoid": "14000US42101016600", "name": "Census Tract 166, Philadelphia, PA", "income": null, "income_moe": null, "poverty_universe": 1787.0, "below_poverty": 930.0, "universe_moe": 405.0, "below_poverty_moe": 362.0, "poverty_pct": 52.042529378847227 }, "geometry": { "type": "Polygon", "coordinates": [ [ [ 487176.51598785672104, 4426159.107127705588937 ], [ 487147.039060865528882, 4426247.505143457092345 ], [ 487135.324024739093147, 4426287.148485305719078 ], [ 487128.349812849715818, 4426302.920904465019703 ], [ 487091.399202560656704, 4426413.862846576608717 ], [ 487039.013858593301848, 4426534.709403139539063 ], [ 487000.139731516072061, 4426617.685529487207532 ], [ 486949.17621435970068, 4426719.661952239461243 ], [ 486932.192236968141515, 4426722.576844743452966 ], [ 486931.946984736423474, 4426728.903720637783408 ], [ 486961.50280297891004, 4426888.457295920699835 ], [ 486990.914934711589012, 4427064.548849042505026 ], [ 486803.245173200382851, 4427095.838315367698669 ], [ 486772.03644376801094, 4426919.972564717754722 ], [ 486657.741256630397402, 4426246.460182348266244 ], [ 487176.51598785672104, 4426159.107127705588937 ] ] ] } },
{ "type": "Feature", "properties": { "geoid": "14000US42101016701", "name": "Census Tract 167.01, Philadelphia, PA", "income": 33343.0, "income_moe": 28005.0, "poverty_universe": 3084.0, "below_poverty": 934.0, "universe_moe": 730.0, "below_poverty_moe": 411.0, "poverty_pct": 30.285343709468222 }, "geometry": { "type": "Polygon", "coordinates": [ [ [ 485975.831348778214306, 4427171.570778327994049 ], [ 486067.254038548679091, 4427028.890978693030775 ], [ 486090.075881488213781, 4426997.771881465800107 ], [ 486041.731782934337389, 4426704.623460241593421 ], [ 486012.229725243058056, 4426538.746861540712416 ], [ 485982.705965629953425, 4426361.771411103196442 ], [ 486251.72873886016896, 4426316.440644524991512 ], [ 486364.862511634535622, 4426989.283290587365627 ], [ 486395.476665987982415, 4427161.707785402424634 ], [ 486348.367457572079729, 4427169.117524008266628 ], [ 486260.639958674786612, 4427185.480023715645075 ], [ 486226.252401440637186, 4427193.866477409377694 ], [ 486039.361668485740665, 4427227.615197394043207 ], [ 485991.995065204217099, 4427233.917712518014014 ], [ 485975.831348778214306, 4427171.570778327994049 ] ] ] } },
{ "type": "Feature", "properties": { "geoid": "14000US42101016702", "name": "Census Tract 167.02, Philadelphia, PA", "income": 33970.0, "income_moe": 9701.0, "poverty_universe": 2486.0, "below_poverty": 658.0, "universe_moe": 597.0, "below_poverty_moe": 598.0, "poverty_pct": 26.468222043443284 }, "geometry": { "type": "Polygon", "coordinates": [ [ [ 486251.72873886016896, 4426316.440644524991512 ], [ 486657.741256630397402, 4426246.460182348266244 ], [ 486772.03644376801094, 4426919.972564717754722 ], [ 486803.245173200382851, 4427095.838315367698669 ], [ 486615.663864853908308, 4427128.020186208188534 ], [ 486529.893068731587846, 4427141.15740998275578 ], [ 486443.17799535987433, 4427151.189548958092928 ], [ 486395.476665987982415, 4427161.707785402424634 ], [ 486364.862511634535622, 4426989.283290587365627 ], [ 486280.818137743510306, 4426492.640948943793774 ], [ 486251.72873886016896, 4426316.440644524991512 ] ] ] } },
{ "type": "Feature", "properties": { "geoid": "14000US42101016800", "name": "Census Tract 168, Philadelphia, PA", "income": 39398.0, "income_moe": 9832.0, "poverty_universe": 3277.0, "below_poverty": 937.0, "universe_moe": 667.0, "below_poverty_moe": 482.0, "poverty_pct": 28.593225511138236 }, "geometry": { "type": "Polygon", "coordinates": [ [ [ 485172.42637696658494, 4426680.295541096478701 ], [ 485581.057827696960885, 4426611.029310767538846 ], [ 485551.6958974932204, 4426434.499123496934772 ], [ 485982.705965629953425, 4426361.771411103196442 ], [ 486090.075881488213781, 4426997.771881465800107 ], [ 486067.254038548679091, 4427028.890978693030775 ], [ 485975.831348778214306, 4427171.570778327994049 ], [ 485991.995065204217099, 4427233.917712518014014 ], [ 485422.533561339194421, 4427331.216131189838052 ], [ 485351.117434946936555, 4426905.593314502388239 ], [ 485215.59641098359134, 4426929.385370039381087 ], [ 485179.163630728668068, 4426720.460996126756072 ], [ 485172.42637696658494, 4426680.295541096478701 ] ] ] } },
{ "type": "Feature", "properties": { "geoid": "14000US42101016901", "name": "Census Tract 169.01, Philadelphia, PA", "income": 39202.0, "income_moe": 27745.0, "poverty_universe": 3549.0, "below_poverty": 1163.0, "universe_moe": 1303.0, "below_poverty_moe": 669.0, "poverty_pct": 32.769794308255847 }, "geometry": { "type": "Polygon", "coordinates": [ [ [ 484610.930575976381078, 4426594.948448412120342 ], [ 484991.055787459365092, 4426530.258848455734551 ], [ 485165.350375814188737, 4426641.573631376028061 ], [ 485215.59641098359134, 4426929.385370039381087 ], [ 485351.117434946936555, 4426905.593314502388239 ], [ 485422.533561339194421, 4427331.216131189838052 ], [ 485151.074206084129401, 4427375.693292943760753 ], [ 484756.14381251326995, 4427443.956528935581446 ], [ 484626.818769513280131, 4426683.819790092296898 ], [ 484610.930575976381078, 4426594.948448412120342 ] ] ] } },
{ "type": "Feature", "properties": { "geoid": "14000US42101016902", "name": "Census Tract 169.02, Philadelphia, PA", "income": 23458.0, "income_moe": 12207.0, "poverty_universe": 4083.0, "below_poverty": 2056.0, "universe_moe": 994.0, "below_poverty_moe": 1001.0, "poverty_pct": 50.355131031104577 }, "geometry": { "type": "Polygon", "coordinates": [ [ [ 483989.382494415971451, 4427311.121407691389322 ], [ 484014.35952363233082, 4427213.17507918830961 ], [ 484108.757028866559267, 4426959.36365267727524 ], [ 484089.429046633827966, 4426861.177302618511021 ], [ 484059.954788415052462, 4426687.871601819992065 ], [ 484610.930575976381078, 4426594.948448412120342 ], [ 484632.426886159635615, 4426712.998987957835197 ], [ 484654.906147652072832, 4426853.134755244478583 ], [ 484756.14381251326995, 4427443.956528935581446 ], [ 483985.752274702477735, 4427573.733179007656872 ], [ 483985.032406582438853, 4427393.929654978215694 ], [ 483989.382494415971451, 4427311.121407691389322 ] ] ] } },
{ "type": "Feature", "properties": { "geoid": "14000US42101017000", "name": "Census Tract 170, Philadelphia, PA", "income": 33295.0, "income_moe": 20497.0, "poverty_universe": 2985.0, "below_poverty": 939.0, "universe_moe": 541.0, "below_poverty_moe": 422.0, "poverty_pct": 31.457286432160803 }, "geometry": { "type": "Polygon", "coordinates": [ [ [ 483572.622849856619723, 4428494.395387486554682 ], [ 483603.745070830336772, 4428440.275642064400017 ], [ 483669.862017143808771, 4428187.07409468665719 ], [ 483631.87065195426112, 4427746.854938489384949 ], [ 483712.486459773441311, 4427763.441557365469635 ], [ 483737.350348244828638, 4427734.752739015035331 ], [ 483817.73428203293588, 4427762.773022707551718 ], [ 483882.85118357418105, 4427796.930973826907575 ], [ 483914.279445723746903, 4427804.411840762943029 ], [ 484008.769548177951947, 4427802.880770355463028 ], [ 484042.169305172224995, 4427814.353690969757736 ], [ 484073.378895664704032, 4427839.816185348667204 ], [ 484130.949842624308076, 4427899.297962201759219 ], [ 484241.706107714388054, 4428045.131691829301417 ], [ 484283.690549642778933, 4428081.005879091098905 ], [ 484538.688056421931833, 4428183.260895725339651 ], [ 484799.471941804571543, 4428365.537282162345946 ], [ 485147.818525134644005, 4428593.934322793036699 ], [ 485512.770200514933094, 4428723.866742077283561 ], [ 485564.11702410725411, 4428751.183863804675639 ], [ 485008.454401461582165, 4429553.50263852160424 ], [ 484867.683779452345334, 4429445.232216780073941 ], [ 484438.912442354252562, 4429061.846540072001517 ], [ 484383.520253881753888, 4429018.895565715618432 ], [ 484329.508987661683932, 4428983.711519154720008 ], [ 484214.590966965537518, 4428922.57113566249609 ], [ 483817.535922896233387, 4428752.923365600407124 ], [ 483739.771469651546795, 4428707.693889875896275 ], [ 483652.135757098265458, 4428636.847497425973415 ], [ 483543.407481644768268, 4428522.317270223982632 ], [ 483572.622849856619723, 4428494.395387486554682 ] ] ] } },
{ "type": "Feature", "properties": { "geoid": "14000US42101017100", "name": "Census Tract 171, Philadelphia, PA", "income": 22399.0, "income_moe": 15692.0, "poverty_universe": 3953.0, "below_poverty": 1516.0, "universe_moe": 845.0, "below_poverty_moe": 847.0, "poverty_pct": 38.350619782443715 }, "geometry": { "type": "Polygon", "coordinates": [ [ [ 483985.752274702477735, 4427573.733179007656872 ], [ 484618.585704251076095, 4427467.874362400732934 ], [ 484625.611050821375102, 4427480.513106469996274 ], [ 484692.914126182324253, 4427541.200334400869906 ], [ 484721.467277750605717, 4427562.120195552706718 ], [ 485091.034203550952952, 4427883.815172749571502 ], [ 485103.285889385791961, 4427906.9882428701967 ], [ 485509.977330289490055, 4427840.052357567474246 ], [ 485567.041621211683378, 4428178.354674619622529 ], [ 485839.839123999001458, 4428133.223741830326617 ], [ 485869.358567487564869, 4428309.644165457226336 ], [ 485564.11702410725411, 4428751.183863804675639 ], [ 485512.770200514933094, 4428723.866742077283561 ], [ 485147.818525134644005, 4428593.934322793036699 ], [ 484799.471941804571543, 4428365.537282162345946 ], [ 484538.688056421931833, 4428183.260895725339651 ], [ 484298.47254164412152, 4428088.411743615753949 ], [ 484267.962952419416979, 4428070.383264010772109 ], [ 484241.706107714388054, 4428045.131691829301417 ], [ 484130.949842624308076, 4427899.297962201759219 ], [ 484049.69139633938903, 4427819.332504958845675 ], [ 483987.117959552269895, 4427614.241940981708467 ], [ 483985.752274702477735, 4427573.733179007656872 ] ] ] } },
{ "type": "Feature", "properties": { "geoid": "14000US42101017201", "name": "Census Tract 172.01, Philadelphia, PA", "income": null, "income_moe": null, "poverty_universe": 2675.0, "below_poverty": 973.0, "universe_moe": 803.0, "below_poverty_moe": 427.0, "poverty_pct": 36.373831775700936 }, "geometry": { "type": "Polygon", "coordinates": [ [ [ 485287.018191235023551, 4427354.11902891099453 ], [ 485695.528655625123065, 4427284.636962244287133 ], [ 485810.490087413985748, 4427957.358110938221216 ], [ 485823.192985445028171, 4428040.688465220853686 ], [ 485839.839123999001458, 4428133.223741830326617 ], [ 485749.645600298710633, 4428148.042931477539241 ], [ 485702.035154720477294, 4428157.677467040717602 ], [ 485567.041621211683378, 4428178.354674619622529 ], [ 485452.490795822697692, 4427506.746010914444923 ], [ 485317.918311332701705, 4427530.09053885191679 ], [ 485295.484710336080752, 4427406.268271187320352 ], [ 485287.018191235023551, 4427354.11902891099453 ] ] ] } },
{ "type": "Feature", "properties": { "geoid": "14000US42101017202", "name": "Census Tract 172.02, Philadelphia, PA", "income": 55147.0, "income_moe": 15447.0, "poverty_universe": 4538.0, "below_poverty": 937.0, "universe_moe": 852.0, "below_poverty_moe": 488.0, "poverty_pct": 20.647862494490965 }, "geometry": { "type": "Polygon", "coordinates": [ [ [ 484618.585704251076095, 4427467.874362400732934 ], [ 484847.795655980880838, 4427429.4556765826419 ], [ 485151.074206084129401, 4427375.693292943760753 ], [ 485287.018191235023551, 4427354.11902891099453 ], [ 485308.609376388718374, 4427483.603413491509855 ], [ 485317.918311332701705, 4427530.09053885191679 ], [ 485452.490795822697692, 4427506.746010914444923 ], [ 485509.977330289490055, 4427840.052357567474246 ], [ 485103.285889385791961, 4427906.9882428701967 ], [ 485091.034203550952952, 4427883.815172749571502 ], [ 485041.100163599883672, 4427840.848771990276873 ], [ 485034.084570329403505, 4427832.64925292134285 ], [ 484950.978111820004415, 4427763.332967995665967 ], [ 484887.354191516060382, 4427704.966952899470925 ], [ 484721.467277750605717, 4427562.120195552706718 ], [ 484692.914126182324253, 4427541.200334400869906 ], [ 484625.611050821375102, 4427480.513106469996274 ], [ 484618.585704251076095, 4427467.874362400732934 ] ] ] } },
{ "type": "Feature", "properties": { "geoid": "14000US42101017300", "name": "Census Tract 173, Philadelphia, PA", "income": 28372.0, "income_moe": 14031.0, "poverty_universe": 2750.0, "below_poverty": 1152.0, "universe_moe": 787.0, "below_poverty_moe": 591.0, "poverty_pct": 41.890909090909091 }, "geometry": { "type": "Polygon", "coordinates": [ [ [ 485695.528655625123065, 4427284.636962244287133 ], [ 486039.361668485740665, 4427227.615197394043207 ], [ 486443.17799535987433, 4427151.189548958092928 ], [ 486615.663864853908308, 4427128.020186208188534 ], [ 486803.245173200382851, 4427095.838315367698669 ], [ 486887.695136346272193, 4427603.696070797741413 ], [ 486494.041444342234172, 4427671.644934603944421 ], [ 486486.199876427475829, 4427678.207304636016488 ], [ 486484.598130884813145, 4427689.531193732284009 ], [ 486568.11236271308735, 4428190.728154408745468 ], [ 486301.034271942917258, 4428237.376535961404443 ], [ 486271.014240322343539, 4428061.954319939017296 ], [ 485839.839123999001458, 4428133.223741830326617 ], [ 485725.990694715466816, 4427459.500985158607364 ], [ 485695.528655625123065, 4427284.636962244287133 ] ] ] } },
{ "type": "Feature", "properties": { "geoid": "14000US42101017400", "name": "Census Tract 174, Philadelphia, PA", "income": 24279.0, "income_moe": 14590.0, "poverty_universe": 2135.0, "below_poverty": 950.0, "universe_moe": 540.0, "below_poverty_moe": 548.0, "poverty_pct": 44.496487119437937 }, "geometry": { "type": "Polygon", "coordinates": [ [ [ 487375.133104206470307, 4426999.416309270076454 ], [ 487411.789735977654345, 4427174.498549463227391 ], [ 487444.586639142245986, 4427339.487238025292754 ], [ 487467.3195724618854, 4427458.875564035959542 ], [ 487474.64998542732792, 4427504.14763224311173 ], [ 487466.895872996654361, 4427512.595680920407176 ], [ 487460.477270206087269, 4427554.449690649285913 ], [ 487390.914041031035595, 4427764.780784535221756 ], [ 487194.166451970115304, 4427667.659640287049115 ], [ 486872.774971014587209, 4427515.262301798909903 ], [ 486803.245173200382851, 4427095.838315367698669 ], [ 487375.133104206470307, 4426999.416309270076454 ] ] ] } },
{ "type": "Feature", "properties": { "geoid": "14000US42101017500", "name": "Census Tract 175, Philadelphia, PA", "income": 31261.0, "income_moe": 8508.0, "poverty_universe": 6405.0, "below_poverty": 3016.0, "universe_moe": 2079.0, "below_poverty_moe": 1957.0, "poverty_pct": 47.088212334113976 }, "geometry": { "type": "Polygon", "coordinates": [ [ [ 487375.133104206470307, 4426999.416309270076454 ], [ 488031.357318301510531, 4426888.253522174432874 ], [ 488249.238408697710838, 4428170.853178538382053 ], [ 487712.036715753551107, 4427922.305985383689404 ], [ 487390.914041031035595, 4427764.780784535221756 ], [ 487460.477270206087269, 4427554.449690649285913 ], [ 487466.895872996654361, 4427512.595680920407176 ], [ 487474.64998542732792, 4427504.14763224311173 ], [ 487444.586639142245986, 4427339.487238025292754 ], [ 487391.311813069216441, 4427077.526773387566209 ], [ 487375.133104206470307, 4426999.416309270076454 ] ] ] } },
{ "type": "Feature", "properties": { "geoid": "14000US42101017601", "name": "Census Tract 176.01, Philadelphia, PA", "income": 22262.0, "income_moe": 8789.0, "poverty_universe": 4435.0, "below_poverty": 2240.0, "universe_moe": 969.0, "below_poverty_moe": 926.0, "poverty_pct": 50.507328072153328 }, "geometry": { "type": "Polygon", "coordinates": [ [ [ 488031.357318301510531, 4426888.253522174432874 ], [ 489155.149910855921917, 4426697.885673314332962 ], [ 489172.555573884164914, 4426810.738044543191791 ], [ 489148.530641214398202, 4426845.51223402004689 ], [ 489165.281815602618735, 4426858.58522826153785 ], [ 489151.640349846857134, 4426871.035578027367592 ], [ 489038.719796109187882, 4427006.161642987281084 ], [ 488926.29704720369773, 4427128.635796439833939 ], [ 488891.944254351663403, 4427162.981894350610673 ], [ 488853.661679385695606, 4427195.114096990786493 ], [ 488818.374242428399157, 4427232.014681406319141 ], [ 488788.271375109325163, 4427253.258142762817442 ], [ 488739.502920549421106, 4427294.285618212074041 ], [ 488437.494859205326065, 4427472.101264546625316 ], [ 488191.289811146096326, 4427625.868237445130944 ], [ 488159.306432947749272, 4427643.343452990055084 ], [ 488061.256712077709381, 4427064.237356888130307 ], [ 488031.357318301510531, 4426888.253522174432874 ] ] ] } },
{ "type": "Feature", "properties": { "geoid": "14000US42101017602", "name": "Census Tract 176.02, Philadelphia, PA", "income": 32744.0, "income_moe": 11114.0, "poverty_universe": 3285.0, "below_poverty": 1456.0, "universe_moe": 655.0, "below_poverty_moe": 469.0, "poverty_pct": 44.32267884322679 }, "geometry": { "type": "Polygon", "coordinates": [ [ [ 488159.306432947749272, 4427643.343452990055084 ], [ 488191.289811146096326, 4427625.868237445130944 ], [ 488437.494859205326065, 4427472.101264546625316 ], [ 488739.502920549421106, 4427294.285618212074041 ], [ 488788.271375109325163, 4427253.258142762817442 ], [ 488818.374242428399157, 4427232.014681406319141 ], [ 488853.661679385695606, 4427195.114096990786493 ], [ 488891.944254351663403, 4427162.981894350610673 ], [ 488926.29704720369773, 4427128.635796439833939 ], [ 489038.719796109187882, 4427006.161642987281084 ], [ 489151.640349846857134, 4426871.035578027367592 ], [ 489165.281815602618735, 4426858.58522826153785 ], [ 489189.724881194066256, 4426877.751798615790904 ], [ 489189.084649351076223, 4426907.831090027466416 ], [ 489286.633476982067805, 4427493.94437797088176 ], [ 489297.293863418744877, 4427547.537760256789625 ], [ 488175.586642017588019, 4427737.882068063132465 ], [ 488162.149251634371467, 4427659.98760836198926 ], [ 488159.306432947749272, 4427643.343452990055084 ] ] ] } },
{ "type": "Feature", "properties": { "geoid": "14000US42101017701", "name": "Census Tract 177.01, Philadelphia, PA", "income": null, "income_moe": null, "poverty_universe": 2883.0, "below_poverty": 1509.0, "universe_moe": 844.0, "below_poverty_moe": 754.0, "poverty_pct": 52.34131113423517 }, "geometry": { "type": "Polygon", "coordinates": [ [ [ 489729.275533876614645, 4426950.813114011660218 ], [ 489903.423800279328134, 4427076.110147499479353 ], [ 490192.571433387289289, 4427280.731189394369721 ], [ 490320.823527303058654, 4427374.131855044513941 ], [ 490428.048310490616132, 4427447.80482030287385 ], [ 490526.219557332806289, 4427519.048776750452816 ], [ 490479.453285430965479, 4427528.985290713608265 ], [ 490452.568182123359293, 4427532.237697799690068 ], [ 490403.753253178787418, 4427542.066258132457733 ], [ 490314.822500234469771, 4427555.275799101218581 ], [ 489842.536547540221363, 4427636.581639354117215 ], [ 489756.902419258723967, 4427116.817424034699798 ], [ 489729.275533876614645, 4426950.813114011660218 ] ] ] } },
{ "type": "Feature", "properties": { "geoid": "14000US42101017702", "name": "Census Tract 177.02, Philadelphia, PA", "income": 24420.0, "income_moe": 19458.0, "poverty_universe": 3914.0, "below_poverty": 2015.0, "universe_moe": 745.0, "below_poverty_moe": 755.0, "poverty_pct": 51.481859989780276 }, "geometry": { "type": "Polygon", "coordinates": [ [ [ 489148.530641214398202, 4426845.51223402004689 ], [ 489172.555573884164914, 4426810.738044543191791 ], [ 489155.149910855921917, 4426697.885673314332962 ], [ 489247.668380239338148, 4426680.439923889003694 ], [ 489257.47346001828555, 4426671.435864538885653 ], [ 489286.536413629364688, 4426636.654938994906843 ], [ 489729.275533876614645, 4426950.813114011660218 ], [ 489842.536547540221363, 4427636.581639354117215 ], [ 489325.027291590115055, 4427723.418683487921953 ], [ 489297.293863418744877, 4427547.537760256789625 ], [ 489286.633476982067805, 4427493.94437797088176 ], [ 489189.084649351076223, 4426907.831090027466416 ], [ 489189.724881194066256, 4426877.751798615790904 ], [ 489165.281815602618735, 4426858.58522826153785 ], [ 489148.530641214398202, 4426845.51223402004689 ] ] ] } },
{ "type": "Feature", "properties": { "geoid": "14000US42101017800", "name": "Census Tract 178, Philadelphia, PA", "income": null, "income_moe": null, "poverty_universe": 7035.0, "below_poverty": 2878.0, "universe_moe": 2022.0, "below_poverty_moe": 1280.0, "poverty_pct": 40.909737029140011 }, "geometry": { "type": "Polygon", "coordinates": [ [ [ 489286.536413629364688, 4426636.654938994906843 ], [ 489506.177808151929639, 4426372.858080727979541 ], [ 489554.949149486958049, 4426326.619066883809865 ], [ 489567.59831493103411, 4426336.479850654490292 ], [ 489609.583863016800024, 4426384.814164098352194 ], [ 489632.251830726803746, 4426416.748442935757339 ], [ 489665.930897205893416, 4426384.293497705832124 ], [ 489683.108012625947595, 4426396.590112732723355 ], [ 489743.092272664885968, 4426307.605883959680796 ], [ 490245.62630868027918, 4426648.240259140729904 ], [ 490242.561729718057904, 4426655.125582540407777 ], [ 490525.850483048066963, 4426811.152950289659202 ], [ 490649.64765213849023, 4426888.693038696423173 ], [ 490320.823527303058654, 4427374.131855044513941 ], [ 489537.09116222942248, 4426813.00293948687613 ], [ 489440.787556351220701, 4426747.429676875472069 ], [ 489337.041719271743204, 4426672.433881374076009 ], [ 489286.536413629364688, 4426636.654938994906843 ] ] ] } },
{ "type": "Feature", "properties": { "geoid": "14000US42101017900", "name": "Census Tract 179, Philadelphia, PA", "income": 58417.0, "income_moe": 24719.0, "poverty_universe": 5306.0, "below_poverty": 1391.0, "universe_moe": 1108.0, "below_poverty_moe": 780.0, "poverty_pct": 26.215604975499435 }, "geometry": { "type": "Polygon", "coordinates": [ [ [ 489584.784535658778623, 4426292.837159876711667 ], [ 489651.238884944934398, 4426190.413557314313948 ], [ 489880.462195509462617, 4425857.689874943345785 ], [ 489979.905632945883553, 4425708.38763765245676 ], [ 490092.65679307008395, 4425874.725242173299193 ], [ 490129.623371462977957, 4425937.9415966514498 ], [ 490159.791442938963883, 4425894.172434562817216 ], [ 490957.54901600885205, 4426434.814957206137478 ], [ 490649.64765213849023, 4426888.693038696423173 ], [ 490525.850483048066963, 4426811.152950289659202 ], [ 490242.561729718057904, 4426655.125582540407777 ], [ 490245.62630868027918, 4426648.240259140729904 ], [ 489743.092272664885968, 4426307.605883959680796 ], [ 489683.108012625947595, 4426396.590112732723355 ], [ 489665.930897205893416, 4426384.293497705832124 ], [ 489632.251830726803746, 4426416.748442935757339 ], [ 489609.583863016800024, 4426384.814164098352194 ], [ 489567.59831493103411, 4426336.479850654490292 ], [ 489554.949149486958049, 4426326.619066883809865 ], [ 489584.784535658778623, 4426292.837159876711667 ] ] ] } },
{ "type": "Feature", "properties": { "geoid": "14000US42101018001", "name": "Census Tract 180.01, Philadelphia, PA", "income": 65357.0, "income_moe": 35785.0, "poverty_universe": 2239.0, "below_poverty": 230.0, "universe_moe": 298.0, "below_poverty_moe": 133.0, "poverty_pct": 10.272443054935239 }, "geometry": { "type": "Polygon", "coordinates": [ [ [ 489979.905632945883553, 4425708.38763765245676 ], [ 490221.000525006558746, 4425355.347762703895569 ], [ 490331.706518209422939, 4425188.721384845674038 ], [ 490542.024609977612272, 4425330.746429280377924 ], [ 490663.206685401324648, 4425414.838290060870349 ], [ 490695.421237611793913, 4425434.44408908393234 ], [ 490562.974575942847878, 4425630.615499258972704 ], [ 490707.990637206938118, 4425728.774330901913345 ], [ 490679.873093615053222, 4425776.756410331465304 ], [ 490653.890850830473937, 4425825.06894691940397 ], [ 490504.167908918985631, 4426128.035263204947114 ], [ 490159.791442938963883, 4425894.172434562817216 ], [ 490129.623371462977957, 4425937.9415966514498 ], [ 490092.65679307008395, 4425874.725242173299193 ], [ 490000.95046669151634, 4425739.326207573525608 ], [ 489979.905632945883553, 4425708.38763765245676 ] ] ] } },
{ "type": "Feature", "properties": { "geoid": "14000US42101018002", "name": "Census Tract 180.02, Philadelphia, PA", "income": 59983.0, "income_moe": 49737.0, "poverty_universe": 5054.0, "below_poverty": 358.0, "universe_moe": 1086.0, "below_poverty_moe": 284.0, "poverty_pct": 7.0834982192322915 }, "geometry": { "type": "Polygon", "coordinates": [ [ [ 490653.890850830473937, 4425825.06894691940397 ], [ 490707.990637206938118, 4425728.774330901913345 ], [ 490562.974575942847878, 4425630.615499258972704 ], [ 490695.421237611793913, 4425434.44408908393234 ], [ 490761.82353836792754, 4425481.75597361382097 ], [ 491339.046497858304065, 4425872.428370388224721 ], [ 491248.867094226472545, 4426006.163552008569241 ], [ 491174.794739432167262, 4426111.80064925737679 ], [ 490957.54901600885205, 4426434.814957206137478 ], [ 490504.167908918985631, 4426128.035263204947114 ], [ 490653.890850830473937, 4425825.06894691940397 ] ] ] } },
{ "type": "Feature", "properties": { "geoid": "14000US42101018300", "name": "Census Tract 183, Philadelphia, PA", "income": 93393.0, "income_moe": 18997.0, "poverty_universe": 4282.0, "below_poverty": 356.0, "universe_moe": 699.0, "below_poverty_moe": 211.0, "poverty_pct": 8.3138720224194298 }, "geometry": { "type": "Polygon", "coordinates": [ [ [ 492627.363433482882101, 4427638.146274793893099 ], [ 492667.178824090980925, 4427588.05116662196815 ], [ 492721.412248165986966, 4427528.841261851601303 ], [ 492817.361775331955869, 4427440.734785641543567 ], [ 492885.237493844470009, 4427362.089905411936343 ], [ 493227.873986018530559, 4426864.874079251661897 ], [ 493316.476869098958559, 4426755.137479761615396 ], [ 493699.639230884844437, 4426363.237574312835932 ], [ 493962.391167410532944, 4426105.527742155827582 ], [ 494209.834836939291563, 4425903.777688805945218 ], [ 494375.503868148487527, 4426060.926300586201251 ], [ 494406.697777534544002, 4426102.635558129288256 ], [ 494072.223150015575811, 4426260.71647525113076 ], [ 493831.197079684643541, 4426672.237229776568711 ], [ 494206.513965638761874, 4426925.110783914104104 ], [ 494280.05919368006289, 4426981.549143377691507 ], [ 494318.507801345491316, 4427025.472447773441672 ], [ 494351.922169051831588, 4427073.284339250996709 ], [ 494412.115440344379749, 4427202.099507552571595 ], [ 494361.879130737972446, 4427261.849289284087718 ], [ 493919.965782843064517, 4428038.455591279082 ], [ 493756.161224313487764, 4427928.152865324169397 ], [ 493563.111427744850516, 4428265.94646022003144 ], [ 493549.66191057593096, 4428308.911139605566859 ], [ 493539.903463990660384, 4428376.290603060275316 ], [ 493190.149599685508292, 4428019.650524873286486 ], [ 492638.980272966902703, 4427646.126330951228738 ], [ 492627.363433482882101, 4427638.146274793893099 ] ] ] } },
{ "type": "Feature", "properties": { "geoid": "14000US42101018400", "name": "Census Tract 184, Philadelphia, PA", "income": 71579.0, "income_moe": 33975.0, "poverty_universe": 2171.0, "below_poverty": 283.0, "universe_moe": 351.0, "below_poverty_moe": 155.0, "poverty_pct": 13.03546752648549 }, "geometry": { "type": "Polygon", "coordinates": [ [ [ 493549.66191057593096, 4428308.911139605566859 ], [ 493563.111427744850516, 4428265.94646022003144 ], [ 493756.161224313487764, 4427928.152865324169397 ], [ 493919.965782843064517, 4428038.455591279082 ], [ 494361.879130737972446, 4427261.849289284087718 ], [ 494412.115440344379749, 4427202.099507552571595 ], [ 494351.922169051831588, 4427073.284339250996709 ], [ 494280.05919368006289, 4426981.549143377691507 ], [ 494206.513965638761874, 4426925.110783914104104 ], [ 493831.197079684643541, 4426672.237229776568711 ], [ 494072.223150015575811, 4426260.71647525113076 ], [ 494406.697777534544002, 4426102.635558129288256 ], [ 494654.364287468371913, 4426444.528883885592222 ], [ 494782.693857401609421, 4426710.705038536339998 ], [ 494870.862336317833979, 4426933.957228663377464 ], [ 495012.189979968592525, 4427388.701023841276765 ], [ 495041.352505308634136, 4427470.703736439347267 ], [ 495291.552640469511971, 4428024.497235807590187 ], [ 495395.54785271192668, 4428216.224877322092652 ], [ 495010.490989848854952, 4428312.474342088215053 ], [ 495030.238391381979454, 4428359.521335176192224 ], [ 495009.241124372114427, 4428358.869139328598976 ], [ 494993.028149982565083, 4428365.095254606567323 ], [ 494752.091697307303548, 4428510.433095593936741 ], [ 494734.681265873834491, 4428512.220973487012088 ], [ 494700.702650640276261, 4428499.591661687940359 ], [ 494683.964313318021595, 4428486.062510624527931 ], [ 494661.832870123034809, 4428449.895136353559792 ], [ 494630.072618092992343, 4428436.709632185287774 ], [ 494581.167600597371347, 4428439.186101229861379 ], [ 494577.067931484431028, 4428435.304358568042517 ], [ 494488.053870577248745, 4428446.689357781782746 ], [ 494375.205729094857816, 4428429.45745952334255 ], [ 494305.535908718418796, 4428399.541883832775056 ], [ 494221.93911280593602, 4428351.324096099473536 ], [ 494142.843613439239562, 4428607.883452186360955 ], [ 494116.226448454253841, 4428733.878162928856909 ], [ 494028.631852317485027, 4428699.872351787984371 ], [ 493813.264413372962736, 4428661.3088015075773 ], [ 493735.183124213072006, 4428574.245199910365045 ], [ 493539.903463990660384, 4428376.290603060275316 ], [ 493549.66191057593096, 4428308.911139605566859 ] ] ] } },
{ "type": "Feature", "properties": { "geoid": "14000US42101018801", "name": "Census Tract 188.01, Philadelphia, PA", "income": null, "income_moe": null, "poverty_universe": 3055.0, "below_poverty": 1577.0, "universe_moe": 617.0, "below_poverty_moe": 666.0, "poverty_pct": 51.620294599018003 }, "geometry": { "type": "Polygon", "coordinates": [ [ [ 490320.823527303058654, 4427374.131855044513941 ], [ 490634.224585767602548, 4426912.130950299091637 ], [ 491235.267052724200767, 4427319.193346520885825 ], [ 491056.649991272366606, 4427580.894436586648226 ], [ 491022.56945266679395, 4427635.319855413399637 ], [ 490918.355581484909635, 4427788.6102802651003 ], [ 490914.184632708725985, 4427798.382416483014822 ], [ 490719.220013699261472, 4427655.440100175328553 ], [ 490670.52522555476753, 4427623.645405528135598 ], [ 490428.048310490616132, 4427447.80482030287385 ], [ 490334.323178637831006, 4427383.659867630340159 ], [ 490320.823527303058654, 4427374.131855044513941 ] ] ] } },
{ "type": "Feature", "properties": { "geoid": "14000US42101018802", "name": "Census Tract 188.02, Philadelphia, PA", "income": null, "income_moe": null, "poverty_universe": 3436.0, "below_poverty": 1740.0, "universe_moe": 1559.0, "below_poverty_moe": 1405.0, "poverty_pct": 50.640279394644935 }, "geometry": { "type": "Polygon", "coordinates": [ [ [ 490918.355581484909635, 4427788.6102802651003 ], [ 491022.56945266679395, 4427635.319855413399637 ], [ 491056.649991272366606, 4427580.894436586648226 ], [ 491176.039750560419634, 4427406.500193741172552 ], [ 491201.43283654958941, 4427367.291202574968338 ], [ 491235.267052724200767, 4427319.193346520885825 ], [ 491280.206273194286041, 4427351.772873659618199 ], [ 491378.108868928160518, 4427417.922542922198772 ], [ 491432.353109397401568, 4427451.935307246632874 ], [ 491638.918654926063027, 4427594.883071430958807 ], [ 491598.527358253079001, 4427658.414047542028129 ], [ 491497.450218477810267, 4427802.480849274434149 ], [ 491464.301620268728584, 4427852.574635186232626 ], [ 491456.895477549929637, 4427870.452402861788869 ], [ 491381.110828988894355, 4427882.635830190032721 ], [ 491105.972399117192253, 4427931.677284796722233 ], [ 490914.184632708725985, 4427798.382416483014822 ], [ 490918.355581484909635, 4427788.6102802651003 ] ] ] } },
{ "type": "Feature", "properties": { "geoid": "14000US42101019000", "name": "Census Tract 190, Philadelphia, PA", "income": 38856.0, "income_moe": 12846.0, "poverty_universe": 7426.0, "below_poverty": 2187.0, "universe_moe": 1545.0, "below_poverty_moe": 1286.0, "poverty_pct": 29.450579046593052 }, "geometry": { "type": "Polygon", "coordinates": [ [ [ 491140.323495162650943, 4428110.220833575353026 ], [ 491309.805798336630687, 4428079.946938153356314 ], [ 492098.824984780570958, 4428641.697266463190317 ], [ 492081.353340642526746, 4428665.800377615727484 ], [ 491976.034433306718711, 4428749.153647390194237 ], [ 491918.63819611503277, 4428790.058932797051966 ], [ 491907.388650792883709, 4428805.49858000036329 ], [ 491889.679699457774404, 4428846.25097627658397 ], [ 491882.556584084464703, 4428889.433904201723635 ], [ 491884.963591275678482, 4428905.635958698578179 ], [ 492004.779131992079783, 4429138.145333438180387 ], [ 492019.585968149651308, 4429178.419372838921845 ], [ 492023.970164581609424, 4429208.604220782406628 ], [ 492021.180379084078595, 4429233.913008376024663 ], [ 492012.16477656835923, 4429263.223997266963124 ], [ 491962.778404585609678, 4429369.716052027419209 ], [ 491943.781897446897347, 4429402.4783945819363 ], [ 491917.954976353270467, 4429432.140304394066334 ], [ 491822.456394248874858, 4429509.713886153884232 ], [ 491798.661826792347711, 4429523.946318217553198 ], [ 491760.781473169452511, 4429533.754446679726243 ], [ 491744.994928693340626, 4429534.992465107701719 ], [ 491718.536319869861472, 4429532.024485144764185 ], [ 491717.251136260747444, 4429449.004858061671257 ], [ 491684.935216592857614, 4429240.710667874664068 ], [ 491607.460927434498444, 4429256.445449937134981 ], [ 491332.879421666788403, 4429302.481572085991502 ], [ 491247.366446835396346, 4428783.587377076037228 ], [ 491223.023087961890269, 4428619.127418026328087 ], [ 491146.855226851941552, 4428148.615930574014783 ], [ 491140.323495162650943, 4428110.220833575353026 ] ] ] } },
{ "type": "Feature", "properties": { "geoid": "14000US42101019100", "name": "Census Tract 191, Philadelphia, PA", "income": 48004.0, "income_moe": 16557.0, "poverty_universe": 8704.0, "below_poverty": 2577.0, "universe_moe": 1489.0, "below_poverty_moe": 1092.0, "poverty_pct": 29.607077205882351 }, "geometry": { "type": "Polygon", "coordinates": [ [ [ 490270.693471443664748, 4428158.565219071693718 ], [ 490622.455078389495611, 4428098.965561917982996 ], [ 490609.293553337920457, 4428016.293892693705857 ], [ 491105.972399117192253, 4427931.677284796722233 ], [ 491309.805798336630687, 4428079.946938153356314 ], [ 491140.323495162650943, 4428110.220833575353026 ], [ 491332.879421666788403, 4429302.481572085991502 ], [ 491684.935216592857614, 4429240.710667874664068 ], [ 491717.251136260747444, 4429449.004858061671257 ], [ 491718.536319869861472, 4429532.024485144764185 ], [ 491655.396396067226306, 4429542.63762466236949 ], [ 491595.263039069250226, 4429570.895485896617174 ], [ 491568.216103135084268, 4429576.031000162474811 ], [ 491505.99651464773342, 4429569.662784746848047 ], [ 491430.102610476082191, 4429545.662955359555781 ], [ 491386.486727286654059, 4429539.274773961864412 ], [ 491296.028591188020073, 4429541.153626084327698 ], [ 491246.694031920051202, 4429534.106849697418511 ], [ 491144.562533025571611, 4429551.650639615952969 ], [ 491036.866514423221815, 4429553.996631653048098 ], [ 491011.708118155540433, 4429568.233139175921679 ], [ 490945.746395335707348, 4429573.083993464708328 ], [ 490901.213565987360198, 4429585.124146681278944 ], [ 490875.878987673320808, 4429594.477724000811577 ], [ 490855.768840316741262, 4429619.363804388791323 ], [ 490817.590322975069284, 4429592.88302571605891 ], [ 490801.807540188310668, 4429597.008757588453591 ], [ 490496.543346154910978, 4429524.241240873001516 ], [ 490293.231458055728581, 4428295.609718982130289 ], [ 490270.693471443664748, 4428158.565219071693718 ] ] ] } },
{ "type": "Feature", "properties": { "geoid": "14000US42101019200", "name": "Census Tract 192, Philadelphia, PA", "income": 22229.0, "income_moe": 14415.0, "poverty_universe": 7884.0, "below_poverty": 2550.0, "universe_moe": 1835.0, "below_poverty_moe": 1072.0, "poverty_pct": 32.343987823439875 }, "geometry": { "type": "Polygon", "coordinates": [ [ [ 489325.027291590115055, 4427723.418683487921953 ], [ 490403.753253178787418, 4427542.066258132457733 ], [ 490526.219557332806289, 4427519.048776750452816 ], [ 490670.52522555476753, 4427623.645405528135598 ], [ 490719.220013699261472, 4427655.440100175328553 ], [ 490914.184632708725985, 4427798.382416483014822 ], [ 491105.972399117192253, 4427931.677284796722233 ], [ 490609.293553337920457, 4428016.293892693705857 ], [ 490622.455078389495611, 4428098.965561917982996 ], [ 490270.693471443664748, 4428158.565219071693718 ], [ 490255.649816853168886, 4428075.452587886713445 ], [ 490091.034657948708627, 4428104.078780348412693 ], [ 490073.829382306372281, 4428001.324008126743138 ], [ 489919.11408433446195, 4428029.497042328119278 ], [ 489840.777917312690988, 4427981.653347707353532 ], [ 489390.36893150024116, 4428058.851579287089407 ], [ 489380.806377267581411, 4428056.97808170504868 ], [ 489334.066194929822814, 4427777.680352512747049 ], [ 489325.027291590115055, 4427723.418683487921953 ] ] ] } },
{ "type": "Feature", "properties": { "geoid": "14000US42101019501", "name": "Census Tract 195.01, Philadelphia, PA", "income": 26594.0, "income_moe": 3966.0, "poverty_universe": 4536.0, "below_poverty": 1870.0, "universe_moe": 1032.0, "below_poverty_moe": 919.0, "poverty_pct": 41.225749559082892 }, "geometry": { "type": "Polygon", "coordinates": [ [ [ 488175.586642017588019, 4427737.882068063132465 ], [ 489297.293863418744877, 4427547.537760256789625 ], [ 489353.087066597887315, 4427889.421140099875629 ], [ 488255.323011866945308, 4428076.057809176854789 ], [ 488233.899961979768705, 4428076.978835908696055 ], [ 488199.275841439841315, 4427876.583477491512895 ], [ 488175.586642017588019, 4427737.882068063132465 ] ] ] } },
{ "type": "Feature", "properties": { "geoid": "14000US42101019502", "name": "Census Tract 195.02, Philadelphia, PA", "income": 40859.0, "income_moe": 10720.0, "poverty_universe": 3785.0, "below_poverty": 1772.0, "universe_moe": 718.0, "below_poverty_moe": 843.0, "poverty_pct": 46.816380449141349 }, "geometry": { "type": "Polygon", "coordinates": [ [ [ 488233.899961979768705, 4428076.978835908696055 ], [ 488255.323011866945308, 4428076.057809176854789 ], [ 489353.087066597887315, 4427889.421140099875629 ], [ 489420.492186507035512, 4428298.882191815413535 ], [ 489113.169421528175008, 4428324.510655573569238 ], [ 488908.934611716133077, 4428335.793748327530921 ], [ 488762.898493380169384, 4428338.338867380283773 ], [ 488704.429002236749511, 4428336.760601410642266 ], [ 488646.211072661506478, 4428332.18566264025867 ], [ 488564.245461698737927, 4428314.771919352933764 ], [ 488505.236620239797048, 4428295.326504728756845 ], [ 488430.842484312190209, 4428261.920111580751836 ], [ 488249.238408697710838, 4428170.853178538382053 ], [ 488233.899961979768705, 4428076.978835908696055 ] ] ] } },
{ "type": "Feature", "properties": { "geoid": "14000US42101019700", "name": "Census Tract 197, Philadelphia, PA", "income": 40274.0, "income_moe": 21282.0, "poverty_universe": 7050.0, "below_poverty": 3340.0, "universe_moe": 1046.0, "below_poverty_moe": 1129.0, "poverty_pct": 47.375886524822697 }, "geometry": { "type": "Polygon", "coordinates": [ [ [ 487902.971244856831618, 4429202.943638389930129 ], [ 487936.738802595529705, 4429184.909491227939725 ], [ 487945.000968814303633, 4429174.685236665420234 ], [ 488405.227258910948876, 4429095.943149945698678 ], [ 488548.517566549358889, 4429943.362996337935328 ], [ 488442.729285700363107, 4429961.61457878164947 ], [ 488457.107467364694458, 4430045.390878716483712 ], [ 488397.993925868941005, 4430060.575619633309543 ], [ 488346.71738134714542, 4430066.647548915818334 ], [ 488331.311618413543329, 4429981.319154710508883 ], [ 488044.235121221165173, 4430029.713234167546034 ], [ 487956.30502248328412, 4429522.4015973219648 ], [ 487928.715904534736183, 4429345.858906046487391 ], [ 487902.971244856831618, 4429202.943638389930129 ] ] ] } },
{ "type": "Feature", "properties": { "geoid": "14000US42101019800", "name": "Census Tract 198, Philadelphia, PA", "income": 36116.0, "income_moe": 25136.0, "poverty_universe": 5401.0, "below_poverty": 1642.0, "universe_moe": 1078.0, "below_poverty_moe": 799.0, "poverty_pct": 30.401777448620624 }, "geometry": { "type": "Polygon", "coordinates": [ [ [ 487402.263490899815224, 4428742.034850732423365 ], [ 487954.749251547153108, 4428647.796680267900229 ], [ 488010.728263022785541, 4428641.048798625357449 ], [ 488024.375864877540153, 4428635.699745996855199 ], [ 488319.100428344507236, 4428586.849507974460721 ], [ 488405.227258910948876, 4429095.943149945698678 ], [ 487945.000968814303633, 4429174.685236665420234 ], [ 487936.738802595529705, 4429184.909491227939725 ], [ 487779.068788558361121, 4429266.517489545978606 ], [ 487499.81737445993349, 4429417.03099768795073 ], [ 487479.687257799902, 4429423.390592911280692 ], [ 487436.769084441533778, 4429428.566954975016415 ], [ 487433.221124590781983, 4429089.051824765279889 ], [ 487426.284584278299008, 4428919.913309386000037 ], [ 487409.698104663519189, 4428799.18278287909925 ], [ 487402.263490899815224, 4428742.034850732423365 ] ] ] } },
{ "type": "Feature", "properties": { "geoid": "14000US42101019900", "name": "Census Tract 199, Philadelphia, PA", "income": 33808.0, "income_moe": 8233.0, "poverty_universe": 4168.0, "below_poverty": 1605.0, "universe_moe": 1055.0, "below_poverty_moe": 753.0, "poverty_pct": 38.507677543186183 }, "geometry": { "type": "Polygon", "coordinates": [ [ [ 487297.523061309650075, 4428067.27457348909229 ], [ 487322.30231243907474, 4427980.327572793699801 ], [ 487390.914041031035595, 4427764.780784535221756 ], [ 487712.036715753551107, 4427922.305985383689404 ], [ 488216.266200259560719, 4428154.699549617245793 ], [ 488249.238408697710838, 4428170.853178538382053 ], [ 488319.100428344507236, 4428586.849507974460721 ], [ 488024.375864877540153, 4428635.699745996855199 ], [ 488010.728263022785541, 4428641.048798625357449 ], [ 487954.749251547153108, 4428647.796680267900229 ], [ 487402.263490899815224, 4428742.034850732423365 ], [ 487375.255676792468876, 4428565.160385794937611 ], [ 487319.094644780445378, 4428257.920542963780463 ], [ 487312.568109303188976, 4428234.179420243017375 ], [ 487298.830711728776805, 4428134.754706448875368 ], [ 487295.43678534089122, 4428095.80265374109149 ], [ 487297.523061309650075, 4428067.27457348909229 ] ] ] } },
{ "type": "Feature", "properties": { "geoid": "14000US42101020000", "name": "Census Tract 200, Philadelphia, PA", "income": 21944.0, "income_moe": 6778.0, "poverty_universe": 928.0, "below_poverty": 260.0, "universe_moe": 197.0, "below_poverty_moe": 172.0, "poverty_pct": 28.017241379310345 }, "geometry": { "type": "Polygon", "coordinates": [ [ [ 486872.774971014587209, 4427515.262301798909903 ], [ 487194.166451970115304, 4427667.659640287049115 ], [ 487390.914041031035595, 4427764.780784535221756 ], [ 487327.055147945764475, 4427964.004032199271023 ], [ 487297.523061309650075, 4428067.27457348909229 ], [ 487268.729419570008758, 4428203.286260597407818 ], [ 487254.395006653969176, 4428257.362722193822265 ], [ 487217.456756540515926, 4428421.801921863108873 ], [ 487172.947879198938608, 4428600.46092735696584 ], [ 487106.851680161082186, 4428882.04527501668781 ], [ 487060.65788950904971, 4428618.964585249312222 ], [ 486979.064758955151774, 4428121.421442652121186 ], [ 486946.583033193834126, 4427945.112945306114852 ], [ 486877.94821395521285, 4427545.109844300895929 ], [ 486872.774971014587209, 4427515.262301798909903 ] ] ] } },
{ "type": "Feature", "properties": { "geoid": "14000US42101020101", "name": "Census Tract 201.01, Philadelphia, PA", "income": 28190.0, "income_moe": 9312.0, "poverty_universe": 4256.0, "below_poverty": 1312.0, "universe_moe": 994.0, "below_poverty_moe": 574.0, "poverty_pct": 30.827067669172934 }, "geometry": { "type": "Polygon", "coordinates": [ [ [ 486434.914727647497784, 4428214.272543643601239 ], [ 486568.11236271308735, 4428190.728154408745468 ], [ 486484.598130884813145, 4427689.531193732284009 ], [ 486486.199876427475829, 4427678.207304636016488 ], [ 486494.041444342234172, 4427671.644934603944421 ], [ 486887.695136346272193, 4427603.696070797741413 ], [ 486946.583033193834126, 4427945.112945306114852 ], [ 486979.064758955151774, 4428121.421442652121186 ], [ 487060.65788950904971, 4428618.964585249312222 ], [ 486653.401893216068856, 4428688.371556341648102 ], [ 486639.427707056282088, 4428604.376064160838723 ], [ 486505.639459225407336, 4428627.809306849725544 ], [ 486462.949112616304774, 4428379.487813286483288 ], [ 486434.914727647497784, 4428214.272543643601239 ] ] ] } },
{ "type": "Feature", "properties": { "geoid": "14000US42101020102", "name": "Census Tract 201.02, Philadelphia, PA", "income": 36901.0, "income_moe": 7075.0, "poverty_universe": 3463.0, "below_poverty": 1642.0, "universe_moe": 1007.0, "below_poverty_moe": 1047.0, "poverty_pct": 47.415535662720188 }, "geometry": { "type": "Polygon", "coordinates": [ [ [ 486505.639459225407336, 4428627.809306849725544 ], [ 486639.427707056282088, 4428604.376064160838723 ], [ 486653.401893216068856, 4428688.371556341648102 ], [ 487060.65788950904971, 4428618.964585249312222 ], [ 487106.851680161082186, 4428882.04527501668781 ], [ 487037.236191342235543, 4429098.817684637382627 ], [ 487013.785634365631267, 4429160.124637559056282 ], [ 486995.033333458646666, 4429223.754442747682333 ], [ 486870.53756013646489, 4429532.301068868488073 ], [ 486631.081250881310552, 4429391.426826228387654 ], [ 486630.957080443913583, 4429369.339852744713426 ], [ 486626.033455354685429, 4429335.718264588154852 ], [ 486578.102327674452681, 4429063.320084256120026 ], [ 486550.055603435321245, 4428888.337063834071159 ], [ 486519.528356193739455, 4428711.027777947485447 ], [ 486505.639459225407336, 4428627.809306849725544 ] ] ] } },
{ "type": "Feature", "properties": { "geoid": "14000US42101020200", "name": "Census Tract 202, Philadelphia, PA", "income": 34926.0, "income_moe": 9165.0, "poverty_universe": 3660.0, "below_poverty": 1232.0, "universe_moe": 686.0, "below_poverty_moe": 658.0, "poverty_pct": 33.661202185792348 }, "geometry": { "type": "Polygon", "coordinates": [ [ [ 485564.11702410725411, 4428751.183863804675639 ], [ 485869.358567487564869, 4428309.644165457226336 ], [ 485839.839123999001458, 4428133.223741830326617 ], [ 486271.014240322343539, 4428061.954319939017296 ], [ 486301.034271942917258, 4428237.376535961404443 ], [ 486434.914727647497784, 4428214.272543643601239 ], [ 486534.184106508793775, 4428793.689972158521414 ], [ 486578.102327674452681, 4429063.320084256120026 ], [ 486626.033455354685429, 4429335.718264588154852 ], [ 486630.957080443913583, 4429369.339852744713426 ], [ 486631.081250881310552, 4429391.426826228387654 ], [ 486264.485544122871943, 4429173.317027932964265 ], [ 486183.913192507636268, 4429122.29616779088974 ], [ 486084.210257939703297, 4429064.651686193421483 ], [ 485833.181283905636519, 4428912.280672592110932 ], [ 485757.995537674345542, 4428869.467614163644612 ], [ 485666.223001378646586, 4428811.59177855681628 ], [ 485574.373400495620444, 4428758.822775435633957 ], [ 485564.11702410725411, 4428751.183863804675639 ] ] ] } },
{ "type": "Feature", "properties": { "geoid": "14000US42101020300", "name": "Census Tract 203, Philadelphia, PA", "income": 48028.0, "income_moe": 12338.0, "poverty_universe": 2627.0, "below_poverty": 535.0, "universe_moe": 593.0, "below_poverty_moe": 351.0, "poverty_pct": 20.365435858393607 }, "geometry": { "type": "Polygon", "coordinates": [ [ [ 486870.53756013646489, 4429532.301068868488073 ], [ 486995.033333458646666, 4429223.754442747682333 ], [ 487013.785634365631267, 4429160.124637559056282 ], [ 487037.236191342235543, 4429098.817684637382627 ], [ 487106.851680161082186, 4428882.04527501668781 ], [ 487172.947879198938608, 4428600.46092735696584 ], [ 487217.456756540515926, 4428421.801921863108873 ], [ 487254.395006653969176, 4428257.362722193822265 ], [ 487268.729419570008758, 4428203.286260597407818 ], [ 487297.523061309650075, 4428067.27457348909229 ], [ 487295.43678534089122, 4428095.80265374109149 ], [ 487298.830711728776805, 4428134.754706448875368 ], [ 487312.568109303188976, 4428234.179420243017375 ], [ 487319.094644780445378, 4428257.920542963780463 ], [ 487375.255676792468876, 4428565.160385794937611 ], [ 487402.263490899815224, 4428742.034850732423365 ], [ 487426.284584278299008, 4428919.913309386000037 ], [ 487433.221124590781983, 4429089.051824765279889 ], [ 487437.860283207264729, 4429469.187813264317811 ], [ 487437.022752707882319, 4429530.456165780313313 ], [ 487439.630709336488508, 4429611.031249540857971 ], [ 487440.011764848604798, 4429790.058974614366889 ], [ 487443.399005830695387, 4429877.51424350682646 ], [ 487330.217003545898478, 4429810.66346195153892 ], [ 487277.167677302553784, 4429777.78773042652756 ], [ 487255.122403348970693, 4429760.954025795683265 ], [ 487068.474856653425377, 4429652.276053494773805 ], [ 486922.051577464910224, 4429563.622732488438487 ], [ 486870.53756013646489, 4429532.301068868488073 ] ] ] } },
{ "type": "Feature", "properties": { "geoid": "14000US42101020400", "name": "Census Tract 204, Philadelphia, PA", "income": 48804.0, "income_moe": 16975.0, "poverty_universe": 4083.0, "below_poverty": 1622.0, "universe_moe": 858.0, "below_poverty_moe": 706.0, "poverty_pct": 39.725691893215775 }, "geometry": { "type": "Polygon", "coordinates": [ [ [ 486515.525851615937427, 4430159.910474802367389 ], [ 486542.692048259428702, 4430128.78484676219523 ], [ 486609.268437666352838, 4430041.095368751324713 ], [ 486679.688980089558754, 4429954.842639805749059 ], [ 486790.827625526930206, 4429727.561195931397378 ], [ 486870.53756013646489, 4429532.301068868488073 ], [ 487068.474856653425377, 4429652.276053494773805 ], [ 487255.122403348970693, 4429760.954025795683265 ], [ 487277.167677302553784, 4429777.78773042652756 ], [ 487330.217003545898478, 4429810.66346195153892 ], [ 487443.399005830695387, 4429877.51424350682646 ], [ 487446.631085646222346, 4430129.458414037711918 ], [ 486577.089317579520866, 4430278.22899769525975 ], [ 486429.333223572000861, 4430299.912587652914226 ], [ 486515.525851615937427, 4430159.910474802367389 ] ] ] } },
{ "type": "Feature", "properties": { "geoid": "14000US42101020500", "name": "Census Tract 205, Philadelphia, PA", "income": null, "income_moe": null, "poverty_universe": 3622.0, "below_poverty": 904.0, "universe_moe": 1353.0, "below_poverty_moe": 374.0, "poverty_pct": 24.958586416344563 }, "geometry": { "type": "Polygon", "coordinates": [ [ [ 485564.11702410725411, 4428751.183863804675639 ], [ 486264.485544122871943, 4429173.317027932964265 ], [ 486870.53756013646489, 4429532.301068868488073 ], [ 486790.827625526930206, 4429727.561195931397378 ], [ 486679.688980089558754, 4429954.842639805749059 ], [ 486515.525851615937427, 4430159.910474802367389 ], [ 486429.333223572000861, 4430299.912587652914226 ], [ 486385.525853909901343, 4430424.85589739587158 ], [ 486357.426005758985411, 4430410.255445667542517 ], [ 486136.731426651531365, 4430206.542053223587573 ], [ 486124.799324905674439, 4430167.716940500773489 ], [ 486119.19655843480723, 4430136.982638645917177 ], [ 486113.928586999245454, 4430055.968777163885534 ], [ 486109.103440492588561, 4430030.560638189315796 ], [ 486098.810349184204824, 4430001.610784622840583 ], [ 486076.627154325076845, 4429957.143963191658258 ], [ 486025.585745545802638, 4429904.849828274920583 ], [ 485886.903569956077263, 4429852.940185055136681 ], [ 485833.709219864394981, 4429837.056395262479782 ], [ 485772.326886820199434, 4429823.630096607841551 ], [ 485672.88220523489872, 4429809.27699635643512 ], [ 485426.257348172715865, 4429764.57233211491257 ], [ 485326.703394448850304, 4429738.569902066141367 ], [ 485241.893915938620921, 4429703.105901999399066 ], [ 485147.926409974345006, 4429654.341800799593329 ], [ 485077.598612475208938, 4429606.531351184472442 ], [ 485008.454401461582165, 4429553.50263852160424 ], [ 485564.11702410725411, 4428751.183863804675639 ] ] ] } },
{ "type": "Feature", "properties": { "geoid": "14000US42101020600", "name": "Census Tract 206, Philadelphia, PA", "income": 80895.0, "income_moe": 15236.0, "poverty_universe": 1629.0, "below_poverty": 143.0, "universe_moe": 273.0, "below_poverty_moe": 115.0, "poverty_pct": 8.7783916513198275 }, "geometry": { "type": "Polygon", "coordinates": [ [ [ 483602.819780619407538, 4430029.892126892693341 ], [ 483640.686637224105652, 4429980.086486636660993 ], [ 483647.137009145109914, 4429963.756901156157255 ], [ 483679.824495939654298, 4429925.838664744980633 ], [ 483759.683242370723747, 4429878.496412876993418 ], [ 483783.181817475706339, 4429853.029275669716299 ], [ 483823.911350022593979, 4429784.016993844881654 ], [ 483854.368752692709677, 4429739.999757323414087 ], [ 484446.7789648072212, 4429069.044864343479276 ], [ 484867.683779452345334, 4429445.232216780073941 ], [ 485077.598612475208938, 4429606.531351184472442 ], [ 485147.926409974345006, 4429654.341800799593329 ], [ 485201.917456192488316, 4429683.538177503272891 ], [ 485292.713231365953106, 4429725.316642018966377 ], [ 485240.084752846451011, 4429782.246044132858515 ], [ 485215.741974335105624, 4429815.035703739151359 ], [ 485069.541183728026226, 4429979.588211464695632 ], [ 484722.909185061755124, 4430361.864455748349428 ], [ 484653.960909471614286, 4430446.023676589131355 ], [ 484498.674959564581513, 4430620.705992382951081 ], [ 484219.875119654170703, 4430481.65260018967092 ], [ 483786.384632590925321, 4430274.456133017316461 ], [ 483752.709376639628317, 4430249.000034510158002 ], [ 483581.272820397163741, 4430049.695066528394818 ], [ 483602.819780619407538, 4430029.892126892693341 ] ] ] } },
{ "type": "Feature", "properties": { "geoid": "14000US42101020701", "name": "Census Tract 207.01, Philadelphia, PA", "income": 111173.0, "income_moe": 33878.0, "poverty_universe": 4247.0, "below_poverty": 444.0, "universe_moe": 480.0, "below_poverty_moe": 361.0, "poverty_pct": 10.45443842712503 }, "geometry": { "type": "Polygon", "coordinates": [ [ [ 483147.680639432510361, 4428698.771478960290551 ], [ 483509.142898646416143, 4428543.923726001754403 ], [ 483543.407481644768268, 4428522.317270223982632 ], [ 483652.135757098265458, 4428636.847497425973415 ], [ 483739.771469651546795, 4428707.693889875896275 ], [ 483817.535922896233387, 4428752.923365600407124 ], [ 483973.263366870291065, 4428817.412385400384665 ], [ 484214.590966965537518, 4428922.57113566249609 ], [ 484329.508987661683932, 4428983.711519154720008 ], [ 484383.520253881753888, 4429018.895565715618432 ], [ 484446.7789648072212, 4429069.044864343479276 ], [ 484252.992378847498912, 4429291.203722637146711 ], [ 483923.749108325748239, 4429659.495160404592752 ], [ 483858.0740399013157, 4429596.036365547217429 ], [ 483799.460292642179411, 4429522.795871983282268 ], [ 483785.577914832858369, 4429495.965606313198805 ], [ 483735.001400747161824, 4429430.477859325706959 ], [ 483707.64537154592108, 4429408.671167658641934 ], [ 483625.081018394324929, 4429351.022129259072244 ], [ 483597.596673973836005, 4429309.570682525634766 ], [ 483579.484906294732355, 4429261.217645035125315 ], [ 483572.380078053218313, 4429172.329120897687972 ], [ 483538.69216588063864, 4429064.740613534115255 ], [ 483412.055804802395869, 4429111.521023927256465 ], [ 483272.887360614840873, 4428853.327612591907382 ], [ 483231.962797824467998, 4428872.619177330285311 ], [ 483201.692228413943667, 4428807.978184123523533 ], [ 483182.926125019963365, 4428774.167381701059639 ], [ 483147.680639432510361, 4428698.771478960290551 ] ] ] } },
{ "type": "Feature", "properties": { "geoid": "14000US42101020702", "name": "Census Tract 207.02, Philadelphia, PA", "income": 136875.0, "income_moe": 43139.0, "poverty_universe": 1683.0, "below_poverty": 86.0, "universe_moe": 258.0, "below_poverty_moe": 96.0, "poverty_pct": 5.1099227569815806 }, "geometry": { "type": "Polygon", "coordinates": [ [ [ 482282.693213014747016, 4429189.542111276648939 ], [ 482420.78024902578909, 4429078.674465538933873 ], [ 482462.798615156847518, 4429053.937423816882074 ], [ 482665.405360855569597, 4428902.192037926055491 ], [ 483147.680639432510361, 4428698.771478960290551 ], [ 483231.962797824467998, 4428872.619177330285311 ], [ 483272.887360614840873, 4428853.327612591907382 ], [ 483412.055804802395869, 4429111.521023927256465 ], [ 483538.69216588063864, 4429064.740613534115255 ], [ 483572.380078053218313, 4429172.329120897687972 ], [ 483579.484906294732355, 4429261.217645035125315 ], [ 483597.596673973836005, 4429309.570682525634766 ], [ 483625.081018394324929, 4429351.022129259072244 ], [ 483735.001400747161824, 4429430.477859325706959 ], [ 483785.577914832858369, 4429495.965606313198805 ], [ 483799.460292642179411, 4429522.795871983282268 ], [ 483858.0740399013157, 4429596.036365547217429 ], [ 483923.749108325748239, 4429659.495160404592752 ], [ 483854.368752692709677, 4429739.999757323414087 ], [ 483823.911350022593979, 4429784.016993844881654 ], [ 483783.181817475706339, 4429853.029275669716299 ], [ 483759.683242370723747, 4429878.496412876993418 ], [ 483679.824495939654298, 4429925.838664744980633 ], [ 483647.137009145109914, 4429963.756901156157255 ], [ 483640.686637224105652, 4429980.086486636660993 ], [ 483602.819780619407538, 4430029.892126892693341 ], [ 483581.272820397163741, 4430049.695066528394818 ], [ 483447.284901372971945, 4429887.161447506397963 ], [ 483246.565808567800559, 4429651.30075831245631 ], [ 482907.743013649072964, 4429297.881911913864315 ], [ 482838.590989079501014, 4429211.575533492490649 ], [ 482829.792069077549968, 4429207.821694608777761 ], [ 482819.9840586783248, 4429210.729614521376789 ], [ 482797.406640850647818, 4429227.87328852340579 ], [ 482777.286937607976142, 4429237.353074139915407 ], [ 482767.815077257866506, 4429237.929486119188368 ], [ 482752.441435089509469, 4429232.747751766815782 ], [ 482724.776918252522592, 4429264.554016266949475 ], [ 482692.747523786034435, 4429290.820757631212473 ], [ 482643.82610568893142, 4429319.567975139245391 ], [ 482516.281586946861353, 4429375.466723886318505 ], [ 482436.815256463072728, 4429406.949359122663736 ], [ 482407.817628719029017, 4429415.007753088138998 ], [ 482402.005936067434959, 4429411.358489415608346 ], [ 482383.379622037522495, 4429365.118276941590011 ], [ 482319.31280355603667, 4429229.191736709326506 ], [ 482282.693213014747016, 4429189.542111276648939 ] ] ] } },
{ "type": "Feature", "properties": { "geoid": "14000US42101020800", "name": "Census Tract 208, Philadelphia, PA", "income": 85043.0, "income_moe": 19290.0, "poverty_universe": 2223.0, "below_poverty": 188.0, "universe_moe": 305.0, "below_poverty_moe": 109.0, "poverty_pct": 8.4570400359874043 }, "geometry": { "type": "Polygon", "coordinates": [ [ [ 482407.817628719029017, 4429415.007753088138998 ], [ 482516.281586946861353, 4429375.466723886318505 ], [ 482643.82610568893142, 4429319.567975139245391 ], [ 482692.747523786034435, 4429290.820757631212473 ], [ 482724.776918252522592, 4429264.554016266949475 ], [ 482752.441435089509469, 4429232.747751766815782 ], [ 482777.286937607976142, 4429237.353074139915407 ], [ 482819.9840586783248, 4429210.729614521376789 ], [ 482829.792069077549968, 4429207.821694608777761 ], [ 482838.590989079501014, 4429211.575533492490649 ], [ 482907.743013649072964, 4429297.881911913864315 ], [ 483246.565808567800559, 4429651.30075831245631 ], [ 483752.709376639628317, 4430249.000034510158002 ], [ 483786.384632590925321, 4430274.456133017316461 ], [ 484219.875119654170703, 4430481.65260018967092 ], [ 484498.674959564581513, 4430620.705992382951081 ], [ 484175.599454316834453, 4430978.541753150522709 ], [ 484124.196513712638989, 4430919.601543026044965 ], [ 484156.144101796846371, 4430855.048913355916739 ], [ 484128.454935968096834, 4430834.129316460341215 ], [ 484004.94956516334787, 4430937.277186531573534 ], [ 483610.157775435887743, 4430623.235717350617051 ], [ 483511.870211784029379, 4430549.417045075446367 ], [ 483550.265601010760292, 4430469.309121504426003 ], [ 483505.08195726305712, 4430448.984623791649938 ], [ 483359.548392652184702, 4430350.18654493894428 ], [ 483135.127131994115189, 4430157.889176214113832 ], [ 482945.337826821894851, 4429926.22975866496563 ], [ 482824.041054833913222, 4429684.430868073366582 ], [ 482725.29668442212278, 4429530.931700071319938 ], [ 482510.808304387086537, 4429444.737826085649431 ], [ 482432.787361269060057, 4429473.553397406823933 ], [ 482414.749533422873355, 4429423.31606204342097 ], [ 482407.817628719029017, 4429415.007753088138998 ] ] ] } },
{ "type": "Feature", "properties": { "geoid": "14000US42101020900", "name": "Census Tract 209, Philadelphia, PA", "income": 99741.0, "income_moe": 24783.0, "poverty_universe": 2963.0, "below_poverty": 235.0, "universe_moe": 379.0, "below_poverty_moe": 110.0, "poverty_pct": 7.9311508606142427 }, "geometry": { "type": "Polygon", "coordinates": [ [ [ 481744.366409657814074, 4429982.405267166905105 ], [ 481823.324567977804691, 4429849.137459604069591 ], [ 481763.807331666583195, 4429798.001968488097191 ], [ 481683.922185387637001, 4429758.792050872929394 ], [ 481735.027988076151814, 4429682.862039990723133 ], [ 481768.450503850879613, 4429634.611600172705948 ], [ 481889.128905427001882, 4429494.807168124243617 ], [ 482077.548017888970207, 4429344.078608918935061 ], [ 482193.269167550723068, 4429269.664631419815123 ], [ 482247.859557447896805, 4429220.478893850930035 ], [ 482289.246768709097523, 4429255.122645024210215 ], [ 482342.669611810939386, 4429437.911943938583136 ], [ 482322.621265140769538, 4429514.32049407903105 ], [ 482337.464798224216793, 4429548.582298638299108 ], [ 482315.973783746943809, 4429628.32397052180022 ], [ 482452.542055279423948, 4429676.177803248167038 ], [ 482569.661173222586513, 4429653.821175522170961 ], [ 482612.267093473812565, 4429625.975820917636156 ], [ 482676.491368327173404, 4429722.391619523055851 ], [ 482637.198432579403743, 4429855.559770461171865 ], [ 482640.70635015348671, 4429859.547447016462684 ], [ 482637.457811567583121, 4429894.406127317808568 ], [ 482627.085997514426708, 4429948.926542847417295 ], [ 482596.927836927410681, 4430008.375858920626342 ], [ 482586.886297020188067, 4430020.607893989421427 ], [ 482284.797331950627267, 4429946.164620217867196 ], [ 482287.097244257980492, 4429981.010538664646447 ], [ 482293.799067975196522, 4430367.022889262996614 ], [ 482274.205416422104463, 4430417.569637084379792 ], [ 482248.176989355590194, 4430343.377122761681676 ], [ 482147.3403925311286, 4430208.758705483749509 ], [ 482131.71671481942758, 4430205.465667436830699 ], [ 481902.368664571025874, 4430073.484431236051023 ], [ 481845.424364646838512, 4430169.738734231330454 ], [ 481666.739664209890179, 4430065.05864906962961 ], [ 481744.366409657814074, 4429982.405267166905105 ] ] ] } },
{ "type": "Feature", "properties": { "geoid": "14000US42101021000", "name": "Census Tract 210, Philadelphia, PA", "income": 91056.0, "income_moe": 7512.0, "poverty_universe": 4643.0, "below_poverty": 601.0, "universe_moe": 648.0, "below_poverty_moe": 214.0, "poverty_pct": 12.944217101012276 }, "geometry": { "type": "Polygon", "coordinates": [ [ [ 480912.14523232850479, 4430412.987116567790508 ], [ 481043.335316343989689, 4430290.790186945348978 ], [ 481080.671356321312487, 4430274.936391650699079 ], [ 481190.926869123999495, 4430242.919254940003157 ], [ 481243.097039010550361, 4430221.258020587265491 ], [ 481291.063807812519372, 4430190.506190331652761 ], [ 481392.485149224288762, 4430104.460910332389176 ], [ 481544.00765098555712, 4429951.034443608485162 ], [ 481579.155191359459423, 4429911.325286654755473 ], [ 481624.578368406218942, 4429850.725080247968435 ], [ 481683.922185387637001, 4429758.792050872929394 ], [ 481763.807331666583195, 4429798.001968488097191 ], [ 481823.324567977804691, 4429849.137459604069591 ], [ 481744.366409657814074, 4429982.405267166905105 ], [ 481666.739664209890179, 4430065.05864906962961 ], [ 481845.424364646838512, 4430169.738734231330454 ], [ 481902.368664571025874, 4430073.484431236051023 ], [ 482131.71671481942758, 4430205.465667436830699 ], [ 482147.3403925311286, 4430208.758705483749509 ], [ 482248.176989355590194, 4430343.377122761681676 ], [ 482274.205416422104463, 4430417.569637084379792 ], [ 482126.480944134411402, 4430773.199146267957985 ], [ 482084.168964471260551, 4430886.066112392581999 ], [ 482060.150895248865709, 4430940.730584237724543 ], [ 482031.879058732884005, 4431000.510803452692926 ], [ 481970.69351878715679, 4431104.987740201875567 ], [ 481379.7674929939094, 4430765.224356781691313 ], [ 481327.040456476388499, 4430732.500201914459467 ], [ 481298.3757383270422, 4430699.939157673157752 ], [ 481279.525841712136753, 4430702.982327898964286 ], [ 481253.704257352394052, 4430681.62459581065923 ], [ 481176.373982374148909, 4430637.752051474526525 ], [ 481140.413899006496649, 4430691.672082015313208 ], [ 481041.549774237326346, 4430635.534298656508327 ], [ 481035.8314286993118, 4430634.993604468181729 ], [ 480975.470403452112805, 4430519.158263865858316 ], [ 480932.233338181162253, 4430461.107027133926749 ], [ 480912.14523232850479, 4430412.987116567790508 ] ] ] } },
{ "type": "Feature", "properties": { "geoid": "14000US42101021100", "name": "Census Tract 211, Philadelphia, PA", "income": 94432.0, "income_moe": 29449.0, "poverty_universe": 2535.0, "below_poverty": 192.0, "universe_moe": 335.0, "below_poverty_moe": 105.0, "poverty_pct": 7.5739644970414197 }, "geometry": { "type": "Polygon", "coordinates": [ [ [ 482031.879058732884005, 4431000.510803452692926 ], [ 482084.168964471260551, 4430886.066112392581999 ], [ 482126.480944134411402, 4430773.199146267957985 ], [ 482293.799067975196522, 4430367.022889262996614 ], [ 482287.097244257980492, 4429981.010538664646447 ], [ 482284.797331950627267, 4429946.164620217867196 ], [ 482586.886297020188067, 4430020.607893989421427 ], [ 482551.06078017980326, 4430101.602701471187174 ], [ 482659.099198370939121, 4430403.251983454450965 ], [ 482691.909252981829923, 4430422.156738514080644 ], [ 482679.474862313538324, 4430507.537431113421917 ], [ 482701.241372891701758, 4430510.817610776983202 ], [ 482730.266783021739684, 4430554.260242089629173 ], [ 482768.134074740344658, 4430545.960947887971997 ], [ 482776.155901964637451, 4430584.012815765105188 ], [ 482716.891601422976237, 4430601.240000795572996 ], [ 482721.454859800171107, 4430619.210234755650163 ], [ 482658.882418185821734, 4430644.880742714740336 ], [ 482628.650974865886383, 4430671.143742545507848 ], [ 482592.821198338409886, 4430711.848568669520319 ], [ 482456.013662673649378, 4430958.564134771935642 ], [ 482477.276762120716739, 4430966.062507225200534 ], [ 482644.722680041275453, 4431058.023241363465786 ], [ 482525.256713571026921, 4431274.952406764030457 ], [ 482461.010781314224005, 4431386.20293796621263 ], [ 482129.356822515022941, 4431197.956920826807618 ], [ 481970.69351878715679, 4431104.987740201875567 ], [ 482031.879058732884005, 4431000.510803452692926 ] ] ] } },
{ "type": "Feature", "properties": { "geoid": "14000US42101021200", "name": "Census Tract 212, Philadelphia, PA", "income": 123816.0, "income_moe": 32055.0, "poverty_universe": 2903.0, "below_poverty": 171.0, "universe_moe": 608.0, "below_poverty_moe": 73.0, "poverty_pct": 5.8904581467447468 }, "geometry": { "type": "Polygon", "coordinates": [ [ [ 481336.777713542454876, 4431848.386207804083824 ], [ 481360.549324185180012, 4431835.674802543595433 ], [ 481385.926762868766673, 4431816.744001988321543 ], [ 481407.795562110084575, 4431793.382202533073723 ], [ 481581.527896641462576, 4431559.543608717620373 ], [ 481767.861193417978939, 4431345.768375839106739 ], [ 481970.69351878715679, 4431104.987740201875567 ], [ 482277.672023659630213, 4431282.185195292346179 ], [ 482258.851538198534399, 4431370.467399663291872 ], [ 482230.204690380487591, 4431525.256601511500776 ], [ 482158.680679319833871, 4431731.646622107364237 ], [ 482128.23751632362837, 4431810.411240955814719 ], [ 482114.9924497816246, 4431837.635361212305725 ], [ 482082.962713277840521, 4431894.427561252377927 ], [ 482050.313719127443619, 4431941.676081521436572 ], [ 481953.463369995122775, 4432041.243061127141118 ], [ 481826.615877664997242, 4432153.314069892279804 ], [ 481356.083492743491661, 4431858.439063349738717 ], [ 481336.777713542454876, 4431848.386207804083824 ] ] ] } },
{ "type": "Feature", "properties": { "geoid": "14000US42101021300", "name": "Census Tract 213, Philadelphia, PA", "income": 102459.0, "income_moe": 28452.0, "poverty_universe": 3305.0, "below_poverty": 283.0, "universe_moe": 332.0, "below_poverty_moe": 208.0, "poverty_pct": 8.5627836611195161 }, "geometry": { "type": "Polygon", "coordinates": [ [ [ 480832.263726784789469, 4431321.87639887817204 ], [ 481025.918530515802559, 4431449.363865282386541 ], [ 481515.797523693938274, 4430843.252382354810834 ], [ 481970.69351878715679, 4431104.987740201875567 ], [ 481767.861193417978939, 4431345.768375839106739 ], [ 481581.527896641462576, 4431559.543608717620373 ], [ 481407.795562110084575, 4431793.382202533073723 ], [ 481385.926762868766673, 4431816.744001988321543 ], [ 481360.549324185180012, 4431835.674802543595433 ], [ 481336.777713542454876, 4431848.386207804083824 ], [ 481199.648316922364756, 4431767.811269396916032 ], [ 480731.01442444161512, 4431500.496109901927412 ], [ 480832.263726784789469, 4431321.87639887817204 ] ] ] } },
{ "type": "Feature", "properties": { "geoid": "14000US42101021400", "name": "Census Tract 214, Philadelphia, PA", "income": 99236.0, "income_moe": 26296.0, "poverty_universe": 3570.0, "below_poverty": 253.0, "universe_moe": 513.0, "below_poverty_moe": 149.0, "poverty_pct": 7.0868347338935571 }, "geometry": { "type": "Polygon", "coordinates": [ [ [ 480230.009332448593341, 4430871.904937472194433 ], [ 480287.590698401269037, 4430833.796244764700532 ], [ 480311.516302271629684, 4430814.088714075274765 ], [ 480545.011119894974399, 4430663.759828364476562 ], [ 480689.480950996163301, 4430566.717793610878289 ], [ 480784.615368567407131, 4430496.219071635045111 ], [ 480890.754394023446366, 4430423.807033123448491 ], [ 480912.14523232850479, 4430412.987116567790508 ], [ 480932.233338181162253, 4430461.107027133926749 ], [ 480975.470403452112805, 4430519.158263865858316 ], [ 481035.8314286993118, 4430634.993604468181729 ], [ 481041.549774237326346, 4430635.534298656508327 ], [ 481140.413899006496649, 4430691.672082015313208 ], [ 481176.373982374148909, 4430637.752051474526525 ], [ 481253.704257352394052, 4430681.62459581065923 ], [ 481280.204357853392139, 4430701.315783831290901 ], [ 481279.525841712136753, 4430702.982327898964286 ], [ 481298.3757383270422, 4430699.939157673157752 ], [ 481327.040456476388499, 4430732.500201914459467 ], [ 481515.797523693938274, 4430843.252382354810834 ], [ 481025.918530515802559, 4431449.363865282386541 ], [ 480481.168249897425994, 4431088.910483914427459 ], [ 480417.261073198518716, 4431055.777366048656404 ], [ 480403.512896133237518, 4431051.484124425798655 ], [ 480375.479337433702312, 4431033.131834866479039 ], [ 480358.708351472683717, 4431014.750536267645657 ], [ 480322.167459755553864, 4431006.187699004076421 ], [ 480257.624720712250564, 4430958.850629757158458 ], [ 480201.058334348490462, 4430894.844575610943139 ], [ 480230.009332448593341, 4430871.904937472194433 ] ] ] } },
{ "type": "Feature", "properties": { "geoid": "14000US42101021500", "name": "Census Tract 215, Philadelphia, PA", "income": 124506.0, "income_moe": 34350.0, "poverty_universe": 3897.0, "below_poverty": 68.0, "universe_moe": 679.0, "below_poverty_moe": 66.0, "poverty_pct": 1.7449319989735694 }, "geometry": { "type": "Polygon", "coordinates": [ [ [ 479895.883216402609833, 4431585.12640789616853 ], [ 480086.824174799025059, 4431324.569940947927535 ], [ 480082.764683012443129, 4431305.711980399675667 ], [ 480012.555687843763735, 4431212.219261552207172 ], [ 479989.04146155808121, 4431160.558985400944948 ], [ 479969.340195547614712, 4431131.309063905850053 ], [ 480019.127666256565135, 4431083.229590683244169 ], [ 480126.399323059769813, 4430960.413511596620083 ], [ 480170.489527750469279, 4430919.009454740211368 ], [ 480201.058334348490462, 4430894.844575610943139 ], [ 480257.624720712250564, 4430958.850629757158458 ], [ 480322.167459755553864, 4431006.187699004076421 ], [ 480358.708351472683717, 4431014.750536267645657 ], [ 480375.479337433702312, 4431033.131834866479039 ], [ 480403.512896133237518, 4431051.484124425798655 ], [ 480481.168249897425994, 4431088.910483914427459 ], [ 480832.263726784789469, 4431321.87639887817204 ], [ 480731.01442444161512, 4431500.496109901927412 ], [ 481336.777713542454876, 4431848.386207804083824 ], [ 481282.41754934907658, 4431877.044792992994189 ], [ 481173.92111272359034, 4431920.932583292946219 ], [ 481056.148404895095155, 4431973.502413103356957 ], [ 480991.745531230408233, 4432011.067482812330127 ], [ 480785.677973185083829, 4432367.536615481600165 ], [ 480697.859568283543922, 4432487.852443868294358 ], [ 480426.851563357689884, 4432195.305224377661943 ], [ 480040.346664568060078, 4431755.340030523948371 ], [ 479954.085681457596365, 4431655.785436988808215 ], [ 479925.232324537064414, 4431617.347440825775266 ], [ 479895.883216402609833, 4431585.12640789616853 ] ] ] } },
{ "type": "Feature", "properties": { "geoid": "14000US42101021600", "name": "Census Tract 216, Philadelphia, PA", "income": 114537.0, "income_moe": 11120.0, "poverty_universe": 2493.0, "below_poverty": 148.0, "universe_moe": 281.0, "below_poverty_moe": 99.0, "poverty_pct": 5.9366225431207384 }, "geometry": { "type": "Polygon", "coordinates": [ [ [ 478755.076756523631047, 4432431.658236207440495 ], [ 478850.285846801823936, 4432310.85522374138236 ], [ 478928.369666465965565, 4432196.982427212409675 ], [ 478998.733031890413258, 4432036.071202541701496 ], [ 479047.337229177064728, 4431965.457117858342826 ], [ 479077.790020610380452, 4431932.963554077781737 ], [ 479212.192741221457254, 4431851.57055954169482 ], [ 479271.117840100545436, 4431810.231585497036576 ], [ 479338.366134798212443, 4431754.774468454532325 ], [ 479394.508091692929156, 4431693.354503401555121 ], [ 479466.884509458846878, 4431577.394078535027802 ], [ 479515.445995606656652, 4431519.880239019170403 ], [ 479814.130238504672889, 4431256.918397459201515 ], [ 479969.340195547614712, 4431131.309063905850053 ], [ 479989.04146155808121, 4431160.558985400944948 ], [ 480012.555687843763735, 4431212.219261552207172 ], [ 480082.764683012443129, 4431305.711980399675667 ], [ 480086.824174799025059, 4431324.569940947927535 ], [ 479895.883216402609833, 4431585.12640789616853 ], [ 480426.851563357689884, 4432195.305224377661943 ], [ 480697.859568283543922, 4432487.852443868294358 ], [ 480688.592422201007139, 4432500.196095634251833 ], [ 480486.499584835197311, 4432666.423447774723172 ], [ 480410.770195632590912, 4432708.018349336460233 ], [ 480280.581887293432374, 4432768.845805971883237 ], [ 480206.22874760942068, 4432813.990938177332282 ], [ 480171.324774148466531, 4432841.053024380467832 ], [ 480130.057020811829716, 4432881.006991253234446 ], [ 479971.792916386097204, 4433065.003472188487649 ], [ 479919.000158688751981, 4433197.334427858702838 ], [ 479718.662089216464665, 4433081.103031287901103 ], [ 479703.436508628423326, 4433065.382822775281966 ], [ 479658.670359577459749, 4433039.863399242982268 ], [ 479515.936008360877167, 4432967.325165492482483 ], [ 479376.846134864026681, 4432887.121254499070346 ], [ 479372.091193403350189, 4432895.236588054336607 ], [ 479303.479299076017924, 4432853.579196017235518 ], [ 479230.117881487298291, 4432822.257670696824789 ], [ 479183.160500956175383, 4432900.968616717495024 ], [ 479122.413779574621003, 4432865.950830440036952 ], [ 479111.85118523996789, 4432871.418481502681971 ], [ 479072.880686015763786, 4432938.121016641147435 ], [ 479075.829566310625523, 4432955.760642055422068 ], [ 479110.893818062264472, 4433019.595604939386249 ], [ 479052.71734512684634, 4433050.278656306676567 ], [ 478988.467511041555554, 4433074.652402313426137 ], [ 478979.371382839803118, 4433085.887778086587787 ], [ 478977.882668100413866, 4433102.76270745601505 ], [ 478986.936213756038342, 4433137.811181863769889 ], [ 479007.700538791716099, 4433181.817660053260624 ], [ 479043.542297672072891, 4433218.457097469829023 ], [ 479046.155766611569561, 4433238.206495767459273 ], [ 479039.79971805086825, 4433253.207978434860706 ], [ 478953.079478164843749, 4433171.313566741533577 ], [ 478926.689325882063713, 4433128.876732897013426 ], [ 478872.608041821513325, 4433005.936648693867028 ], [ 478850.848505978356116, 4432972.588561340235174 ], [ 478736.370233239780646, 4432819.295014181174338 ], [ 478667.231925746367779, 4432743.570232633501291 ], [ 478664.084086709364783, 4432746.575860742479563 ], [ 478635.485112919937819, 4432708.474943094886839 ], [ 478618.642016459198203, 4432664.680438540875912 ], [ 478562.885597571381368, 4432616.112026431597769 ], [ 478755.076756523631047, 4432431.658236207440495 ] ] ] } },
{ "type": "Feature", "properties": { "geoid": "14000US42101021700", "name": "Census Tract 217, Philadelphia, PA", "income": 88791.0, "income_moe": 2830.0, "poverty_universe": 6225.0, "below_poverty": 804.0, "universe_moe": 793.0, "below_poverty_moe": 421.0, "poverty_pct": 12.91566265060241 }, "geometry": { "type": "Polygon", "coordinates": [ [ [ 479971.792916386097204, 4433065.003472188487649 ], [ 480008.0100092664361, 4433018.957350722514093 ], [ 480130.057020811829716, 4432881.006991253234446 ], [ 480171.324774148466531, 4432841.053024380467832 ], [ 480206.22874760942068, 4432813.990938177332282 ], [ 480280.581887293432374, 4432768.845805971883237 ], [ 480410.770195632590912, 4432708.018349336460233 ], [ 480486.499584835197311, 4432666.423447774723172 ], [ 480688.592422201007139, 4432500.196095634251833 ], [ 480785.677973185083829, 4432367.536615481600165 ], [ 480991.745531230408233, 4432011.067482812330127 ], [ 481056.148404895095155, 4431973.502413103356957 ], [ 481282.41754934907658, 4431877.044792992994189 ], [ 481336.777713542454876, 4431848.386207804083824 ], [ 481826.615877664997242, 4432153.314069892279804 ], [ 481594.124926830350887, 4432357.210657169111073 ], [ 481558.125675524177495, 4432392.815332662314177 ], [ 481494.926996792550199, 4432468.998400167562068 ], [ 481459.939436766260769, 4432534.235909885726869 ], [ 481448.573420892586, 4432560.901699040085077 ], [ 481431.988241728511639, 4432616.105168350040913 ], [ 481416.757002292957623, 4432701.606149010360241 ], [ 481419.126297706505284, 4433007.6050248388201 ], [ 481412.985138772753999, 4433042.693499795161188 ], [ 481403.672164699702989, 4433071.352214133366942 ], [ 481379.652953876124229, 4433120.691481035202742 ], [ 481361.457884601608384, 4433144.821361009962857 ], [ 481324.101968074159231, 4433181.76245045941323 ], [ 481253.933510328817647, 4433229.772846568375826 ], [ 480624.464151730295271, 4433612.721258981153369 ], [ 479919.000158688751981, 4433197.334427858702838 ], [ 479971.792916386097204, 4433065.003472188487649 ] ] ] } },
{ "type": "Feature", "properties": { "geoid": "14000US42101021800", "name": "Census Tract 218, Philadelphia, PA", "income": 71744.0, "income_moe": 14570.0, "poverty_universe": 4946.0, "below_poverty": 454.0, "universe_moe": 600.0, "below_poverty_moe": 330.0, "poverty_pct": 9.1791346542660737 }, "geometry": { "type": "Polygon", "coordinates": [ [ [ 479686.583753330167383, 4434418.422926255501807 ], [ 479839.056915482622571, 4434154.631817086599767 ], [ 479861.188230474188458, 4434105.958476875908673 ], [ 479868.193933613656554, 4434078.30282827001065 ], [ 479877.750422457931563, 4433983.268137562088668 ], [ 479878.375102356541902, 4433897.136513725854456 ], [ 479875.756943866494112, 4433842.535281583666801 ], [ 479852.786736265057698, 4433671.779195383191109 ], [ 479842.22833701322088, 4433485.784339433535933 ], [ 479844.432648838090245, 4433448.596119374968112 ], [ 479887.859331929183099, 4433291.538127765990794 ], [ 479919.000158688751981, 4433197.334427858702838 ], [ 480624.464151730295271, 4433612.721258981153369 ], [ 480541.741716946649831, 4433651.33602727856487 ], [ 480346.986962517548818, 4433706.667639047838748 ], [ 480299.198737949249335, 4433730.432787394151092 ], [ 480278.335374467947986, 4433743.362029558978975 ], [ 480235.9678263082169, 4433785.094235448166728 ], [ 480212.007037355389912, 4433820.341151403263211 ], [ 480611.640870194823947, 4434069.042685693129897 ], [ 480412.107667668897193, 4434417.071454731747508 ], [ 480566.28833613457391, 4434510.685691949911416 ], [ 480593.981722130673006, 4434534.589185736142099 ], [ 480648.301312300958671, 4434632.345718598924577 ], [ 480650.885824175551534, 4434642.550420790910721 ], [ 480517.710596504737623, 4434723.582402161322534 ], [ 480535.149650715815369, 4434739.742546068504453 ], [ 480544.314046914631035, 4434755.035992882214487 ], [ 480556.939406822435558, 4434789.744240640662611 ], [ 480564.703365204040892, 4434824.353962458670139 ], [ 480562.553677297953982, 4434884.073336106725037 ], [ 480553.607814094983041, 4434920.723716504871845 ], [ 480538.360194125329144, 4434960.83102591522038 ], [ 480441.178305971203372, 4435074.5149877788499 ], [ 480379.268089345132466, 4435141.270188139751554 ], [ 480177.817291967221536, 4434968.534447085112333 ], [ 480238.606973860587459, 4434897.340841952711344 ], [ 479695.826627998787444, 4434430.385374578647316 ], [ 479686.583753330167383, 4434418.422926255501807 ] ] ] } },
{ "type": "Feature", "properties": { "geoid": "14000US42101021900", "name": "Census Tract 219, Philadelphia, PA", "income": 81750.0, "income_moe": 14080.0, "poverty_universe": 1553.0, "below_poverty": 65.0, "universe_moe": 293.0, "below_poverty_moe": 40.0, "poverty_pct": 4.1854475209272373 }, "geometry": { "type": "Polygon", "coordinates": [ [ [ 478275.320339678204618, 4432885.419002249836922 ], [ 478305.975719311914872, 4432866.573711205273867 ], [ 478428.148487553466111, 4432752.791785303503275 ], [ 478562.885597571381368, 4432616.112026431597769 ], [ 478618.642016459198203, 4432664.680438540875912 ], [ 478635.485112919937819, 4432708.474943094886839 ], [ 478664.084086709364783, 4432746.575860742479563 ], [ 478667.231925746367779, 4432743.570232633501291 ], [ 478736.370233239780646, 4432819.295014181174338 ], [ 478850.848505978356116, 4432972.588561340235174 ], [ 478872.608041821513325, 4433005.936648693867028 ], [ 478926.689325882063713, 4433128.876732897013426 ], [ 478953.079478164843749, 4433171.313566741533577 ], [ 479039.79971805086825, 4433253.207978434860706 ], [ 479046.155766611569561, 4433238.206495767459273 ], [ 479043.542297672072891, 4433218.457097469829023 ], [ 479007.700538791716099, 4433181.817660053260624 ], [ 478986.936213756038342, 4433137.811181863769889 ], [ 478977.882668100413866, 4433102.76270745601505 ], [ 478979.371382839803118, 4433085.887778086587787 ], [ 478988.467511041555554, 4433074.652402313426137 ], [ 479052.71734512684634, 4433050.278656306676567 ], [ 479110.893818062264472, 4433019.595604939386249 ], [ 479075.829566310625523, 4432955.760642055422068 ], [ 479072.880686015763786, 4432938.121016641147435 ], [ 479111.85118523996789, 4432871.418481502681971 ], [ 479122.413779574621003, 4432865.950830440036952 ], [ 479183.160500956175383, 4432900.968616717495024 ], [ 479230.117881487298291, 4432822.257670696824789 ], [ 479303.479299076017924, 4432853.579196017235518 ], [ 479372.091193403350189, 4432895.236588054336607 ], [ 479376.846134864026681, 4432887.121254499070346 ], [ 479515.936008360877167, 4432967.325165492482483 ], [ 479658.670359577459749, 4433039.863399242982268 ], [ 479703.436508628423326, 4433065.382822775281966 ], [ 479718.662089216464665, 4433081.103031287901103 ], [ 479919.000158688751981, 4433197.334427858702838 ], [ 479887.859331929183099, 4433291.538127765990794 ], [ 479844.432648838090245, 4433448.596119374968112 ], [ 479842.502034044475295, 4433524.630867397412658 ], [ 479852.786736265057698, 4433671.779195383191109 ], [ 479875.756943866494112, 4433842.535281583666801 ], [ 479878.375102356541902, 4433897.136513725854456 ], [ 479874.69587586709531, 4434021.457562487572432 ], [ 479868.193933613656554, 4434078.30282827001065 ], [ 479861.188230474188458, 4434105.958476875908673 ], [ 479839.056915482622571, 4434154.631817086599767 ], [ 479686.583753330167383, 4434418.422926255501807 ], [ 479404.376693797414191, 4434168.451518405228853 ], [ 479052.007614294125233, 4433844.429952580481768 ], [ 478923.937343634024728, 4433735.567900559864938 ], [ 478343.384840253507718, 4433211.874756114557385 ], [ 478328.751848750573117, 4433195.48963962122798 ], [ 478322.478445927146822, 4433179.191680870950222 ], [ 478322.273952977557201, 4433167.316094250418246 ], [ 478335.433606652833987, 4433085.810246988199651 ], [ 478356.305544563685544, 4433046.459497960284352 ], [ 478310.209459177742247, 4433064.682717038318515 ], [ 478280.02954287600005, 4433070.540551432408392 ], [ 478347.308020354015753, 4433002.199246323667467 ], [ 478301.286868071940262, 4432957.156740232370794 ], [ 478275.320339678204618, 4432885.419002249836922 ] ] ] } },
{ "type": "Feature", "properties": { "geoid": "14000US42101022000", "name": "Census Tract 220, Philadelphia, PA", "income": 93667.0, "income_moe": 42056.0, "poverty_universe": 1331.0, "below_poverty": 35.0, "universe_moe": 233.0, "below_poverty_moe": 23.0, "poverty_pct": 2.6296018031555222 }, "geometry": { "type": "Polygon", "coordinates": [ [ [ 477446.056597113725729, 4433794.643509401939809 ], [ 477729.30757576005999, 4433413.880634119734168 ], [ 477854.741802758420818, 4433254.461864844895899 ], [ 478021.916155623912346, 4433073.391856702044606 ], [ 478171.860390636022203, 4432949.314133652485907 ], [ 478275.320339678204618, 4432885.419002249836922 ], [ 478301.286868071940262, 4432957.156740232370794 ], [ 478347.308020354015753, 4433002.199246323667467 ], [ 478280.02954287600005, 4433070.540551432408392 ], [ 478356.305544563685544, 4433046.459497960284352 ], [ 478335.433606652833987, 4433085.810246988199651 ], [ 478322.273952977557201, 4433167.316094250418246 ], [ 478328.751848750573117, 4433195.48963962122798 ], [ 478343.384840253507718, 4433211.874756114557385 ], [ 479686.583753330167383, 4434418.422926255501807 ], [ 479662.217158384737559, 4434459.666312795132399 ], [ 479629.924025722313672, 4434534.450734448619187 ], [ 479608.389442971500102, 4434613.75708937831223 ], [ 479551.576918653794564, 4434925.354575301520526 ], [ 479525.955749024113175, 4435259.399946674704552 ], [ 479506.738920553121716, 4435374.773013732396066 ], [ 479462.997930778365117, 4435534.27651032153517 ], [ 479430.677289422252215, 4435627.930757268331945 ], [ 479360.631271650781855, 4435770.968371024355292 ], [ 479255.279736230208073, 4435942.739206698723137 ], [ 478309.4101872422616, 4434815.36780134215951 ], [ 478308.259355214016978, 4434800.609083062037826 ], [ 478302.432957580371294, 4434791.080375754274428 ], [ 478177.29843898548279, 4434633.718671553768218 ], [ 478131.435528829402756, 4434581.351180756464601 ], [ 478107.111141051456798, 4434574.983718477189541 ], [ 477494.910887138103135, 4433845.888072675094008 ], [ 477446.056597113725729, 4433794.643509401939809 ] ] ] } },
{ "type": "Feature", "properties": { "geoid": "14000US42101023100", "name": "Census Tract 231, Philadelphia, PA", "income": 227656.0, "income_moe": 79981.0, "poverty_universe": 1606.0, "below_poverty": 101.0, "universe_moe": 219.0, "below_poverty_moe": 79.0, "poverty_pct": 6.2889165628891659 }, "geometry": { "type": "Polygon", "coordinates": [ [ [ 482128.237704709521495, 4435145.275346608832479 ], [ 482365.828374564822298, 4434964.912311598658562 ], [ 482419.884396152105182, 4435033.713082833215594 ], [ 482539.571801231941208, 4434940.425397821702063 ], [ 482334.622819977055769, 4434674.629362189210951 ], [ 482438.558244890067726, 4434590.367192056961358 ], [ 482624.244905474304687, 4434451.754797009751201 ], [ 482668.459104676847346, 4434430.343261276371777 ], [ 482725.925860693445429, 4434423.441782489418983 ], [ 482728.322430259024259, 4434427.210060526616871 ], [ 482732.586217279720586, 4434464.493697104975581 ], [ 482739.198812632006593, 4434484.568226060830057 ], [ 482780.144289216841571, 4434563.612600713036954 ], [ 482786.158180748578161, 4434583.02257794700563 ], [ 482789.032164788863156, 4434609.3211874011904 ], [ 482786.440481218800414, 4434632.302426514215767 ], [ 482779.668960781593341, 4434654.849178708158433 ], [ 482732.594076387584209, 4434730.430736555717885 ], [ 482835.831013908144087, 4434863.720148270018399 ], [ 482841.314788280113135, 4434875.139941170811653 ], [ 482913.256561693327967, 4434821.701455108821392 ], [ 482927.541620408301242, 4434840.870952974073589 ], [ 482961.303391437511891, 4434874.647698525339365 ], [ 483008.278499015665147, 4434906.286157078109682 ], [ 483041.830382286279928, 4434922.748958627693355 ], [ 483058.49036342499312, 4434936.363791799172759 ], [ 483073.877282934321556, 4434952.756303131580353 ], [ 483101.796903276059311, 4435005.970325232483447 ], [ 483124.986858753196429, 4435041.658206716179848 ], [ 483196.259752952377312, 4435109.649274310097098 ], [ 483215.83639119961299, 4435131.360423868522048 ], [ 483231.322810831887182, 4435154.523556580767035 ], [ 483252.932651140319649, 4435170.236734640784562 ], [ 483241.029682581545785, 4435225.093131007626653 ], [ 483222.75614924961701, 4435252.659555763937533 ], [ 483172.015653727343306, 4435290.620208642445505 ], [ 483058.302972778037656, 4435387.325380582362413 ], [ 482957.769133509253152, 4435503.537316237576306 ], [ 482878.31101420748746, 4435624.364721507765353 ], [ 482833.963628780737054, 4435697.164832928217947 ], [ 482720.253468541020993, 4435902.758639380335808 ], [ 482712.650407907902263, 4435896.560385078191757 ], [ 482633.03722660249332, 4435797.071056226268411 ], [ 482585.222953335265629, 4435732.472108290530741 ], [ 482586.23524826875655, 4435727.697116523981094 ], [ 482697.144871422613505, 4435640.647478391416371 ], [ 482590.150696567783598, 4435501.596855526790023 ], [ 482568.957346964161843, 4435481.777883764356375 ], [ 482449.666548079461791, 4435558.637454402633011 ], [ 482313.419687150104437, 4435383.91890493966639 ], [ 482235.34101512550842, 4435288.758890851400793 ], [ 482182.981778438435867, 4435216.18168783467263 ], [ 482128.237704709521495, 4435145.275346608832479 ] ] ] } },
{ "type": "Feature", "properties": { "geoid": "14000US42101023500", "name": "Census Tract 235, Philadelphia, PA", "income": 96806.0, "income_moe": 38451.0, "poverty_universe": 1053.0, "below_poverty": 39.0, "universe_moe": 183.0, "below_poverty_moe": 37.0, "poverty_pct": 3.7037037037037037 }, "geometry": { "type": "Polygon", "coordinates": [ [ [ 482089.417577043932397, 4433003.886118175461888 ], [ 482183.461093521851581, 4432912.318658050149679 ], [ 482098.4608956555021, 4432895.869720296934247 ], [ 482107.209989350230899, 4432843.904923168942332 ], [ 482091.251540895726066, 4432732.506729112938046 ], [ 482190.098633522924501, 4432577.995739752426744 ], [ 482191.137881329632364, 4432548.247504971921444 ], [ 482241.29754993453389, 4432438.470219431445003 ], [ 482339.897695867577568, 4432394.953600507229567 ], [ 482450.101637427462265, 4432462.51418642513454 ], [ 482508.258294672705233, 4432563.604542375542223 ], [ 482488.609100932721049, 4432514.147485398687422 ], [ 482504.461122644133866, 4432396.459717472083867 ], [ 482431.108382053789683, 4432291.186848533339798 ], [ 482464.649007884145249, 4432112.41272550355643 ], [ 482667.500126514758449, 4431954.117149410769343 ], [ 482661.825949133257382, 4431972.443715689703822 ], [ 482660.022016459261067, 4432004.41342665348202 ], [ 482695.101832956832368, 4432161.386653956957161 ], [ 482970.500480310001876, 4431863.417839348316193 ], [ 483057.959188387379982, 4431906.842036978341639 ], [ 483088.33836264378624, 4431833.519912119954824 ], [ 483123.041914831090253, 4431632.659011898562312 ], [ 483135.072125197038986, 4431594.451212467625737 ], [ 483146.805154008150566, 4431537.597516574896872 ], [ 483181.999640987953171, 4431480.136930833570659 ], [ 483197.586126423440874, 4431468.004378724843264 ], [ 483437.006866401643492, 4431358.04119976516813 ], [ 483504.015776614192873, 4431333.810309805907309 ], [ 483563.13042811100604, 4431328.132656830362976 ], [ 483630.634970676270314, 4431335.645372381433845 ], [ 483721.695161338895559, 4431227.122138772159815 ], [ 483740.824169494095258, 4431235.072575298137963 ], [ 483869.147492785064969, 4431315.489906762726605 ], [ 483267.917702950770035, 4431984.847865347750485 ], [ 482342.245526484621223, 4433001.296327386051416 ], [ 482374.154033597791567, 4433040.5133340023458 ], [ 482252.875333061325364, 4433048.89812948834151 ], [ 482229.149552121118177, 4433043.736982299014926 ], [ 482119.00819144048728, 4433000.042680356651545 ], [ 482093.762440993916243, 4433001.545045360922813 ], [ 482089.417577043932397, 4433003.886118175461888 ] ] ] } },
{ "type": "Feature", "properties": { "geoid": "14000US42101023600", "name": "Census Tract 236, Philadelphia, PA", "income": 115352.0, "income_moe": 54259.0, "poverty_universe": 2395.0, "below_poverty": 185.0, "universe_moe": 557.0, "below_poverty_moe": 247.0, "poverty_pct": 7.7244258872651361 }, "geometry": { "type": "Polygon", "coordinates": [ [ [ 482816.373941827449016, 4432483.098318752832711 ], [ 482912.865161159599666, 4432373.109889782033861 ], [ 483523.243332448706497, 4431702.03839239384979 ], [ 483539.643663387512788, 4431711.104155567474663 ], [ 484020.393291650339961, 4432316.757808920927346 ], [ 483528.530699919559993, 4432724.148745488375425 ], [ 483604.347837843699381, 4432952.627678268589079 ], [ 483613.171441412647255, 4433009.547403517179191 ], [ 483611.844888026244007, 4433066.822011118754745 ], [ 483597.370932565652765, 4433118.908391018398106 ], [ 483580.298372496210504, 4433152.57578553725034 ], [ 483560.318590282695368, 4433182.91975926514715 ], [ 483528.833987780031748, 4433218.061375027522445 ], [ 483484.04362570628291, 4433253.454029821790755 ], [ 483469.836493613140192, 4433270.799657812342048 ], [ 483451.810124847106636, 4433296.921986495144665 ], [ 483425.65926230099285, 4433352.363925571553409 ], [ 483417.394405538740102, 4433395.557787140831351 ], [ 483419.854918316879775, 4433428.627982102334499 ], [ 483424.693039339035749, 4433456.809349029324949 ], [ 483445.612682379840408, 4433506.044101095758379 ], [ 483424.904780249053147, 4433514.746631088666618 ], [ 483410.771648391440976, 4433487.584485629573464 ], [ 483237.916405484895222, 4433235.124607414938509 ], [ 482990.045521950523835, 4432933.888936361297965 ], [ 483075.018052894040011, 4432862.442415414378047 ], [ 482895.300263820623513, 4432642.193341041915119 ], [ 482872.019430321350228, 4432607.727363334968686 ], [ 482851.291552059701644, 4432570.591892863623798 ], [ 482820.578579512133729, 4432493.965998448431492 ], [ 482816.373941827449016, 4432483.098318752832711 ] ] ] } },
{ "type": "Feature", "properties": { "geoid": "14000US42101023700", "name": "Census Tract 237, Philadelphia, PA", "income": 81615.0, "income_moe": 13143.0, "poverty_universe": 5109.0, "below_poverty": 519.0, "universe_moe": 1052.0, "below_poverty_moe": 282.0, "poverty_pct": 10.158543746330006 }, "geometry": { "type": "Polygon", "coordinates": [ [ [ 483417.394405538740102, 4433395.557787140831351 ], [ 483425.65926230099285, 4433352.363925571553409 ], [ 483451.810124847106636, 4433296.921986495144665 ], [ 483484.04362570628291, 4433253.454029821790755 ], [ 483528.833987780031748, 4433218.061375027522445 ], [ 483560.318590282695368, 4433182.91975926514715 ], [ 483580.298372496210504, 4433152.57578553725034 ], [ 483597.370932565652765, 4433118.908391018398106 ], [ 483611.844888026244007, 4433066.822011118754745 ], [ 483613.171441412647255, 4433009.547403517179191 ], [ 483604.347837843699381, 4432952.627678268589079 ], [ 483528.530699919559993, 4432724.148745488375425 ], [ 484020.393291650339961, 4432316.757808920927346 ], [ 484382.620431225339416, 4432775.398878965526819 ], [ 484457.619293237512466, 4432866.924168900586665 ], [ 484356.222153208218515, 4433129.072704729624093 ], [ 484287.990217785933055, 4433297.920977297239006 ], [ 484162.61806663882453, 4433591.976618723012507 ], [ 483959.131596534920391, 4434089.314282599836588 ], [ 483645.146554471983109, 4433835.368617768399417 ], [ 483541.761853830190375, 4433909.179611152037978 ], [ 483457.530511441233102, 4433808.470990367233753 ], [ 483484.85253906348953, 4433782.328426789492369 ], [ 483506.694330576516222, 4433746.208594009280205 ], [ 483516.2519470633124, 4433709.116553824394941 ], [ 483518.33874986122828, 4433688.134559874422848 ], [ 483516.153895908093546, 4433663.943073578178883 ], [ 483499.337460991926491, 4433618.472926899790764 ], [ 483433.613697629945818, 4433479.654205225408077 ], [ 483424.693039339035749, 4433456.809349029324949 ], [ 483419.854918316879775, 4433428.627982102334499 ], [ 483417.394405538740102, 4433395.557787140831351 ] ] ] } },
{ "type": "Feature", "properties": { "geoid": "14000US42101023800", "name": "Census Tract 238, Philadelphia, PA", "income": 71467.0, "income_moe": 15913.0, "poverty_universe": 5901.0, "below_poverty": 1105.0, "universe_moe": 1316.0, "below_poverty_moe": 370.0, "poverty_pct": 18.725639722081002 }, "geometry": { "type": "Polygon", "coordinates": [ [ [ 483937.874843768368009, 4432022.693133782595396 ], [ 483958.713766459026374, 4431952.613444708287716 ], [ 483967.818826970120426, 4431941.495074425823987 ], [ 483949.848470206721686, 4431915.671983181498945 ], [ 483927.311907756899018, 4431909.171118876896799 ], [ 484537.30192261794582, 4431446.40288953576237 ], [ 484749.597131252638064, 4431712.353316439315677 ], [ 484948.460798237880226, 4431966.904185224324465 ], [ 484646.309049454110209, 4432444.661323452368379 ], [ 484569.536449798732065, 4432572.7901705885306 ], [ 484561.538220599875785, 4432582.906656303443015 ], [ 484544.965009221225046, 4432613.130072163417935 ], [ 484537.827137740212493, 4432626.796565278433263 ], [ 484500.20046635530889, 4432748.853041469119489 ], [ 484457.619293237512466, 4432866.924168900586665 ], [ 484382.620431225339416, 4432775.398878965526819 ], [ 483893.624732140393462, 4432156.198669665493071 ], [ 483937.874843768368009, 4432022.693133782595396 ] ] ] } },
{ "type": "Feature", "properties": { "geoid": "14000US42101023900", "name": "Census Tract 239, Philadelphia, PA", "income": 60329.0, "income_moe": 32111.0, "poverty_universe": 1965.0, "below_poverty": 217.0, "universe_moe": 386.0, "below_poverty_moe": 105.0, "poverty_pct": 11.043256997455471 }, "geometry": { "type": "Polygon", "coordinates": [ [ [ 483523.243332448706497, 4431702.03839239384979 ], [ 483752.701602338522207, 4431442.934161327779293 ], [ 483807.013558791019022, 4431385.879624648950994 ], [ 483903.027998199453577, 4431279.123873862437904 ], [ 484012.736164739064407, 4431150.586236409842968 ], [ 484113.365315250877757, 4431044.489454903639853 ], [ 484290.709360715409275, 4431147.342820015735924 ], [ 484309.933828106208239, 4431160.400091964751482 ], [ 484323.783654121740256, 4431173.80147020239383 ], [ 484424.638050767825916, 4431300.568263774737716 ], [ 484537.30192261794582, 4431446.40288953576237 ], [ 483927.311907756899018, 4431909.171118876896799 ], [ 483949.848470206721686, 4431915.671983181498945 ], [ 483967.818826970120426, 4431941.495074425823987 ], [ 483958.713766459026374, 4431952.613444708287716 ], [ 483937.874843768368009, 4432022.693133782595396 ], [ 483893.624732140393462, 4432156.198669665493071 ], [ 483539.643663387512788, 4431711.104155567474663 ], [ 483523.243332448706497, 4431702.03839239384979 ] ] ] } },
{ "type": "Feature", "properties": { "geoid": "14000US42101024000", "name": "Census Tract 240, Philadelphia, PA", "income": 61543.0, "income_moe": 21254.0, "poverty_universe": 3612.0, "below_poverty": 900.0, "universe_moe": 735.0, "below_poverty_moe": 359.0, "poverty_pct": 24.916943521594686 }, "geometry": { "type": "Polygon", "coordinates": [ [ [ 484280.313842321862467, 4430865.224293091334403 ], [ 484653.960909471614286, 4430446.023676589131355 ], [ 484722.909185061755124, 4430361.864455748349428 ], [ 484798.946622477436904, 4430280.244498205371201 ], [ 484851.984260456752963, 4430346.400378136895597 ], [ 484862.00024118629517, 4430362.58514261059463 ], [ 485002.79309211357031, 4430533.898499483242631 ], [ 485149.501423753157724, 4430722.73953671939671 ], [ 485058.17677284142701, 4430796.949667527340353 ], [ 485186.817420218081679, 4430956.081347206607461 ], [ 484735.108404765138403, 4431295.054717093706131 ], [ 484721.313301183807198, 4431308.401402015239 ], [ 484612.357446835667361, 4431391.864762830547988 ], [ 484537.30192261794582, 4431446.40288953576237 ], [ 484424.638050767825916, 4431300.568263774737716 ], [ 484323.783654121740256, 4431173.80147020239383 ], [ 484309.933828106208239, 4431160.400091964751482 ], [ 484290.709360715409275, 4431147.342820015735924 ], [ 484113.365315250877757, 4431044.489454903639853 ], [ 484280.313842321862467, 4430865.224293091334403 ] ] ] } },
{ "type": "Feature", "properties": { "geoid": "14000US42101024100", "name": "Census Tract 241, Philadelphia, PA", "income": null, "income_moe": null, "poverty_universe": 1320.0, "below_poverty": 277.0, "universe_moe": 280.0, "below_poverty_moe": 93.0, "poverty_pct": 20.984848484848484 }, "geometry": { "type": "Polygon", "coordinates": [ [ [ 484612.357446835667361, 4431391.864762830547988 ], [ 484721.313301183807198, 4431308.401402015239 ], [ 484735.108404765138403, 4431295.054717093706131 ], [ 485104.941305499058217, 4431017.619538208469748 ], [ 485156.011567582201678, 4431085.224321025423706 ], [ 485297.056128842115868, 4431264.645101940259337 ], [ 485438.777020438108593, 4431444.289206332527101 ], [ 485443.818680231808685, 4431448.3862279728055 ], [ 485196.421316938009113, 4431637.549457958899438 ], [ 485052.20124279090669, 4431793.330752706155181 ], [ 484974.736167208349798, 4431923.232536309398711 ], [ 484972.699845441558864, 4431928.897127800621092 ], [ 484948.460798237880226, 4431966.904185224324465 ], [ 484749.597131252638064, 4431712.353316439315677 ], [ 484537.30192261794582, 4431446.40288953576237 ], [ 484612.357446835667361, 4431391.864762830547988 ] ] ] } },
{ "type": "Feature", "properties": { "geoid": "14000US42101024200", "name": "Census Tract 242, Philadelphia, PA", "income": 55123.0, "income_moe": 28691.0, "poverty_universe": 5367.0, "below_poverty": 1522.0, "universe_moe": 883.0, "below_poverty_moe": 841.0, "poverty_pct": 28.358487050493757 }, "geometry": { "type": "Polygon", "coordinates": [ [ [ 485058.17677284142701, 4430796.949667527340353 ], [ 485149.501423753157724, 4430722.73953671939671 ], [ 485568.649479496525601, 4430419.703226581215858 ], [ 485695.252682740567252, 4430586.727638772688806 ], [ 485802.080675379373133, 4430722.047604561783373 ], [ 486028.39805320603773, 4431017.086861499585211 ], [ 485995.682773249107413, 4431043.673974835313857 ], [ 485795.016718713508453, 4431188.334999322891235 ], [ 485688.25989683973603, 4431268.670990837737918 ], [ 485563.00699921476189, 4431357.478955742903054 ], [ 485443.818680231808685, 4431448.3862279728055 ], [ 485438.777020438108593, 4431444.289206332527101 ], [ 485297.056128842115868, 4431264.645101940259337 ], [ 485104.941305499058217, 4431017.619538208469748 ], [ 485186.817420218081679, 4430956.081347206607461 ], [ 485091.106890752154868, 4430837.507810672745109 ], [ 485058.17677284142701, 4430796.949667527340353 ] ] ] } },
{ "type": "Feature", "properties": { "geoid": "14000US42101024300", "name": "Census Tract 243, Philadelphia, PA", "income": 64066.0, "income_moe": 27757.0, "poverty_universe": 4295.0, "below_poverty": 509.0, "universe_moe": 625.0, "below_poverty_moe": 199.0, "poverty_pct": 11.850989522700814 }, "geometry": { "type": "Polygon", "coordinates": [ [ [ 484798.946622477436904, 4430280.244498205371201 ], [ 485069.541183728026226, 4429979.588211464695632 ], [ 485215.741974335105624, 4429815.035703739151359 ], [ 485240.084752846451011, 4429782.246044132858515 ], [ 485292.713231365953106, 4429725.316642018966377 ], [ 485326.703394448850304, 4429738.569902066141367 ], [ 485426.257348172715865, 4429764.57233211491257 ], [ 485672.88220523489872, 4429809.27699635643512 ], [ 485772.326886820199434, 4429823.630096607841551 ], [ 485833.709219864394981, 4429837.056395262479782 ], [ 485886.903569956077263, 4429852.940185055136681 ], [ 485976.140694043948315, 4429885.628422504290938 ], [ 486025.585745545802638, 4429904.849828274920583 ], [ 486076.627154325076845, 4429957.143963191658258 ], [ 486087.412495679920539, 4429975.215761541388929 ], [ 486109.103440492588561, 4430030.560638189315796 ], [ 485149.501423753157724, 4430722.73953671939671 ], [ 485002.79309211357031, 4430533.898499483242631 ], [ 484862.00024118629517, 4430362.58514261059463 ], [ 484851.984260456752963, 4430346.400378136895597 ], [ 484798.946622477436904, 4430280.244498205371201 ] ] ] } },
{ "type": "Feature", "properties": { "geoid": "14000US42101024400", "name": "Census Tract 244, Philadelphia, PA", "income": 63125.0, "income_moe": 13781.0, "poverty_universe": 3002.0, "below_poverty": 501.0, "universe_moe": 640.0, "below_poverty_moe": 286.0, "poverty_pct": 16.688874083944036 }, "geometry": { "type": "Polygon", "coordinates": [ [ [ 486109.103440492588561, 4430030.560638189315796 ], [ 486116.960678175499197, 4430080.825238616205752 ], [ 486119.19655843480723, 4430136.982638645917177 ], [ 486124.799324905674439, 4430167.716940500773489 ], [ 486136.731426651531365, 4430206.542053223587573 ], [ 486174.174036680196878, 4430243.322911724448204 ], [ 486357.426005758985411, 4430410.255445667542517 ], [ 486372.20502901065629, 4430419.663182620890439 ], [ 486385.525853909901343, 4430424.85589739587158 ], [ 486359.468764219433069, 4430502.485398164950311 ], [ 486356.117154937819578, 4430536.787671342492104 ], [ 486353.425239837204572, 4430605.828990509733558 ], [ 486343.108552690187935, 4430657.791375243104994 ], [ 486326.866330355755053, 4430688.565123252570629 ], [ 486264.000814890139736, 4430794.453048250637949 ], [ 486226.389576652552933, 4430851.237604429014027 ], [ 486166.759110678802244, 4430904.732659249566495 ], [ 486028.39805320603773, 4431017.086861499585211 ], [ 485886.249408566334751, 4430833.548011686652899 ], [ 485802.080675379373133, 4430722.047604561783373 ], [ 485695.252682740567252, 4430586.727638772688806 ], [ 485568.649479496525601, 4430419.703226581215858 ], [ 486109.103440492588561, 4430030.560638189315796 ] ] ] } },
{ "type": "Feature", "properties": { "geoid": "14000US42101024500", "name": "Census Tract 245, Philadelphia, PA", "income": 35025.0, "income_moe": 20733.0, "poverty_universe": 4941.0, "below_poverty": 1795.0, "universe_moe": 1539.0, "below_poverty_moe": 1104.0, "poverty_pct": 36.328678405181137 }, "geometry": { "type": "Polygon", "coordinates": [ [ [ 485995.682773249107413, 4431043.673974835313857 ], [ 486166.759110678802244, 4430904.732659249566495 ], [ 486226.389576652552933, 4430851.237604429014027 ], [ 486264.000814890139736, 4430794.453048250637949 ], [ 486343.108552690187935, 4430657.791375243104994 ], [ 486353.425239837204572, 4430605.828990509733558 ], [ 486359.468764219433069, 4430502.485398164950311 ], [ 486385.525853909901343, 4430424.85589739587158 ], [ 486392.900188232655637, 4430444.932085658423603 ], [ 486397.548575096589047, 4430515.292136053554714 ], [ 486430.993064942711499, 4431134.119164207950234 ], [ 486508.651041669305414, 4431190.475455426611006 ], [ 486540.121440798684489, 4431231.153441229835153 ], [ 486550.573212248447817, 4431255.220037860795856 ], [ 486552.129604519228451, 4431266.871364432387054 ], [ 486550.414259892539121, 4431454.671614188700914 ], [ 486525.445579559309408, 4431519.534753940999508 ], [ 486383.488912737171631, 4431669.293077190406621 ], [ 486489.348688465368468, 4431803.292649277485907 ], [ 486482.188719757832587, 4432046.709443039260805 ], [ 486486.802691278164275, 4432290.54935350548476 ], [ 486492.345423619030043, 4432433.163495728746057 ], [ 486316.380780091858469, 4432210.274598038755357 ], [ 486241.778299864206929, 4432093.20238450076431 ], [ 486115.137261859723367, 4431931.94026289973408 ], [ 486004.261298364785034, 4431856.336557557806373 ], [ 485949.770693998725619, 4431823.805650013498962 ], [ 485922.16935939429095, 4431799.660614342428744 ], [ 485859.253521105623804, 4431732.960625748150051 ], [ 485563.00699921476189, 4431357.478955742903054 ], [ 485995.682773249107413, 4431043.673974835313857 ] ] ] } },
{ "type": "Feature", "properties": { "geoid": "14000US42101024600", "name": "Census Tract 246, Philadelphia, PA", "income": 55978.0, "income_moe": 15916.0, "poverty_universe": 2281.0, "below_poverty": 517.0, "universe_moe": 480.0, "below_poverty_moe": 220.0, "poverty_pct": 22.665497588776852 }, "geometry": { "type": "Polygon", "coordinates": [ [ [ 484972.699845441558864, 4431928.897127800621092 ], [ 485052.20124279090669, 4431793.330752706155181 ], [ 485093.403823527332861, 4431747.521346274763346 ], [ 485196.421316938009113, 4431637.549457958899438 ], [ 485563.00699921476189, 4431357.478955742903054 ], [ 485859.253521105623804, 4431732.960625748150051 ], [ 485939.433291504450608, 4431816.055374341085553 ], [ 485464.502527496952098, 4431869.003982498310506 ], [ 485437.222114622825757, 4431879.489409677684307 ], [ 485386.003466126741841, 4431908.112539627589285 ], [ 485363.174340545141604, 4431926.248083874583244 ], [ 485343.935745772556402, 4431948.15048045758158 ], [ 485331.360433240653947, 4431974.590710106305778 ], [ 485321.176097203453537, 4432002.13625724427402 ], [ 485314.743846418161411, 4432028.786635318771005 ], [ 485311.903099835384637, 4432059.758743663318455 ], [ 485315.883204930752981, 4432088.608831830322742 ], [ 485324.210710894607473, 4432115.674661403521895 ], [ 485337.401296697789803, 4432142.953097658231854 ], [ 485353.997999660379719, 4432167.006238171830773 ], [ 485392.046713071700651, 4432211.4405736643821 ], [ 485408.898810154001694, 4432235.382352660410106 ], [ 485437.660288577026222, 4432286.161274814046919 ], [ 485457.81287167663686, 4432340.952475204132497 ], [ 485521.738478751736693, 4432535.39851186517626 ], [ 485532.596348094579298, 4432592.760451063513756 ], [ 485541.61266116250772, 4432713.502093037590384 ], [ 485486.92958063154947, 4432756.671094329096377 ], [ 485436.77718286938034, 4432893.508710784837604 ], [ 484835.436210434185341, 4432145.492245797067881 ], [ 484972.699845441558864, 4431928.897127800621092 ] ] ] } },
{ "type": "Feature", "properties": { "geoid": "14000US42101024700", "name": "Census Tract 247, Philadelphia, PA", "income": 52105.0, "income_moe": 27272.0, "poverty_universe": 5116.0, "below_poverty": 1225.0, "universe_moe": 1022.0, "below_poverty_moe": 571.0, "poverty_pct": 23.944487881157155 }, "geometry": { "type": "Polygon", "coordinates": [ [ [ 485314.743846418161411, 4432028.786635318771005 ], [ 485321.176097203453537, 4432002.13625724427402 ], [ 485343.935745772556402, 4431948.15048045758158 ], [ 485363.174340545141604, 4431926.248083874583244 ], [ 485386.003466126741841, 4431908.112539627589285 ], [ 485437.222114622825757, 4431879.489409677684307 ], [ 485464.502527496952098, 4431869.003982498310506 ], [ 485939.433291504450608, 4431816.055374341085553 ], [ 486004.261298364785034, 4431856.336557557806373 ], [ 486020.068465396354441, 4431869.404442634433508 ], [ 486115.137261859723367, 4431931.94026289973408 ], [ 486241.778299864206929, 4432093.20238450076431 ], [ 486316.380780091858469, 4432210.274598038755357 ], [ 486492.345423619030043, 4432433.163495728746057 ], [ 486503.52595176268369, 4432772.222595524042845 ], [ 486511.041254248295445, 4432921.15986866876483 ], [ 486210.868641799781471, 4433159.331794287078083 ], [ 485736.244961371645331, 4432559.743850212544203 ], [ 485541.61266116250772, 4432713.502093037590384 ], [ 485532.596348094579298, 4432592.760451063513756 ], [ 485528.446494529547635, 4432563.79956350941211 ], [ 485512.983901455183513, 4432507.445335592143238 ], [ 485448.375794303836301, 4432313.222669110633433 ], [ 485437.660288577026222, 4432286.161274814046919 ], [ 485408.898810154001694, 4432235.382352660410106 ], [ 485337.401296697789803, 4432142.953097658231854 ], [ 485324.210710894607473, 4432115.674661403521895 ], [ 485315.883204930752981, 4432088.608831830322742 ], [ 485311.903099835384637, 4432059.758743663318455 ], [ 485314.743846418161411, 4432028.786635318771005 ] ] ] } },
{ "type": "Feature", "properties": { "geoid": "14000US42101024800", "name": "Census Tract 248, Philadelphia, PA", "income": 48594.0, "income_moe": 25622.0, "poverty_universe": 2268.0, "below_poverty": 955.0, "universe_moe": 541.0, "below_poverty_moe": 518.0, "poverty_pct": 42.107583774250443 }, "geometry": { "type": "Polygon", "coordinates": [ [ [ 485486.92958063154947, 4432756.671094329096377 ], [ 485736.244961371645331, 4432559.743850212544203 ], [ 486210.868641799781471, 4433159.331794287078083 ], [ 485966.16212965536397, 4433353.682352807372808 ], [ 485694.959918880194891, 4433014.442921224050224 ], [ 485423.863326061342377, 4433231.835966335609555 ], [ 485349.388525369286072, 4433138.746263246051967 ], [ 485486.92958063154947, 4432756.671094329096377 ] ] ] } },
{ "type": "Feature", "properties": { "geoid": "14000US42101024900", "name": "Census Tract 249, Philadelphia, PA", "income": 32083.0, "income_moe": 13450.0, "poverty_universe": 3476.0, "below_poverty": 1329.0, "universe_moe": 890.0, "below_poverty_moe": 752.0, "poverty_pct": 38.23360184119678 }, "geometry": { "type": "Polygon", "coordinates": [ [ [ 486511.041254248295445, 4432921.15986866876483 ], [ 486556.427551795204636, 4433791.69757267460227 ], [ 486559.310555691830814, 4433830.317576009780169 ], [ 486562.314620441349689, 4433840.967461836524308 ], [ 486563.371505571994931, 4433859.834179350174963 ], [ 486561.782002382853534, 4433877.373679829761386 ], [ 486545.514786706015002, 4433890.610496227629483 ], [ 486535.203426842053887, 4433895.623399146832526 ], [ 486448.319524569204077, 4433959.043228890746832 ], [ 486316.931986917101312, 4433794.789123686030507 ], [ 486315.046359576692339, 4433789.686903391964734 ], [ 485966.16212965536397, 4433353.682352807372808 ], [ 486511.041254248295445, 4432921.15986866876483 ] ] ] } },
{ "type": "Feature", "properties": { "geoid": "14000US42101025200", "name": "Census Tract 252, Philadelphia, PA", "income": 26638.0, "income_moe": 10389.0, "poverty_universe": 7184.0, "below_poverty": 2052.0, "universe_moe": 1193.0, "below_poverty_moe": 820.0, "poverty_pct": 28.56347438752784 }, "geometry": { "type": "Polygon", "coordinates": [ [ [ 484457.619293237512466, 4432866.924168900586665 ], [ 484500.20046635530889, 4432748.853041469119489 ], [ 484537.827137740212493, 4432626.796565278433263 ], [ 484561.538220599875785, 4432582.906656303443015 ], [ 484569.536449798732065, 4432572.7901705885306 ], [ 484646.309049454110209, 4432444.661323452368379 ], [ 484835.436210434185341, 4432145.492245797067881 ], [ 485436.77718286938034, 4432893.508710784837604 ], [ 485313.15899959160015, 4433238.819714524783194 ], [ 485253.190682569984347, 4433368.907169779762626 ], [ 485060.379269117198419, 4433522.230576472356915 ], [ 485004.86145484255394, 4433570.288421630859375 ], [ 484819.296976681100205, 4433717.055223773233593 ], [ 484356.222153208218515, 4433129.072704729624093 ], [ 484457.619293237512466, 4432866.924168900586665 ] ] ] } },
{ "type": "Feature", "properties": { "geoid": "14000US42101025300", "name": "Census Tract 253, Philadelphia, PA", "income": 67404.0, "income_moe": 21385.0, "poverty_universe": 4055.0, "below_poverty": 269.0, "universe_moe": 692.0, "below_poverty_moe": 187.0, "poverty_pct": 6.6337854500616524 }, "geometry": { "type": "Polygon", "coordinates": [ [ [ 484069.44972754776245, 4433823.367476725950837 ], [ 484091.585816041158978, 4433763.607456751167774 ], [ 484162.61806663882453, 4433591.976618723012507 ], [ 484195.896902373700868, 4433516.654851950705051 ], [ 484201.489913535770029, 4433499.1065120883286 ], [ 484256.489458823634777, 4433367.800023068673909 ], [ 484287.990217785933055, 4433297.920977297239006 ], [ 484356.222153208218515, 4433129.072704729624093 ], [ 484598.505157951731235, 4433438.799441752023995 ], [ 484819.296976681100205, 4433717.055223773233593 ], [ 484886.572455710731447, 4433663.644987440668046 ], [ 485009.441546235408168, 4433816.459119315259159 ], [ 485010.576192790351342, 4433829.553910763934255 ], [ 484936.069849273539148, 4433892.189725627191365 ], [ 484663.397570614528377, 4434105.506890388205647 ], [ 484604.39175522205187, 4434154.573712327517569 ], [ 484361.458356609044131, 4434346.198228978551924 ], [ 484241.488140474248212, 4434195.164287374354899 ], [ 484225.596037909854203, 4434181.434289467521012 ], [ 484024.55915510043269, 4433932.233812709338963 ], [ 484069.44972754776245, 4433823.367476725950837 ] ] ] } },
{ "type": "Feature", "properties": { "geoid": "14000US42101025400", "name": "Census Tract 254, Philadelphia, PA", "income": 83380.0, "income_moe": 21561.0, "poverty_universe": 4052.0, "below_poverty": 378.0, "universe_moe": 809.0, "below_poverty_moe": 254.0, "poverty_pct": 9.3287265547877585 }, "geometry": { "type": "Polygon", "coordinates": [ [ [ 484663.397570614528377, 4434105.506890388205647 ], [ 484936.069849273539148, 4433892.189725627191365 ], [ 485010.576192790351342, 4433829.553910763934255 ], [ 484972.894145836995449, 4433967.480205496773124 ], [ 485052.238146084127948, 4434066.217317077331245 ], [ 485095.092611011932604, 4434129.620405434630811 ], [ 485195.573655635525938, 4434047.733852438628674 ], [ 485376.496024914784357, 4434281.132055239751935 ], [ 485617.747154419717845, 4434582.680083139799535 ], [ 484946.283863153017592, 4435085.998448271304369 ], [ 484361.458356609044131, 4434346.198228978551924 ], [ 484663.397570614528377, 4434105.506890388205647 ] ] ] } },
{ "type": "Feature", "properties": { "geoid": "14000US42101025500", "name": "Census Tract 255, Philadelphia, PA", "income": 96250.0, "income_moe": 33058.0, "poverty_universe": 2688.0, "below_poverty": 183.0, "universe_moe": 340.0, "below_poverty_moe": 73.0, "poverty_pct": 6.8080357142857144 }, "geometry": { "type": "Polygon", "coordinates": [ [ [ 483794.33540622680448, 4434320.971412578597665 ], [ 483933.585987608821597, 4434149.08194260392338 ], [ 484024.55915510043269, 4433932.233812709338963 ], [ 484225.596037909854203, 4434181.434289467521012 ], [ 484241.488140474248212, 4434195.164287374354899 ], [ 484946.283863153017592, 4435085.998448271304369 ], [ 484501.389328791876324, 4435420.535938645713031 ], [ 484158.906234554306138, 4435001.581902431324124 ], [ 483706.007350544037763, 4434453.684876148588955 ], [ 483794.33540622680448, 4434320.971412578597665 ] ] ] } },
{ "type": "Feature", "properties": { "geoid": "14000US42101025600", "name": "Census Tract 256, Philadelphia, PA", "income": 120357.0, "income_moe": 30391.0, "poverty_universe": 2649.0, "below_poverty": 125.0, "universe_moe": 389.0, "below_poverty_moe": 106.0, "poverty_pct": 4.7187617969044924 }, "geometry": { "type": "Polygon", "coordinates": [ [ [ 483283.589437581540551, 4435034.536767007783055 ], [ 483308.777146162057761, 4435009.619106984697282 ], [ 483362.780028780980501, 4434980.42062452249229 ], [ 483430.647016016533598, 4434934.321456950157881 ], [ 483442.641153207456227, 4434920.421275112777948 ], [ 483685.861629651160911, 4434484.805896510370076 ], [ 483706.007350544037763, 4434453.684876148588955 ], [ 484158.906234554306138, 4435001.581902431324124 ], [ 484501.389328791876324, 4435420.535938645713031 ], [ 483866.936021537578199, 4435896.016613042913377 ], [ 483834.533165073662531, 4435855.6843943586573 ], [ 483745.317105139722116, 4435764.750340921804309 ], [ 483681.269873857148923, 4435681.19965697824955 ], [ 483660.568814883125015, 4435650.832331465557218 ], [ 483615.533740176237188, 4435566.464355879463255 ], [ 483555.490538528945763, 4435482.573124122805893 ], [ 483498.63325238856487, 4435413.437403596006334 ], [ 483460.260803073470015, 4435374.784655364230275 ], [ 483383.910252851841506, 4435283.382873739115894 ], [ 483360.925159940030426, 4435262.455706194974482 ], [ 483327.107698309991974, 4435240.553464783355594 ], [ 483277.617249613860622, 4435188.163042831234634 ], [ 483252.932651140319649, 4435170.236734640784562 ], [ 483283.589437581540551, 4435034.536767007783055 ] ] ] } },
{ "type": "Feature", "properties": { "geoid": "14000US42101025700", "name": "Census Tract 257, Philadelphia, PA", "income": 66045.0, "income_moe": 4377.0, "poverty_universe": 3475.0, "below_poverty": 274.0, "universe_moe": 500.0, "below_poverty_moe": 140.0, "poverty_pct": 7.8848920863309351 }, "geometry": { "type": "Polygon", "coordinates": [ [ [ 482720.253468541020993, 4435902.758639380335808 ], [ 482793.616989619738888, 4435766.515383786521852 ], [ 482878.31101420748746, 4435624.364721507765353 ], [ 482957.769133509253152, 4435503.537316237576306 ], [ 482979.876904203149024, 4435475.295681935735047 ], [ 483058.302972778037656, 4435387.325380582362413 ], [ 483172.015653727343306, 4435290.620208642445505 ], [ 483222.75614924961701, 4435252.659555763937533 ], [ 483241.029682581545785, 4435225.093131007626653 ], [ 483252.932651140319649, 4435170.236734640784562 ], [ 483277.617249613860622, 4435188.163042831234634 ], [ 483327.107698309991974, 4435240.553464783355594 ], [ 483360.925159940030426, 4435262.455706194974482 ], [ 483383.910252851841506, 4435283.382873739115894 ], [ 483460.260803073470015, 4435374.784655364230275 ], [ 483498.63325238856487, 4435413.437403596006334 ], [ 483555.490538528945763, 4435482.573124122805893 ], [ 483615.533740176237188, 4435566.464355879463255 ], [ 483660.568814883125015, 4435650.832331465557218 ], [ 483681.269873857148923, 4435681.19965697824955 ], [ 483745.317105139722116, 4435764.750340921804309 ], [ 483834.533165073662531, 4435855.6843943586573 ], [ 483866.936021537578199, 4435896.016613042913377 ], [ 483650.963011013867799, 4436060.525377549231052 ], [ 483152.037416589271743, 4436432.220125935971737 ], [ 483063.072225422016345, 4436301.558179892599583 ], [ 483015.581485715403687, 4436226.078533881343901 ], [ 483008.290722506702878, 4436206.782186758704484 ], [ 482997.188846258854028, 4436199.037589891813695 ], [ 482995.725906701001804, 4436193.047281104139984 ], [ 482999.890975680376869, 4436187.26634672190994 ], [ 482989.837551882606931, 4436152.770256591029465 ], [ 482965.084573896892834, 4436141.282579900696874 ], [ 482955.715300018608104, 4436145.743312276899815 ], [ 482936.692785696533974, 4436142.123315364122391 ], [ 482892.718311287637334, 4436114.474237747490406 ], [ 482871.872028271609452, 4436096.20752520672977 ], [ 482727.602984835393727, 4435909.956409249454737 ], [ 482720.253468541020993, 4435902.758639380335808 ] ] ] } },
{ "type": "Feature", "properties": { "geoid": "14000US42101025800", "name": "Census Tract 258, Philadelphia, PA", "income": 59904.0, "income_moe": 41934.0, "poverty_universe": 1701.0, "below_poverty": 71.0, "universe_moe": 374.0, "below_poverty_moe": 47.0, "poverty_pct": 4.1740152851263961 }, "geometry": { "type": "Polygon", "coordinates": [ [ [ 484501.389328791876324, 4435420.535938645713031 ], [ 484558.083779673324898, 4435498.003864595666528 ], [ 484609.89203096734127, 4435563.383983050473034 ], [ 484698.303037901059724, 4435681.966794853098691 ], [ 484738.323898373404518, 4435781.00219177827239 ], [ 484820.095614545512944, 4435992.944211021997035 ], [ 484921.645183095883112, 4436205.291802479885519 ], [ 484784.835393714718521, 4436310.896511035040021 ], [ 484624.693514131358825, 4436429.426068024709821 ], [ 484632.472640245803632, 4436439.399612922221422 ], [ 484477.952414116356522, 4436552.704293311573565 ], [ 484222.937697410176042, 4436225.91401694715023 ], [ 484049.474266495264601, 4436006.955961585044861 ], [ 483930.105668236734346, 4435848.821883825585246 ], [ 484501.389328791876324, 4435420.535938645713031 ] ] ] } },
{ "type": "Feature", "properties": { "geoid": "14000US42101025900", "name": "Census Tract 259, Philadelphia, PA", "income": 51191.0, "income_moe": 14505.0, "poverty_universe": 4599.0, "below_poverty": 595.0, "universe_moe": 1071.0, "below_poverty_moe": 331.0, "poverty_pct": 12.937595129375952 }, "geometry": { "type": "Polygon", "coordinates": [ [ [ 484477.952414116356522, 4436552.704293311573565 ], [ 484632.472640245803632, 4436439.399612922221422 ], [ 484624.693514131358825, 4436429.426068024709821 ], [ 484784.835393714718521, 4436310.896511035040021 ], [ 485035.050610453356057, 4436120.047284619882703 ], [ 485513.301689205516595, 4436741.119534224271774 ], [ 485364.574669585563242, 4436855.727025419473648 ], [ 485254.75028124806704, 4436937.297042991034687 ], [ 484957.914769341179635, 4437167.411974981427193 ], [ 484720.627007938979659, 4436859.105452161282301 ], [ 484497.955011567217298, 4436577.858651192858815 ], [ 484477.952414116356522, 4436552.704293311573565 ] ] ] } },
{ "type": "Feature", "properties": { "geoid": "14000US42101026000", "name": "Census Tract 260, Philadelphia, PA", "income": 67842.0, "income_moe": 8770.0, "poverty_universe": 2902.0, "below_poverty": 400.0, "universe_moe": 570.0, "below_poverty_moe": 268.0, "poverty_pct": 13.783597518952446 }, "geometry": { "type": "Polygon", "coordinates": [ [ [ 485590.11151114560198, 4435703.75147089548409 ], [ 486067.976075464102905, 4436310.762918189167976 ], [ 485513.301689205516595, 4436741.119534224271774 ], [ 485035.050610453356057, 4436120.047284619882703 ], [ 485590.11151114560198, 4435703.75147089548409 ] ] ] } },
{ "type": "Feature", "properties": { "geoid": "14000US42101026100", "name": "Census Tract 261, Philadelphia, PA", "income": 58750.0, "income_moe": 9295.0, "poverty_universe": 2880.0, "below_poverty": 152.0, "universe_moe": 880.0, "below_poverty_moe": 106.0, "poverty_pct": 5.2777777777777777 }, "geometry": { "type": "Polygon", "coordinates": [ [ [ 484501.389328791876324, 4435420.535938645713031 ], [ 484604.069376966159325, 4435341.300599096342921 ], [ 485048.383121261838824, 4435010.322100167162716 ], [ 485099.687045194790699, 4435079.924196973443031 ], [ 485208.080907902156468, 4435214.012529867701232 ], [ 485393.080005026247818, 4435453.397047995589674 ], [ 485500.354839780717157, 4435587.491737556643784 ], [ 485590.11151114560198, 4435703.75147089548409 ], [ 484921.645183095883112, 4436205.291802479885519 ], [ 484820.095614545512944, 4435992.944211021997035 ], [ 484698.303037901059724, 4435681.966794853098691 ], [ 484609.89203096734127, 4435563.383983050473034 ], [ 484558.083779673324898, 4435498.003864595666528 ], [ 484501.389328791876324, 4435420.535938645713031 ] ] ] } },
{ "type": "Feature", "properties": { "geoid": "14000US42101026200", "name": "Census Tract 262, Philadelphia, PA", "income": 81386.0, "income_moe": 11849.0, "poverty_universe": 4781.0, "below_poverty": 392.0, "universe_moe": 898.0, "below_poverty_moe": 260.0, "poverty_pct": 8.1991215226939964 }, "geometry": { "type": "Polygon", "coordinates": [ [ [ 485617.747154419717845, 4434582.680083139799535 ], [ 485867.994712440355215, 4434917.072686522267759 ], [ 485664.776786060247105, 4435009.466037440113723 ], [ 485838.04527664341731, 4435228.349927607923746 ], [ 485869.306721611181274, 4435255.373709048144519 ], [ 486029.74537606042577, 4435135.09442014247179 ], [ 486143.186657665704843, 4435287.500425331294537 ], [ 485590.11151114560198, 4435703.75147089548409 ], [ 485208.080907902156468, 4435214.012529867701232 ], [ 485099.687045194790699, 4435079.924196973443031 ], [ 485048.383121261838824, 4435010.322100167162716 ], [ 485617.747154419717845, 4434582.680083139799535 ] ] ] } },
{ "type": "Feature", "properties": { "geoid": "14000US42101026301", "name": "Census Tract 263.01, Philadelphia, PA", "income": 75490.0, "income_moe": 6793.0, "poverty_universe": 4495.0, "below_poverty": 230.0, "universe_moe": 844.0, "below_poverty_moe": 95.0, "poverty_pct": 5.1167964404894324 }, "geometry": { "type": "Polygon", "coordinates": [ [ [ 486005.998358888551593, 4435390.974657551385462 ], [ 486244.717158286250196, 4435692.880507715977728 ], [ 486298.460899496334605, 4435752.829981504008174 ], [ 486492.211206746345852, 4436001.326833076775074 ], [ 486320.87982085486874, 4436127.276781619526446 ], [ 486190.760939036204945, 4436219.524920074269176 ], [ 486067.976075464102905, 4436310.762918189167976 ], [ 485949.864384792745113, 4436161.36328830756247 ], [ 485886.69894356909208, 4436078.56938520539552 ], [ 485864.138558248407207, 4436051.751283956691623 ], [ 485590.11151114560198, 4435703.75147089548409 ], [ 486005.998358888551593, 4435390.974657551385462 ] ] ] } },
{ "type": "Feature", "properties": { "geoid": "14000US42101026302", "name": "Census Tract 263.02, Philadelphia, PA", "income": 103182.0, "income_moe": 57969.0, "poverty_universe": 4882.0, "below_poverty": 565.0, "universe_moe": 819.0, "below_poverty_moe": 388.0, "poverty_pct": 11.573125768127817 }, "geometry": { "type": "Polygon", "coordinates": [ [ [ 486005.998358888551593, 4435390.974657551385462 ], [ 486634.49726540222764, 4434921.456040450371802 ], [ 486653.761056769930292, 4434916.094538627192378 ], [ 486759.639347838878166, 4434698.032140557654202 ], [ 486908.470113098097499, 4434903.552897947840393 ], [ 486957.855457390891388, 4435106.915985665284097 ], [ 487021.863497523067053, 4435485.17771681305021 ], [ 487026.75119434914086, 4435501.041209446266294 ], [ 487038.389445296779741, 4435525.10657873749733 ], [ 487073.093514937267173, 4435573.994844233617187 ], [ 486712.177648469805717, 4435841.553912027738988 ], [ 486492.211206746345852, 4436001.326833076775074 ], [ 486298.460899496334605, 4435752.829981504008174 ], [ 486244.717158286250196, 4435692.880507715977728 ], [ 486064.632995023101103, 4435465.231417352333665 ], [ 486005.998358888551593, 4435390.974657551385462 ] ] ] } },
{ "type": "Feature", "properties": { "geoid": "14000US42101026400", "name": "Census Tract 264, Philadelphia, PA", "income": 72414.0, "income_moe": 25079.0, "poverty_universe": 5493.0, "below_poverty": 537.0, "universe_moe": 1276.0, "below_poverty_moe": 247.0, "poverty_pct": 9.7760786455488802 }, "geometry": { "type": "Polygon", "coordinates": [ [ [ 485617.747154419717845, 4434582.680083139799535 ], [ 485961.728423546999693, 4434323.536267597228289 ], [ 486162.305757836613338, 4434174.106100027449429 ], [ 486187.779574088228401, 4434159.075830299407244 ], [ 486294.83939299127087, 4434077.302899388596416 ], [ 486759.639347838878166, 4434698.032140557654202 ], [ 486653.761056769930292, 4434916.094538627192378 ], [ 486634.49726540222764, 4434921.456040450371802 ], [ 486143.186657665704843, 4435287.500425331294537 ], [ 486029.74537606042577, 4435135.09442014247179 ], [ 485869.306721611181274, 4435255.373709048144519 ], [ 485838.04527664341731, 4435228.349927607923746 ], [ 485664.776786060247105, 4435009.466037440113723 ], [ 485867.994712440355215, 4434917.072686522267759 ], [ 485623.301707951701246, 4434588.552132471464574 ], [ 485617.747154419717845, 4434582.680083139799535 ] ] ] } },
{ "type": "Feature", "properties": { "geoid": "14000US42101026500", "name": "Census Tract 265, Philadelphia, PA", "income": 46357.0, "income_moe": 5279.0, "poverty_universe": 4581.0, "below_poverty": 1121.0, "universe_moe": 991.0, "below_poverty_moe": 695.0, "poverty_pct": 24.470639598340973 }, "geometry": { "type": "Polygon", "coordinates": [ [ [ 486299.349293837556615, 4434071.523189996369183 ], [ 486535.203426842053887, 4433895.623399146832526 ], [ 486545.514786706015002, 4433890.610496227629483 ], [ 486594.238953890861012, 4433855.228965817019343 ], [ 486732.43409571814118, 4433770.521597957238555 ], [ 486985.335739961476065, 4434024.587876261211932 ], [ 487128.126654500083532, 4434134.559241078794003 ], [ 487136.402814630942885, 4434136.432075010612607 ], [ 487164.840391263365746, 4434158.027335203252733 ], [ 487259.721646300808061, 4434233.119923694059253 ], [ 487273.572026197449304, 4434253.297189210541546 ], [ 487264.06624484952772, 4434280.950066390447319 ], [ 486980.053623519313987, 4434823.737644939683378 ], [ 486959.39031788345892, 4434858.624549369327724 ], [ 486938.461242222052533, 4434887.629401998594403 ], [ 486908.470113098097499, 4434903.552897947840393 ], [ 486763.832096923317295, 4434706.016241016797721 ], [ 486759.639347838878166, 4434698.032140557654202 ], [ 486294.83939299127087, 4434077.302899388596416 ], [ 486299.349293837556615, 4434071.523189996369183 ] ] ] } },
{ "type": "Feature", "properties": { "geoid": "14000US42101026600", "name": "Census Tract 266, Philadelphia, PA", "income": 66077.0, "income_moe": 14572.0, "poverty_universe": 6324.0, "below_poverty": 757.0, "universe_moe": 1016.0, "below_poverty_moe": 408.0, "poverty_pct": 11.970271979759646 }, "geometry": { "type": "Polygon", "coordinates": [ [ [ 486908.470113098097499, 4434903.552897947840393 ], [ 486938.461242222052533, 4434887.629401998594403 ], [ 486959.39031788345892, 4434858.624549369327724 ], [ 486980.053623519313987, 4434823.737644939683378 ], [ 487264.06624484952772, 4434280.950066390447319 ], [ 487273.572026197449304, 4434253.297189210541546 ], [ 487789.677036223118193, 4434220.373094034381211 ], [ 487823.865675838489551, 4434213.103732975199819 ], [ 487864.267592943040654, 4434197.833192498423159 ], [ 487984.350077151961159, 4434896.668126303702593 ], [ 487073.093514937267173, 4435573.994844233617187 ], [ 487038.389445296779741, 4435525.10657873749733 ], [ 487026.75119434914086, 4435501.041209446266294 ], [ 487021.863497523067053, 4435485.17771681305021 ], [ 486957.855457390891388, 4435106.915985665284097 ], [ 486923.152546925528441, 4434961.354349472559988 ], [ 486908.470113098097499, 4434903.552897947840393 ] ] ] } },
{ "type": "Feature", "properties": { "geoid": "14000US42101026700", "name": "Census Tract 267, Philadelphia, PA", "income": 55613.0, "income_moe": 16747.0, "poverty_universe": 6751.0, "below_poverty": 1161.0, "universe_moe": 1414.0, "below_poverty_moe": 752.0, "poverty_pct": 17.197452229299362 }, "geometry": { "type": "Polygon", "coordinates": [ [ [ 487193.56931835639989, 4433492.694881659001112 ], [ 487224.919226608180907, 4433469.55583334621042 ], [ 487233.638236690312624, 4433480.751322511583567 ], [ 487242.856875857047271, 4433484.731529302895069 ], [ 487730.871506602852605, 4433402.237696666270494 ], [ 487751.019560909771826, 4433519.190273360349238 ], [ 487754.398150928376708, 4433551.48337085545063 ], [ 487754.17465947358869, 4433571.573205571621656 ], [ 487787.027254536747932, 4433739.450572434812784 ], [ 487864.267592943040654, 4434197.833192498423159 ], [ 487823.865675838489551, 4434213.103732975199819 ], [ 487789.677036223118193, 4434220.373094034381211 ], [ 487273.572026197449304, 4434253.297189210541546 ], [ 487259.721646300808061, 4434233.119923694059253 ], [ 487164.840391263365746, 4434158.027335203252733 ], [ 487136.402814630942885, 4434136.432075010612607 ], [ 487128.126654500083532, 4434134.559241078794003 ], [ 486985.335739961476065, 4434024.587876261211932 ], [ 486732.43409571814118, 4433770.521597957238555 ], [ 487193.56931835639989, 4433492.694881659001112 ] ] ] } },
{ "type": "Feature", "properties": { "geoid": "14000US42101026800", "name": "Census Tract 268, Philadelphia, PA", "income": 43129.0, "income_moe": 8941.0, "poverty_universe": 4542.0, "below_poverty": 864.0, "universe_moe": 574.0, "below_poverty_moe": 411.0, "poverty_pct": 19.022457067371203 }, "geometry": { "type": "Polygon", "coordinates": [ [ [ 487730.871506602852605, 4433402.237696666270494 ], [ 487873.875626467284746, 4433378.144850661978126 ], [ 487814.133367282454856, 4433037.718527566641569 ], [ 488134.013154467567801, 4432984.269163986667991 ], [ 488351.110082856786903, 4434266.440479831770062 ], [ 488327.332306984695606, 4434277.687154421582818 ], [ 488313.619264932174701, 4434289.473364637233317 ], [ 488324.501512673217803, 4434322.532140388153493 ], [ 488347.292672226671129, 4434335.372162133455276 ], [ 488384.916871116089169, 4434343.86087141931057 ], [ 488476.122244281228632, 4434535.182549829594791 ], [ 488320.72620664187707, 4434640.418172478675842 ], [ 488114.838888518046588, 4434794.461269974708557 ], [ 487984.350077151961159, 4434896.668126303702593 ], [ 487787.027254536747932, 4433739.450572434812784 ], [ 487754.17465947358869, 4433571.573205571621656 ], [ 487751.019560909771826, 4433519.190273360349238 ], [ 487741.457922561792657, 4433461.046123584732413 ], [ 487730.871506602852605, 4433402.237696666270494 ] ] ] } },
{ "type": "Feature", "properties": { "geoid": "14000US42101026900", "name": "Census Tract 269, Philadelphia, PA", "income": 70625.0, "income_moe": 18146.0, "poverty_universe": 2238.0, "below_poverty": 233.0, "universe_moe": 397.0, "below_poverty_moe": 100.0, "poverty_pct": 10.411081322609473 }, "geometry": { "type": "Polygon", "coordinates": [ [ [ 488249.364421013335232, 4433661.248999734409153 ], [ 488986.971921296208166, 4433534.72312418371439 ], [ 489155.307115338102449, 4433508.508878322318196 ], [ 489185.578398513433058, 4433682.167411636561155 ], [ 489200.562278725963552, 4433782.593417757190764 ], [ 489226.092944483621977, 4433922.739472481422126 ], [ 488995.981957449752372, 4434101.765885696746409 ], [ 488697.06904972816119, 4434347.274475442245603 ], [ 488564.452495405566879, 4434462.682410530745983 ], [ 488476.122244281228632, 4434535.182549829594791 ], [ 488384.916871116089169, 4434343.86087141931057 ], [ 488347.292672226671129, 4434335.372162133455276 ], [ 488324.501512673217803, 4434322.532140388153493 ], [ 488313.619264932174701, 4434289.473364637233317 ], [ 488327.332306984695606, 4434277.687154421582818 ], [ 488351.110082856786903, 4434266.440479831770062 ], [ 488281.478651573124807, 4433855.434635457582772 ], [ 488249.364421013335232, 4433661.248999734409153 ] ] ] } },
{ "type": "Feature", "properties": { "geoid": "14000US42101027000", "name": "Census Tract 270, Philadelphia, PA", "income": 98238.0, "income_moe": 15132.0, "poverty_universe": 2582.0, "below_poverty": 158.0, "universe_moe": 459.0, "below_poverty_moe": 103.0, "poverty_pct": 6.1192873741285823 }, "geometry": { "type": "Polygon", "coordinates": [ [ [ 488134.013154467567801, 4432984.269163986667991 ], [ 488335.611278654483613, 4432948.883621702902019 ], [ 488368.93887019273825, 4432932.294794668443501 ], [ 488397.290612994227558, 4432897.067154623568058 ], [ 488427.904785299615469, 4432890.915927177295089 ], [ 488801.241501240874641, 4432869.267994719557464 ], [ 488870.663062463456299, 4432859.176742589101195 ], [ 489039.007402886403725, 4432829.186277503147721 ], [ 489103.424233810626902, 4433195.032259277068079 ], [ 489136.738394762331154, 4433407.200195401906967 ], [ 489155.307115338102449, 4433508.508878322318196 ], [ 488986.971921296208166, 4433534.72312418371439 ], [ 488249.364421013335232, 4433661.248999734409153 ], [ 488163.965521652076859, 4433155.926226641051471 ], [ 488134.013154467567801, 4432984.269163986667991 ] ] ] } },
{ "type": "Feature", "properties": { "geoid": "14000US42101027100", "name": "Census Tract 271, Philadelphia, PA", "income": 59618.0, "income_moe": 2176.0, "poverty_universe": 2324.0, "below_poverty": 372.0, "universe_moe": 354.0, "below_poverty_moe": 196.0, "poverty_pct": 16.006884681583475 }, "geometry": { "type": "Polygon", "coordinates": [ [ [ 489039.007402886403725, 4432829.186277503147721 ], [ 489459.367890473862644, 4432758.333836534060538 ], [ 489471.044958098558709, 4432874.525587778538465 ], [ 489527.464795340783894, 4433271.019842585548759 ], [ 489549.873160763294436, 4433438.808037046343088 ], [ 489569.71852760395268, 4433604.269036715850234 ], [ 489581.659838352585211, 4433666.51887057069689 ], [ 489371.022981782851275, 4433815.872361522167921 ], [ 489226.092944483621977, 4433922.739472481422126 ], [ 489200.562278725963552, 4433782.593417757190764 ], [ 489185.578398513433058, 4433682.167411636561155 ], [ 489136.738394762331154, 4433407.200195401906967 ], [ 489103.424233810626902, 4433195.032259277068079 ], [ 489052.777431283146143, 4432913.519870943389833 ], [ 489039.007402886403725, 4432829.186277503147721 ] ] ] } },
{ "type": "Feature", "properties": { "geoid": "14000US42101027200", "name": "Census Tract 272, Philadelphia, PA", "income": 64023.0, "income_moe": 12265.0, "poverty_universe": 3985.0, "below_poverty": 303.0, "universe_moe": 594.0, "below_poverty_moe": 154.0, "poverty_pct": 7.6035131744040152 }, "geometry": { "type": "Polygon", "coordinates": [ [ [ 489459.367890473862644, 4432758.333836534060538 ], [ 490024.807711158238817, 4432663.449672802351415 ], [ 490109.574753544991836, 4432643.471398141235113 ], [ 490163.634816553152632, 4432625.420620291493833 ], [ 490206.017887851339765, 4432614.821689363569021 ], [ 490265.039896031841636, 4432607.531393808312714 ], [ 490279.618591647536959, 4432600.85324951261282 ], [ 490289.414387598750181, 4432589.630603214725852 ], [ 490292.542612019868102, 4432567.650333509780467 ], [ 490289.527258402260486, 4432544.457012145780027 ], [ 490294.535644278628752, 4432525.138132207095623 ], [ 490313.958448873949237, 4432503.914013411849737 ], [ 490340.13182080903789, 4432558.599380425177515 ], [ 490354.571299369446933, 4432643.711340084671974 ], [ 490418.538028565468267, 4432566.491459906101227 ], [ 490424.444135368335992, 4432582.355764228850603 ], [ 490440.346040583855938, 4432610.19454569555819 ], [ 490448.957692303694785, 4432606.853975903242826 ], [ 490455.446896131907124, 4432611.618444867432117 ], [ 490466.812558811099734, 4432627.586916850879788 ], [ 490513.099500936805271, 4432668.817726934328675 ], [ 490526.000853131175973, 4432685.117344474419951 ], [ 490530.796996400749777, 4432700.428161389194429 ], [ 490533.124556440976448, 4432719.959726398810744 ], [ 490521.423359697742853, 4432776.690866991877556 ], [ 490514.855476156808436, 4432845.402680891565979 ], [ 490514.805236864602193, 4432873.483545151539147 ], [ 490508.761527229333296, 4432883.702295015566051 ], [ 490512.869897397526074, 4432894.79629442282021 ], [ 490514.606985362246633, 4432919.656180504709482 ], [ 490519.83297695836518, 4432937.741242064163089 ], [ 490524.537997347244527, 4432948.501529990695417 ], [ 490532.819161890540272, 4432954.040770733729005 ], [ 490187.599738747521769, 4433215.197585651651025 ], [ 489581.659838352585211, 4433666.51887057069689 ], [ 489569.71852760395268, 4433604.269036715850234 ], [ 489549.873160763294436, 4433438.808037046343088 ], [ 489478.973330255073961, 4432932.674078446812928 ], [ 489464.997751160990447, 4432819.704241704195738 ], [ 489459.367890473862644, 4432758.333836534060538 ] ] ] } },
{ "type": "Feature", "properties": { "geoid": "14000US42101027300", "name": "Census Tract 273, Philadelphia, PA", "income": 48501.0, "income_moe": 8341.0, "poverty_universe": 5908.0, "below_poverty": 922.0, "universe_moe": 1000.0, "below_poverty_moe": 629.0, "poverty_pct": 15.605958023019634 }, "geometry": { "type": "Polygon", "coordinates": [ [ [ 489406.178872531920206, 4431380.118791936896741 ], [ 489480.114274207851849, 4431415.422252210788429 ], [ 489527.172938166477252, 4431450.20846598688513 ], [ 489594.312506426649634, 4431508.053601864725351 ], [ 489615.858458084170707, 4431479.166440724395216 ], [ 489702.312706127180718, 4431499.027201343327761 ], [ 489826.16223069204716, 4431474.997303148731589 ], [ 490095.965761697152629, 4431430.466447842307389 ], [ 490346.18251618440263, 4431815.283613360486925 ], [ 490331.695756896107923, 4431828.398986043408513 ], [ 490286.74454114906257, 4431902.487408536486328 ], [ 490264.689082453027368, 4432000.853805475868285 ], [ 490263.280448114033788, 4432033.376024885103106 ], [ 490254.358582858752925, 4432061.357240609824657 ], [ 490251.579188595933374, 4432089.330584982410073 ], [ 490245.961474323878065, 4432099.327001659199595 ], [ 490232.787910728831775, 4432137.968860266730189 ], [ 490227.716952303191647, 4432175.046441917307675 ], [ 490231.240072286338545, 4432194.798346101306379 ], [ 490270.724780263612047, 4432250.576261652633548 ], [ 490322.404184813029133, 4432370.269790234044194 ], [ 490379.220037284307182, 4432438.124268596991897 ], [ 490418.538028565468267, 4432566.491459906101227 ], [ 490354.571299369446933, 4432643.711340084671974 ], [ 490340.13182080903789, 4432558.599380425177515 ], [ 490313.958448873949237, 4432503.914013411849737 ], [ 490294.535644278628752, 4432525.138132207095623 ], [ 490289.527258402260486, 4432544.457012145780027 ], [ 490292.542612019868102, 4432567.650333509780467 ], [ 490289.414387598750181, 4432589.630603214725852 ], [ 490279.618591647536959, 4432600.85324951261282 ], [ 490265.039896031841636, 4432607.531393808312714 ], [ 490206.017887851339765, 4432614.821689363569021 ], [ 490109.574753544991836, 4432643.471398141235113 ], [ 490024.807711158238817, 4432663.449672802351415 ], [ 489641.366297137108631, 4432729.003755066543818 ], [ 489585.793275022238959, 4432388.669416214339435 ], [ 489461.046374063414987, 4432061.972207771614194 ], [ 489447.921577343426179, 4431887.179273040965199 ], [ 489436.517478253867012, 4431784.528273740783334 ], [ 489432.832860642753076, 4431711.612199241295457 ], [ 489406.354461661190726, 4431383.670262571424246 ], [ 489406.178872531920206, 4431380.118791936896741 ] ] ] } },
{ "type": "Feature", "properties": { "geoid": "14000US42101027401", "name": "Census Tract 274.01, Philadelphia, PA", "income": 48828.0, "income_moe": 36723.0, "poverty_universe": 3606.0, "below_poverty": 970.0, "universe_moe": 737.0, "below_poverty_moe": 485.0, "poverty_pct": 26.899611758180811 }, "geometry": { "type": "Polygon", "coordinates": [ [ [ 488798.490240375162102, 4431407.961019150912762 ], [ 489042.617447938362602, 4431369.202187129296362 ], [ 489224.77006660803454, 4432448.997175253927708 ], [ 489138.969625701836776, 4432462.105333124287426 ], [ 489197.292645328387152, 4432802.987553562037647 ], [ 489039.007402886403725, 4432829.186277503147721 ], [ 488990.318682970595546, 4432548.226581327617168 ], [ 488981.789034727145918, 4432490.079493392258883 ], [ 488895.568461833056062, 4431981.642984991893172 ], [ 488864.944979415507987, 4431809.540414458140731 ], [ 488809.504865084949415, 4431471.653710398823023 ], [ 488798.490240375162102, 4431407.961019150912762 ] ] ] } },
{ "type": "Feature", "properties": { "geoid": "14000US42101027402", "name": "Census Tract 274.02, Philadelphia, PA", "income": 86958.0, "income_moe": 10440.0, "poverty_universe": 6731.0, "below_poverty": 711.0, "universe_moe": 1076.0, "below_poverty_moe": 736.0, "poverty_pct": 10.563066409151686 }, "geometry": { "type": "Polygon", "coordinates": [ [ [ 489042.617447938362602, 4431369.202187129296362 ], [ 489114.440551292849705, 4431358.110852895304561 ], [ 489201.539212911680806, 4431349.218300807289779 ], [ 489289.245636020728853, 4431347.651304118335247 ], [ 489347.103942905901931, 4431355.894316432066262 ], [ 489374.76031834090827, 4431365.067862218245864 ], [ 489406.178872531920206, 4431380.118791936896741 ], [ 489424.958720821538009, 4431632.264476879499853 ], [ 489432.832860642753076, 4431711.612199241295457 ], [ 489436.517478253867012, 4431784.528273740783334 ], [ 489447.921577343426179, 4431887.179273040965199 ], [ 489461.046374063414987, 4432061.972207771614194 ], [ 489585.793275022238959, 4432388.669416214339435 ], [ 489641.366297137108631, 4432729.003755066543818 ], [ 489197.292645328387152, 4432802.987553562037647 ], [ 489138.969625701836776, 4432462.105333124287426 ], [ 489224.77006660803454, 4432448.997175253927708 ], [ 489052.686779234383721, 4431429.566849004477262 ], [ 489042.617447938362602, 4431369.202187129296362 ] ] ] } },
{ "type": "Feature", "properties": { "geoid": "14000US42101027500", "name": "Census Tract 275, Philadelphia, PA", "income": 64196.0, "income_moe": 10583.0, "poverty_universe": 4237.0, "below_poverty": 582.0, "universe_moe": 806.0, "below_poverty_moe": 277.0, "poverty_pct": 13.736134057115883 }, "geometry": { "type": "Polygon", "coordinates": [ [ [ 488461.01158458966529, 4432054.656782676465809 ], [ 488527.960081991157494, 4432040.570507545955479 ], [ 488498.185667869402096, 4431871.131878144107759 ], [ 488490.178445875935722, 4431766.590265152975917 ], [ 488478.452284430619329, 4431460.161349550820887 ], [ 488798.490240375162102, 4431407.961019150912762 ], [ 488864.944979415507987, 4431809.540414458140731 ], [ 489039.007402886403725, 4432829.186277503147721 ], [ 488801.241501240874641, 4432869.267994719557464 ], [ 488507.740945016266778, 4432886.355067706666887 ], [ 488506.381136895040981, 4432438.617922709323466 ], [ 488491.811864164483268, 4432225.425657005980611 ], [ 488473.369531520002056, 4432102.808238639496267 ], [ 488461.01158458966529, 4432054.656782676465809 ] ] ] } },
{ "type": "Feature", "properties": { "geoid": "14000US42101027600", "name": "Census Tract 276, Philadelphia, PA", "income": 55149.0, "income_moe": 12619.0, "poverty_universe": 4484.0, "below_poverty": 828.0, "universe_moe": 775.0, "below_poverty_moe": 566.0, "poverty_pct": 18.465655664585192 }, "geometry": { "type": "Polygon", "coordinates": [ [ [ 487666.634717428765725, 4432188.650305390357971 ], [ 488223.140471077465918, 4432095.644557401537895 ], [ 488420.068947984662373, 4432059.269712243229151 ], [ 488461.01158458966529, 4432054.656782676465809 ], [ 488473.369531520002056, 4432102.808238639496267 ], [ 488485.939657311595511, 4432178.485235827974975 ], [ 488491.811864164483268, 4432225.425657005980611 ], [ 488504.801438655005768, 4432409.429592225700617 ], [ 488507.493139342870563, 4432496.997685405425727 ], [ 488507.740945016266778, 4432886.355067706666887 ], [ 488427.904785299615469, 4432890.915927177295089 ], [ 488397.290612994227558, 4432897.067154623568058 ], [ 488368.93887019273825, 4432932.294794668443501 ], [ 488335.611278654483613, 4432948.883621702902019 ], [ 487814.133367282454856, 4433037.718527566641569 ], [ 487793.053506081167143, 4432924.985042911954224 ], [ 487727.157277365797199, 4432528.740834185853601 ], [ 487699.176290517498273, 4432370.401386530138552 ], [ 487677.59114967827918, 4432263.884659504517913 ], [ 487666.634717428765725, 4432188.650305390357971 ] ] ] } },
{ "type": "Feature", "properties": { "geoid": "14000US42101027700", "name": "Census Tract 277, Philadelphia, PA", "income": 22865.0, "income_moe": 12607.0, "poverty_universe": 5523.0, "below_poverty": 2670.0, "universe_moe": 1565.0, "below_poverty_moe": 1414.0, "poverty_pct": 48.343291689299292 }, "geometry": { "type": "Polygon", "coordinates": [ [ [ 486526.39706239674706, 4433210.487608483061194 ], [ 486929.22776680480456, 4433189.472252938896418 ], [ 486937.836657334992196, 4433185.79472186230123 ], [ 487594.289726587652694, 4433075.589523303322494 ], [ 487604.236530407157261, 4433107.427844293415546 ], [ 487635.132208107679617, 4433170.309670190326869 ], [ 487814.133367282454856, 4433037.718527566641569 ], [ 487873.875626467284746, 4433378.144850661978126 ], [ 487242.856875857047271, 4433484.731529302895069 ], [ 487233.638236690312624, 4433480.751322511583567 ], [ 487224.919226608180907, 4433469.55583334621042 ], [ 487193.56931835639989, 4433492.694881659001112 ], [ 486732.43409571814118, 4433770.521597957238555 ], [ 486561.782002382853534, 4433877.373679829761386 ], [ 486563.371505571994931, 4433859.834179350174963 ], [ 486556.427551795204636, 4433791.69757267460227 ], [ 486527.202550891088322, 4433231.796564023010433 ], [ 486526.39706239674706, 4433210.487608483061194 ] ] ] } },
{ "type": "Feature", "properties": { "geoid": "14000US42101027800", "name": "Census Tract 278, Philadelphia, PA", "income": 48542.0, "income_moe": 31980.0, "poverty_universe": 4612.0, "below_poverty": 828.0, "universe_moe": 1161.0, "below_poverty_moe": 485.0, "poverty_pct": 17.953165654813532 }, "geometry": { "type": "Polygon", "coordinates": [ [ [ 487075.240821844898164, 4432275.762615353800356 ], [ 487204.348086975631304, 4432093.407254124991596 ], [ 487252.084213201480452, 4432019.739756182767451 ], [ 487273.568144903052598, 4431959.990408726036549 ], [ 487277.606289166491479, 4431926.020303070545197 ], [ 487277.131033745012246, 4431896.941374860703945 ], [ 487272.546587313700002, 4431859.433990403078496 ], [ 487262.417786634003278, 4431822.60185026563704 ], [ 487248.887849643244408, 4431792.656891948543489 ], [ 487214.766099239874166, 4431744.433013773523271 ], [ 487581.945219738117885, 4431681.11404784489423 ], [ 487677.59114967827918, 4432263.884659504517913 ], [ 487699.176290517498273, 4432370.401386530138552 ], [ 487727.157277365797199, 4432528.740834185853601 ], [ 487793.053506081167143, 4432924.985042911954224 ], [ 487814.133367282454856, 4433037.718527566641569 ], [ 487635.132208107679617, 4433170.309670190326869 ], [ 487604.236530407157261, 4433107.427844293415546 ], [ 487594.289726587652694, 4433075.589523303322494 ], [ 487135.163711199187674, 4433153.159399690106511 ], [ 487115.774439939646982, 4433037.095126850530505 ], [ 487112.466731071937829, 4432998.031725167296827 ], [ 487116.785082623478957, 4432979.155843243934214 ], [ 487122.295230382063892, 4432958.835054311901331 ], [ 487134.023597677180078, 4432933.287134993821383 ], [ 487234.390589822898619, 4432761.081010952591896 ], [ 487239.308933357009664, 4432743.647088183090091 ], [ 487238.857616231834982, 4432728.885982411913574 ], [ 487235.126503985607997, 4432691.377139696851373 ], [ 487200.66662063181866, 4432490.762606803327799 ], [ 487195.259184428723529, 4432471.126238195225596 ], [ 487186.436625201720744, 4432449.830761918798089 ], [ 487175.23252808948746, 4432432.756989731453359 ], [ 487155.74622669571545, 4432411.368566965684295 ], [ 487130.97016335214721, 4432389.656178530305624 ], [ 487117.035242148151156, 4432372.143153404816985 ], [ 487104.633545138698537, 4432353.295654740184546 ], [ 487081.260399096936453, 4432303.944190662354231 ], [ 487075.240821844898164, 4432275.762615353800356 ] ] ] } },
{ "type": "Feature", "properties": { "geoid": "14000US42101027901", "name": "Census Tract 279.01, Philadelphia, PA", "income": 28824.0, "income_moe": 14596.0, "poverty_universe": 2767.0, "below_poverty": 907.0, "universe_moe": 758.0, "below_poverty_moe": 570.0, "poverty_pct": 32.779183230936034 }, "geometry": { "type": "Polygon", "coordinates": [ [ [ 486495.496910210989881, 4432526.390718544833362 ], [ 486867.411732759443112, 4432513.640644841827452 ], [ 486872.959991036797874, 4432614.300301196984947 ], [ 487026.670591441099532, 4432608.375688442029059 ], [ 487210.946569158346392, 4432617.7194883543998 ], [ 487221.605626601492986, 4432615.259740096516907 ], [ 487235.126503985607997, 4432691.377139696851373 ], [ 487238.857616231834982, 4432728.885982411913574 ], [ 487239.308933357009664, 4432743.647088183090091 ], [ 487234.390589822898619, 4432761.081010952591896 ], [ 487209.812942625547294, 4432805.740922294557095 ], [ 487134.023597677180078, 4432933.287134993821383 ], [ 487122.295230382063892, 4432958.835054311901331 ], [ 487112.466731071937829, 4432998.031725167296827 ], [ 487115.774439939646982, 4433037.095126850530505 ], [ 487121.298038557404652, 4433075.044859594665468 ], [ 487135.163711199187674, 4433153.159399690106511 ], [ 486937.836657334992196, 4433185.79472186230123 ], [ 486929.22776680480456, 4433189.472252938896418 ], [ 486526.39706239674706, 4433210.487608483061194 ], [ 486503.52595176268369, 4432772.222595524042845 ], [ 486497.383033863618039, 4432579.66327226255089 ], [ 486495.496910210989881, 4432526.390718544833362 ] ] ] } },
{ "type": "Feature", "properties": { "geoid": "14000US42101027902", "name": "Census Tract 279.02, Philadelphia, PA", "income": 51950.0, "income_moe": 2720.0, "poverty_universe": 3132.0, "below_poverty": 605.0, "universe_moe": 891.0, "below_poverty_moe": 182.0, "poverty_pct": 19.316730523627076 }, "geometry": { "type": "Polygon", "coordinates": [ [ [ 486383.488912737171631, 4431669.293077190406621 ], [ 486525.445579559309408, 4431519.534753940999508 ], [ 486550.414259892539121, 4431454.671614188700914 ], [ 486552.129604519228451, 4431266.871364432387054 ], [ 486550.573212248447817, 4431255.220037860795856 ], [ 486540.121440798684489, 4431231.153441229835153 ], [ 486508.651041669305414, 4431190.475455426611006 ], [ 486521.279193654365372, 4431190.786023424006999 ], [ 486822.852710100472905, 4431267.063110779039562 ], [ 486857.757236362493131, 4431271.88628747779876 ], [ 486886.679332669358701, 4431270.948400359600782 ], [ 486999.782160449656658, 4431251.996578357182443 ], [ 487093.603596918575931, 4431384.138210156001151 ], [ 487105.586132165917661, 4431406.427108352072537 ], [ 487117.834148479974829, 4431434.376129109412432 ], [ 487133.45158109156182, 4431487.181504191830754 ], [ 487137.200096367218066, 4431534.346440656110644 ], [ 487137.524429241544567, 4431574.746710068546236 ], [ 487142.533472306851763, 4431610.588412378914654 ], [ 487153.769615377124865, 4431645.864634199999273 ], [ 487168.322664728912059, 4431675.030752277001739 ], [ 487248.887849643244408, 4431792.656891948543489 ], [ 487262.417786634003278, 4431822.60185026563704 ], [ 487272.546587313700002, 4431859.433990403078496 ], [ 487277.131033745012246, 4431896.941374860703945 ], [ 487277.606289166491479, 4431926.020303070545197 ], [ 487273.568144903052598, 4431959.990408726036549 ], [ 487252.084213201480452, 4432019.739756182767451 ], [ 487204.348086975631304, 4432093.407254124991596 ], [ 487075.240821844898164, 4432275.762615353800356 ], [ 487081.260399096936453, 4432303.944190662354231 ], [ 487104.633545138698537, 4432353.295654740184546 ], [ 487130.97016335214721, 4432389.656178530305624 ], [ 487162.753830573230516, 4432418.682155886664987 ], [ 487186.436625201720744, 4432449.830761918798089 ], [ 487200.66662063181866, 4432490.762606803327799 ], [ 487221.605626601492986, 4432615.259740096516907 ], [ 487210.946569158346392, 4432617.7194883543998 ], [ 487026.670591441099532, 4432608.375688442029059 ], [ 486872.959991036797874, 4432614.300301196984947 ], [ 486867.411732759443112, 4432513.640644841827452 ], [ 486495.496910210989881, 4432526.390718544833362 ], [ 486486.802691278164275, 4432290.54935350548476 ], [ 486482.188719757832587, 4432046.709443039260805 ], [ 486489.348688465368468, 4431803.292649277485907 ], [ 486421.967971240810584, 4431717.838427652604878 ], [ 486383.488912737171631, 4431669.293077190406621 ] ] ] } },
{ "type": "Feature", "properties": { "geoid": "14000US42101028000", "name": "Census Tract 280, Philadelphia, PA", "income": 35847.0, "income_moe": 8321.0, "poverty_universe": 4054.0, "below_poverty": 1269.0, "universe_moe": 990.0, "below_poverty_moe": 449.0, "poverty_pct": 31.302417365564875 }, "geometry": { "type": "Polygon", "coordinates": [ [ [ 486385.525853909901343, 4430424.85589739587158 ], [ 486429.333223572000861, 4430299.912587652914226 ], [ 486577.089317579520866, 4430278.22899769525975 ], [ 487322.336820916854776, 4430151.418892180547118 ], [ 487350.087923835613765, 4430315.972347813658416 ], [ 487335.355956990853883, 4430334.199404619634151 ], [ 487134.36548763391329, 4430716.568187076598406 ], [ 487093.355066258111037, 4430785.563195638358593 ], [ 487042.83381923934212, 4430880.879544015973806 ], [ 486921.61090846278239, 4431093.191286065615714 ], [ 486933.291467940085568, 4431137.789656766690314 ], [ 486950.595103119092528, 4431177.716760732233524 ], [ 486964.972895707120188, 4431203.220065995119512 ], [ 486999.782160449656658, 4431251.996578357182443 ], [ 486886.679332669358701, 4431270.948400359600782 ], [ 486857.757236362493131, 4431271.88628747779876 ], [ 486822.852710100472905, 4431267.063110779039562 ], [ 486521.279193654365372, 4431190.786023424006999 ], [ 486508.651041669305414, 4431190.475455426611006 ], [ 486430.993064942711499, 4431134.119164207950234 ], [ 486397.548575096589047, 4430515.292136053554714 ], [ 486392.900188232655637, 4430444.932085658423603 ], [ 486389.291698819259182, 4430431.175647499039769 ], [ 486385.525853909901343, 4430424.85589739587158 ] ] ] } },
{ "type": "Feature", "properties": { "geoid": "14000US42101028100", "name": "Census Tract 281, Philadelphia, PA", "income": 62435.0, "income_moe": 10532.0, "poverty_universe": 3020.0, "below_poverty": 672.0, "universe_moe": 674.0, "below_poverty_moe": 390.0, "poverty_pct": 22.251655629139073 }, "geometry": { "type": "Polygon", "coordinates": [ [ [ 486921.61090846278239, 4431093.191286065615714 ], [ 487042.83381923934212, 4430880.879544015973806 ], [ 487093.355066258111037, 4430785.563195638358593 ], [ 487134.36548763391329, 4430716.568187076598406 ], [ 487335.355956990853883, 4430334.199404619634151 ], [ 487350.087923835613765, 4430315.972347813658416 ], [ 487438.582293263927568, 4430835.8187873698771 ], [ 487472.388002235209569, 4431053.083636828698218 ], [ 487498.89801713230554, 4431193.221827873960137 ], [ 487581.945219738117885, 4431681.11404784489423 ], [ 487214.766099239874166, 4431744.433013773523271 ], [ 487168.322664728912059, 4431675.030752277001739 ], [ 487153.769615377124865, 4431645.864634199999273 ], [ 487142.533472306851763, 4431610.588412378914654 ], [ 487137.524429241544567, 4431574.746710068546236 ], [ 487137.200096367218066, 4431534.346440656110644 ], [ 487133.45158109156182, 4431487.181504191830754 ], [ 487117.834148479974829, 4431434.376129109412432 ], [ 487105.586132165917661, 4431406.427108352072537 ], [ 487093.603596918575931, 4431384.138210156001151 ], [ 486964.972895707120188, 4431203.220065995119512 ], [ 486943.231714084162377, 4431162.745594225823879 ], [ 486933.291467940085568, 4431137.789656766690314 ], [ 486925.137959349784069, 4431109.944888078607619 ], [ 486921.61090846278239, 4431093.191286065615714 ] ] ] } },
{ "type": "Feature", "properties": { "geoid": "14000US42101028200", "name": "Census Tract 282, Philadelphia, PA", "income": null, "income_moe": null, "poverty_universe": 4676.0, "below_poverty": 1884.0, "universe_moe": 687.0, "below_poverty_moe": 903.0, "poverty_pct": 40.290846877673225 }, "geometry": { "type": "Polygon", "coordinates": [ [ [ 487470.318114123190753, 4431039.657119398005307 ], [ 487596.560307542269584, 4431122.027474818751216 ], [ 487844.353270734311081, 4431292.664509939029813 ], [ 487850.315037272404879, 4431285.995506664738059 ], [ 487858.585782465932425, 4431282.652554270811379 ], [ 488331.736099041590933, 4431202.885721161030233 ], [ 488302.973729142278899, 4431030.671718790195882 ], [ 488476.220871386991348, 4431001.327411545440555 ], [ 488463.474424156360328, 4431148.076983257196844 ], [ 488478.035463076259475, 4431354.054434442892671 ], [ 488478.452284430619329, 4431460.161349550820887 ], [ 488490.178445875935722, 4431766.590265152975917 ], [ 488498.185667869402096, 4431871.131878144107759 ], [ 488527.960081991157494, 4432040.570507545955479 ], [ 488223.140471077465918, 4432095.644557401537895 ], [ 487666.634717428765725, 4432188.650305390357971 ], [ 487523.967018740833737, 4431339.689001894555986 ], [ 487472.388002235209569, 4431053.083636828698218 ], [ 487470.318114123190753, 4431039.657119398005307 ] ] ] } },
{ "type": "Feature", "properties": { "geoid": "14000US42101028300", "name": "Census Tract 283, Philadelphia, PA", "income": 47594.0, "income_moe": 18704.0, "poverty_universe": 5765.0, "below_poverty": 2405.0, "universe_moe": 1607.0, "below_poverty_moe": 1143.0, "poverty_pct": 41.717259323503903 }, "geometry": { "type": "Polygon", "coordinates": [ [ [ 487322.336820916854776, 4430151.418892180547118 ], [ 487880.265846586145926, 4430057.165623555891216 ], [ 487909.725859803904314, 4430069.549706892110407 ], [ 487917.673201374651399, 4430076.640494584105909 ], [ 487999.605501103098504, 4430570.531658784486353 ], [ 488114.479304199805483, 4431239.183497684076428 ], [ 487858.585782465932425, 4431282.652554270811379 ], [ 487850.315037272404879, 4431285.995506664738059 ], [ 487844.353270734311081, 4431292.664509939029813 ], [ 487596.560307542269584, 4431122.027474818751216 ], [ 487542.924001117702574, 4431089.150820511393249 ], [ 487470.318114123190753, 4431039.657119398005307 ], [ 487438.582293263927568, 4430835.8187873698771 ], [ 487350.087923835613765, 4430315.972347813658416 ], [ 487322.336820916854776, 4430151.418892180547118 ] ] ] } },
{ "type": "Feature", "properties": { "geoid": "14000US42101028400", "name": "Census Tract 284, Philadelphia, PA", "income": 32538.0, "income_moe": 12388.0, "poverty_universe": 3328.0, "below_poverty": 1486.0, "universe_moe": 734.0, "below_poverty_moe": 686.0, "poverty_pct": 44.651442307692307 }, "geometry": { "type": "Polygon", "coordinates": [ [ [ 487945.685560913174413, 4430037.194242126308382 ], [ 487980.507030630949885, 4430040.357852029614151 ], [ 488331.311618413543329, 4429981.319154710508883 ], [ 488346.71738134714542, 4430066.647548915818334 ], [ 488410.10661574540427, 4430057.449399799108505 ], [ 488424.28985017654486, 4430349.333997393026948 ], [ 488418.627979966171551, 4430385.636671336367726 ], [ 488472.632330448715948, 4430660.479312446899712 ], [ 488465.006772453314625, 4430696.008010319434106 ], [ 488458.761845011089463, 4430741.634806645102799 ], [ 488452.586293276806828, 4430832.878830230794847 ], [ 488469.122356878593564, 4430990.350059472024441 ], [ 488476.220871386991348, 4431001.327411545440555 ], [ 488302.973729142278899, 4431030.671718790195882 ], [ 488331.736099041590933, 4431202.885721161030233 ], [ 488114.479304199805483, 4431239.183497684076428 ], [ 487999.605501103098504, 4430570.531658784486353 ], [ 487917.673201374651399, 4430076.640494584105909 ], [ 487945.685560913174413, 4430037.194242126308382 ] ] ] } },
{ "type": "Feature", "properties": { "geoid": "14000US42101028500", "name": "Census Tract 285, Philadelphia, PA", "income": null, "income_moe": null, "poverty_universe": 2502.0, "below_poverty": 1094.0, "universe_moe": 623.0, "below_poverty_moe": 506.0, "poverty_pct": 43.725019984012789 }, "geometry": { "type": "Polygon", "coordinates": [ [ [ 488541.557544395385776, 4430421.189489494077861 ], [ 488633.494402099982835, 4430445.469489214941859 ], [ 488752.093220052367542, 4431130.884720326401293 ], [ 488779.820216467662249, 4431302.435992595739663 ], [ 488798.490240375162102, 4431407.961019150912762 ], [ 488478.452284430619329, 4431460.161349550820887 ], [ 488478.035463076259475, 4431354.054434442892671 ], [ 488469.426170118735172, 4431246.850050290115178 ], [ 488463.474424156360328, 4431148.076983257196844 ], [ 488476.220871386991348, 4431001.327411545440555 ], [ 488469.122356878593564, 4430990.350059472024441 ], [ 488452.586293276806828, 4430832.878830230794847 ], [ 488458.761845011089463, 4430741.634806645102799 ], [ 488465.006772453314625, 4430696.008010319434106 ], [ 488472.632330448715948, 4430660.479312446899712 ], [ 488418.627979966171551, 4430385.636671336367726 ], [ 488541.557544395385776, 4430421.189489494077861 ] ] ] } },
{ "type": "Feature", "properties": { "geoid": "14000US42101028600", "name": "Census Tract 286, Philadelphia, PA", "income": 62509.0, "income_moe": 38335.0, "poverty_universe": 6617.0, "below_poverty": 1656.0, "universe_moe": 1090.0, "below_poverty_moe": 828.0, "poverty_pct": 25.026447030376303 }, "geometry": { "type": "Polygon", "coordinates": [ [ [ 488633.494402099982835, 4430445.469489214941859 ], [ 489067.226513679313939, 4430564.481625674292445 ], [ 489468.890457483299542, 4430642.496181114576757 ], [ 489557.591472418571357, 4431172.577901107259095 ], [ 489576.793670869839843, 4431300.524249568581581 ], [ 489594.841414231283125, 4431395.840866442769766 ], [ 489615.858458084170707, 4431479.166440724395216 ], [ 489594.312506426649634, 4431508.053601864725351 ], [ 489504.111992446414661, 4431432.148729063570499 ], [ 489480.114274207851849, 4431415.422252210788429 ], [ 489454.585021427366883, 4431401.805727190338075 ], [ 489374.76031834090827, 4431365.067862218245864 ], [ 489347.103942905901931, 4431355.894316432066262 ], [ 489289.245636020728853, 4431347.651304118335247 ], [ 489230.801917712960858, 4431347.844885679893196 ], [ 489143.273280500725377, 4431354.406903032213449 ], [ 488798.490240375162102, 4431407.961019150912762 ], [ 488636.933303428057116, 4430462.667950848117471 ], [ 488633.494402099982835, 4430445.469489214941859 ] ] ] } },
{ "type": "Feature", "properties": { "geoid": "14000US42101028700", "name": "Census Tract 287, Philadelphia, PA", "income": 36461.0, "income_moe": 19455.0, "poverty_universe": 2514.0, "below_poverty": 1130.0, "universe_moe": 960.0, "below_poverty_moe": 947.0, "poverty_pct": 44.948289578361177 }, "geometry": { "type": "Polygon", "coordinates": [ [ [ 488410.10661574540427, 4430057.449399799108505 ], [ 488457.107467364694458, 4430045.390878716483712 ], [ 488442.729285700363107, 4429961.61457878164947 ], [ 489001.625161647156347, 4429867.886221948079765 ], [ 489084.116673594573513, 4430204.513704593293369 ], [ 489144.7197474988061, 4430515.2015709746629 ], [ 489292.293079339200631, 4430543.183980168774724 ], [ 489301.007177567109466, 4430611.320167637430131 ], [ 489067.226513679313939, 4430564.481625674292445 ], [ 488541.557544395385776, 4430421.189489494077861 ], [ 488418.627979966171551, 4430385.636671336367726 ], [ 488424.28985017654486, 4430349.333997393026948 ], [ 488422.016653573780786, 4430313.487374174408615 ], [ 488410.10661574540427, 4430057.449399799108505 ] ] ] } },
{ "type": "Feature", "properties": { "geoid": "14000US42101028800", "name": "Census Tract 288, Philadelphia, PA", "income": 62900.0, "income_moe": 20703.0, "poverty_universe": 4286.0, "below_poverty": 596.0, "universe_moe": 1104.0, "below_poverty_moe": 481.0, "poverty_pct": 13.905739617358842 }, "geometry": { "type": "Polygon", "coordinates": [ [ [ 489330.943242824461777, 4429810.811671909876168 ], [ 489325.003584318445064, 4429774.193032920360565 ], [ 489332.252885195834097, 4429771.075115757063031 ], [ 489370.70102890272392, 4429743.162574583664536 ], [ 489378.208406273159198, 4429741.487221491523087 ], [ 489390.242704748117831, 4429742.691319402307272 ], [ 489407.066569645365234, 4429751.547129273414612 ], [ 489417.934699319011997, 4429773.28619830403477 ], [ 489423.080250911123585, 4429791.481534889899194 ], [ 489424.981127835751977, 4429808.3494973173365 ], [ 489421.894540264329407, 4429859.298584980890155 ], [ 489423.028151196136605, 4429876.72257034946233 ], [ 489424.920671968255192, 4429887.597040825523436 ], [ 489429.969685856020078, 4429897.801178171299398 ], [ 489439.713690322008915, 4429909.108705244958401 ], [ 489453.88926412462024, 4429916.192444622516632 ], [ 489474.113491729018278, 4429915.942438405007124 ], [ 489477.706188157666475, 4429922.15295322611928 ], [ 489516.331348874722607, 4429899.013502385467291 ], [ 489524.939853032235987, 4429953.387153467163444 ], [ 489697.449519296060316, 4429925.070762195624411 ], [ 489718.941340862598736, 4430104.957846090197563 ], [ 489748.611412333091721, 4430275.510770315304399 ], [ 489807.980501090234611, 4430641.146051859483123 ], [ 489783.335040608886629, 4430651.723276718519628 ], [ 489566.206408334372099, 4430611.284514700993896 ], [ 489603.485981175850611, 4430667.283876719884574 ], [ 489301.007177567109466, 4430611.320167637430131 ], [ 489292.293079339200631, 4430543.183980168774724 ], [ 489144.7197474988061, 4430515.2015709746629 ], [ 489084.116673594573513, 4430204.513704593293369 ], [ 489001.625161647156347, 4429867.886221948079765 ], [ 489330.943242824461777, 4429810.811671909876168 ] ] ] } },
{ "type": "Feature", "properties": { "geoid": "14000US42101028901", "name": "Census Tract 289.01, Philadelphia, PA", "income": 53164.0, "income_moe": 34312.0, "poverty_universe": 4274.0, "below_poverty": 1176.0, "universe_moe": 1003.0, "below_poverty_moe": 601.0, "poverty_pct": 27.515208235844643 }, "geometry": { "type": "Polygon", "coordinates": [ [ [ 489697.449519296060316, 4429925.070762195624411 ], [ 489972.16903195658233, 4429878.642291175201535 ], [ 489948.925274358189199, 4429531.382800371386111 ], [ 489974.677145408815704, 4429515.588118893094361 ], [ 489966.455062835069839, 4429493.289821391925216 ], [ 489806.659085277293343, 4429209.810020699165761 ], [ 490427.657683158526197, 4429104.560812877491117 ], [ 490496.543346154910978, 4429524.241240873001516 ], [ 490695.954408342018723, 4429570.499759929254651 ], [ 490725.706031439302024, 4429754.264094178564847 ], [ 490275.815837645321153, 4429828.191041472367942 ], [ 490423.992542492167559, 4429989.272621653042734 ], [ 490080.507527985668276, 4430045.430387336760759 ], [ 490092.422635197697673, 4430217.561670647934079 ], [ 489748.611412333091721, 4430275.510770315304399 ], [ 489718.941340862598736, 4430104.957846090197563 ], [ 489697.449519296060316, 4429925.070762195624411 ] ] ] } },
{ "type": "Feature", "properties": { "geoid": "14000US42101028902", "name": "Census Tract 289.02, Philadelphia, PA", "income": 40443.0, "income_moe": 4607.0, "poverty_universe": 6137.0, "below_poverty": 2324.0, "universe_moe": 1138.0, "below_poverty_moe": 1102.0, "poverty_pct": 37.86866547172886 }, "geometry": { "type": "Polygon", "coordinates": [ [ [ 489566.206408334372099, 4430611.284514700993896 ], [ 489783.335040608886629, 4430651.723276718519628 ], [ 489807.980501090234611, 4430641.146051859483123 ], [ 489748.611412333091721, 4430275.510770315304399 ], [ 490092.422635197697673, 4430217.561670647934079 ], [ 490080.507527985668276, 4430045.430387336760759 ], [ 490423.992542492167559, 4429989.272621653042734 ], [ 490275.815837645321153, 4429828.191041472367942 ], [ 490725.706031439302024, 4429754.264094178564847 ], [ 490695.954408342018723, 4429570.499759929254651 ], [ 490801.807540188310668, 4429597.008757588453591 ], [ 490817.590322975069284, 4429592.88302571605891 ], [ 490855.768840316741262, 4429619.363804388791323 ], [ 490838.975531161471736, 4429634.700739089399576 ], [ 490829.694491416448727, 4429652.026481474749744 ], [ 490824.600965165707748, 4429674.230774543248117 ], [ 490823.952279031509534, 4429702.423207280226052 ], [ 490832.877337623154745, 4429743.811993295326829 ], [ 490855.455157191143371, 4429784.2964344965294 ], [ 490889.444434069213457, 4429805.232888025231659 ], [ 490958.778172823600471, 4429839.002313647419214 ], [ 490980.223816629208159, 4429861.064006634987891 ], [ 490996.220191094151232, 4429893.56534425355494 ], [ 491008.516291975276545, 4429900.099249376915395 ], [ 491025.250481337599922, 4429907.182888477109373 ], [ 491117.757317837269511, 4429909.627048336900771 ], [ 491136.540601470158435, 4429917.707455643452704 ], [ 491147.050442011095583, 4429929.349242769181728 ], [ 491163.467792769661173, 4430031.108694282360375 ], [ 491172.450313187320717, 4430050.410658149048686 ], [ 491174.942907881981228, 4430065.835485367104411 ], [ 491179.818784595408943, 4430076.040980922989547 ], [ 491196.393454436503816, 4430093.225345100276172 ], [ 491195.318308102490846, 4430122.750144262798131 ], [ 491157.569637953944039, 4430242.553047717548907 ], [ 491124.080464310070965, 4430282.215799888595939 ], [ 491110.029847604979295, 4430307.094165250658989 ], [ 491113.546199405391235, 4430322.295799875631928 ], [ 491112.452856017276645, 4430335.948952111415565 ], [ 491103.854052368842531, 4430352.718627668917179 ], [ 491091.749584437173326, 4430363.387923577800393 ], [ 491062.160766049346421, 4430381.181189670227468 ], [ 491047.744121222291142, 4430384.749860120005906 ], [ 491033.656898519722745, 4430378.218001223169267 ], [ 491027.75888553308323, 4430369.567672841250896 ], [ 491021.492009816633072, 4430337.60970538854599 ], [ 491013.713129042414948, 4430325.964856902137399 ], [ 491003.547843490785453, 4430316.764638802036643 ], [ 490986.731702706136275, 4430311.789968743920326 ], [ 490947.30872576625552, 4430311.836809711530805 ], [ 490902.468254434759729, 4430348.406327582895756 ], [ 490877.902199384057894, 4430356.094134092330933 ], [ 490850.576764053723309, 4430339.811314512044191 ], [ 490804.570034302247223, 4430328.76773636508733 ], [ 490778.013534909987357, 4430313.483165261335671 ], [ 490774.847125788161065, 4430305.939628539606929 ], [ 490776.353462473256513, 4430281.519812791608274 ], [ 490767.036966636660509, 4430268.878164447844028 ], [ 490733.807123941136524, 4430239.506017955951393 ], [ 490718.182030009222217, 4430231.866709604859352 ], [ 490661.679417042934801, 4430221.502761867828667 ], [ 490580.808201310632285, 4430240.692952072247863 ], [ 490552.320579405000899, 4430251.383422003127635 ], [ 490533.658757427008823, 4430272.161926503293216 ], [ 490525.526404243137222, 4430319.898129250854254 ], [ 490498.635454507137183, 4430378.867844770662487 ], [ 490494.843741771241184, 4430417.386421712115407 ], [ 490481.614262049202807, 4430482.887602071277797 ], [ 490480.440084226080216, 4430499.204734886996448 ], [ 490494.151713346655015, 4430546.358712309971452 ], [ 490498.554795284988359, 4430587.419845940545201 ], [ 490494.219026417296845, 4430600.189222109504044 ], [ 490485.270989391661715, 4430609.301672164350748 ], [ 490426.418437819287647, 4430628.133029332384467 ], [ 490397.938934537582099, 4430643.929661897011101 ], [ 490389.761676041758619, 4430655.150079677812755 ], [ 490382.358003162604291, 4430670.809165210463107 ], [ 490379.224078525905497, 4430689.126635869964957 ], [ 490368.456371481355745, 4430810.786354382522404 ], [ 489603.485981175850611, 4430667.283876719884574 ], [ 489591.173794190515764, 4430648.987215396948159 ], [ 489566.206408334372099, 4430611.284514700993896 ] ] ] } },
{ "type": "Feature", "properties": { "geoid": "14000US42101029000", "name": "Census Tract 290, Philadelphia, PA", "income": 49307.0, "income_moe": 8840.0, "poverty_universe": 7546.0, "below_poverty": 1269.0, "universe_moe": 1467.0, "below_poverty_moe": 828.0, "poverty_pct": 16.816856612774981 }, "geometry": { "type": "Polygon", "coordinates": [ [ [ 489468.890457483299542, 4430642.496181114576757 ], [ 489906.898000170185696, 4430722.592427014373243 ], [ 490368.456371481355745, 4430810.786354382522404 ], [ 490368.135884293355048, 4430827.213423084467649 ], [ 490371.396384114050306, 4430841.527126871049404 ], [ 490403.247481030353811, 4430861.132248313166201 ], [ 490406.419213575543836, 4430872.782296395860612 ], [ 490417.331277307122946, 4430865.221145835705101 ], [ 490436.024416909902357, 4430870.747151006944478 ], [ 490459.830051550874487, 4430870.717235241085291 ], [ 490471.187857895100024, 4430878.361365360207856 ], [ 490493.491215727757663, 4430905.193253243342042 ], [ 490519.316795568563975, 4430951.333243324421346 ], [ 490527.873948924767319, 4430971.189960354939103 ], [ 490537.665242884831969, 4431022.899564738385379 ], [ 490537.697437717055436, 4431048.760426165536046 ], [ 490524.521101136691868, 4431087.84567310474813 ], [ 490521.046413634845521, 4431106.718476556241512 ], [ 490515.269295703503303, 4431194.963540156371891 ], [ 490525.514254384906963, 4431268.537813594564795 ], [ 490529.856201438000426, 4431329.466482774354517 ], [ 490540.498978681513108, 4431380.176137826405466 ], [ 490540.524950808205176, 4431401.042423820123076 ], [ 490552.260277270979714, 4431438.54280406050384 ], [ 490551.094246129970998, 4431461.408413052558899 ], [ 490544.981437349168118, 4431485.612068798393011 ], [ 490544.207637505605817, 4431480.840415512211621 ], [ 490537.817216959665529, 4431487.618824779056013 ], [ 490517.47788942878833, 4431529.043847676366568 ], [ 490518.251978247135412, 4431534.037480437196791 ], [ 490521.837247370975092, 4431535.586883146315813 ], [ 490513.087520936853252, 4431566.009357886388898 ], [ 490493.75373386737192, 4431592.560388654470444 ], [ 490448.501876299036667, 4431633.461853995919228 ], [ 490422.652171519352123, 4431702.086893192492425 ], [ 490415.263179493194912, 4431728.623086210340261 ], [ 490400.277845780423377, 4431752.505093296058476 ], [ 490364.250278439780232, 4431800.387868832796812 ], [ 490346.18251618440263, 4431815.283613360486925 ], [ 490095.965761697152629, 4431430.466447842307389 ], [ 489826.16223069204716, 4431474.997303148731589 ], [ 489702.312706127180718, 4431499.027201343327761 ], [ 489615.858458084170707, 4431479.166440724395216 ], [ 489594.841414231283125, 4431395.840866442769766 ], [ 489576.793670869839843, 4431300.524249568581581 ], [ 489557.591472418571357, 4431172.577901107259095 ], [ 489481.96174096717732, 4430715.843122043646872 ], [ 489468.890457483299542, 4430642.496181114576757 ] ] ] } },
{ "type": "Feature", "properties": { "geoid": "14000US42101029100", "name": "Census Tract 291, Philadelphia, PA", "income": 33073.0, "income_moe": 15742.0, "poverty_universe": 4241.0, "below_poverty": 1749.0, "universe_moe": 707.0, "below_poverty_moe": 810.0, "poverty_pct": 41.24027352039613 }, "geometry": { "type": "Polygon", "coordinates": [ [ [ 490232.787910728831775, 4432137.968860266730189 ], [ 490251.579188595933374, 4432089.330584982410073 ], [ 490254.358582858752925, 4432061.357240609824657 ], [ 490263.280448114033788, 4432033.376024885103106 ], [ 490264.689082453027368, 4432000.853805475868285 ], [ 490286.74454114906257, 4431902.487408536486328 ], [ 490331.695756896107923, 4431828.398986043408513 ], [ 490364.250278439780232, 4431800.387868832796812 ], [ 490415.263179493194912, 4431728.623086210340261 ], [ 490448.501876299036667, 4431633.461853995919228 ], [ 490493.75373386737192, 4431592.560388654470444 ], [ 490513.087520936853252, 4431566.009357886388898 ], [ 490521.837247370975092, 4431535.586883146315813 ], [ 490517.47788942878833, 4431529.043847676366568 ], [ 490537.817216959665529, 4431487.618824779056013 ], [ 490544.207637505605817, 4431480.840415512211621 ], [ 490544.981437349168118, 4431485.612068798393011 ], [ 490551.094246129970998, 4431461.408413052558899 ], [ 490552.260277270979714, 4431438.54280406050384 ], [ 490540.524950808205176, 4431401.042423820123076 ], [ 490540.498978681513108, 4431380.176137826405466 ], [ 490529.856201438000426, 4431329.466482774354517 ], [ 490525.514254384906963, 4431268.537813594564795 ], [ 490515.269295703503303, 4431194.963540156371891 ], [ 490521.046413634845521, 4431106.718476556241512 ], [ 490537.697437717055436, 4431048.760426165536046 ], [ 490537.665242884831969, 4431022.899564738385379 ], [ 490527.873948924767319, 4430971.189960354939103 ], [ 490505.546643451903947, 4430924.934578626416624 ], [ 490471.187857895100024, 4430878.361365360207856 ], [ 490459.830051550874487, 4430870.717235241085291 ], [ 490436.024416909902357, 4430870.747151006944478 ], [ 490417.331277307122946, 4430865.221145835705101 ], [ 490406.419213575543836, 4430872.782296395860612 ], [ 490403.247481030353811, 4430861.132248313166201 ], [ 490371.396384114050306, 4430841.527126871049404 ], [ 490368.456371481355745, 4430810.786354382522404 ], [ 490477.621233126556035, 4430837.397636899724603 ], [ 490905.996359588345513, 4431015.01355058979243 ], [ 491098.232398909400217, 4431090.037858448922634 ], [ 491105.691813550016377, 4431121.106600501574576 ], [ 491603.664769203634933, 4431768.727731445804238 ], [ 491334.688857417670079, 4432012.322201948612928 ], [ 491199.073519297700841, 4432112.703073188662529 ], [ 490622.237632676435169, 4432557.579963914118707 ], [ 490596.112040981417522, 4432539.853657752275467 ], [ 490563.213626854936592, 4432495.164978283457458 ], [ 490546.624230168352369, 4432463.109133541584015 ], [ 490517.853753425530158, 4432445.497380359098315 ], [ 490608.321463065745775, 4432686.458013644441962 ], [ 490665.255563465703744, 4432854.539642379619181 ], [ 490532.819161890540272, 4432954.040770733729005 ], [ 490524.537997347244527, 4432948.501529990695417 ], [ 490519.83297695836518, 4432937.741242064163089 ], [ 490508.761527229333296, 4432883.702295015566051 ], [ 490514.805236864602193, 4432873.483545151539147 ], [ 490521.423359697742853, 4432776.690866991877556 ], [ 490533.124556440976448, 4432719.959726398810744 ], [ 490526.000853131175973, 4432685.117344474419951 ], [ 490513.099500936805271, 4432668.817726934328675 ], [ 490466.812558811099734, 4432627.586916850879788 ], [ 490455.446896131907124, 4432611.618444867432117 ], [ 490448.957692303694785, 4432606.853975903242826 ], [ 490440.346040583855938, 4432610.19454569555819 ], [ 490418.538028565468267, 4432566.491459906101227 ], [ 490379.220037284307182, 4432438.124268596991897 ], [ 490322.404184813029133, 4432370.269790234044194 ], [ 490270.724780263612047, 4432250.576261652633548 ], [ 490231.240072286338545, 4432194.798346101306379 ], [ 490227.716952303191647, 4432175.046441917307675 ], [ 490232.787910728831775, 4432137.968860266730189 ] ] ] } },
{ "type": "Feature", "properties": { "geoid": "14000US42101029200", "name": "Census Tract 292, Philadelphia, PA", "income": 77188.0, "income_moe": 12061.0, "poverty_universe": 3783.0, "below_poverty": 402.0, "universe_moe": 652.0, "below_poverty_moe": 244.0, "poverty_pct": 10.626486915146709 }, "geometry": { "type": "Polygon", "coordinates": [ [ [ 490379.224078525905497, 4430689.126635869964957 ], [ 490389.761676041758619, 4430655.150079677812755 ], [ 490397.938934537582099, 4430643.929661897011101 ], [ 490426.418437819287647, 4430628.133029332384467 ], [ 490485.270989391661715, 4430609.301672164350748 ], [ 490498.554795284988359, 4430587.419845940545201 ], [ 490494.151713346655015, 4430546.358712309971452 ], [ 490480.440084226080216, 4430499.204734886996448 ], [ 490481.614262049202807, 4430482.887602071277797 ], [ 490498.635454507137183, 4430378.867844770662487 ], [ 490525.526404243137222, 4430319.898129250854254 ], [ 490533.658757427008823, 4430272.161926503293216 ], [ 490552.320579405000899, 4430251.383422003127635 ], [ 490661.679417042934801, 4430221.502761867828667 ], [ 490718.182030009222217, 4430231.866709604859352 ], [ 490767.036966636660509, 4430268.878164447844028 ], [ 490776.353462473256513, 4430281.519812791608274 ], [ 490778.013534909987357, 4430313.483165261335671 ], [ 490804.570034302247223, 4430328.76773636508733 ], [ 490850.576764053723309, 4430339.811314512044191 ], [ 490877.902199384057894, 4430356.094134092330933 ], [ 490902.468254434759729, 4430348.406327582895756 ], [ 490947.30872576625552, 4430311.836809711530805 ], [ 490986.731702706136275, 4430311.789968743920326 ], [ 491013.713129042414948, 4430325.964856902137399 ], [ 491021.492009816633072, 4430337.60970538854599 ], [ 491027.75888553308323, 4430369.567672841250896 ], [ 491047.744121222291142, 4430384.749860120005906 ], [ 491078.107509631779976, 4430372.616162246093154 ], [ 491103.854052368842531, 4430352.718627668917179 ], [ 491112.452856017276645, 4430335.948952111415565 ], [ 491110.029847604979295, 4430307.094165250658989 ], [ 491124.080464310070965, 4430282.215799888595939 ], [ 491157.569637953944039, 4430242.553047717548907 ], [ 491197.60174540814478, 4430104.988971270620823 ], [ 491196.393454436503816, 4430093.225345100276172 ], [ 491174.942907881981228, 4430065.835485367104411 ], [ 491163.467792769661173, 4430031.108694282360375 ], [ 491147.050442011095583, 4429929.349242769181728 ], [ 491136.540601470158435, 4429917.707455643452704 ], [ 491117.757317837269511, 4429909.627048336900771 ], [ 491025.250481337599922, 4429907.182888477109373 ], [ 491008.516291975276545, 4429900.099249376915395 ], [ 490996.220191094151232, 4429893.56534425355494 ], [ 490980.223816629208159, 4429861.064006634987891 ], [ 490958.778172823600471, 4429839.002313647419214 ], [ 490855.455157191143371, 4429784.2964344965294 ], [ 490841.263005442277063, 4429762.559326408430934 ], [ 490826.194633400067687, 4429721.954873995855451 ], [ 490824.600965165707748, 4429674.230774543248117 ], [ 490838.975531161471736, 4429634.700739089399576 ], [ 490875.878987673320808, 4429594.477724000811577 ], [ 490945.746395335707348, 4429573.083993464708328 ], [ 491011.708118155540433, 4429568.233139175921679 ], [ 491036.866514423221815, 4429553.996631653048098 ], [ 491144.562533025571611, 4429551.650639615952969 ], [ 491246.694031920051202, 4429534.106849697418511 ], [ 491296.028591188020073, 4429541.153626084327698 ], [ 491409.274705932824872, 4429541.246828498318791 ], [ 491505.99651464773342, 4429569.662784746848047 ], [ 491568.216103135084268, 4429576.031000162474811 ], [ 491595.263039069250226, 4429570.895485896617174 ], [ 491655.396396067226306, 4429542.63762466236949 ], [ 491718.536319869861472, 4429532.024485144764185 ], [ 491721.215152593969833, 4429719.373871218413115 ], [ 491725.534700301825069, 4429767.761123895645142 ], [ 491744.217266667459626, 4429840.550735836848617 ], [ 491946.750075578864198, 4430109.930067351087928 ], [ 491962.325336829992011, 4430152.090081670321524 ], [ 491965.867499245272484, 4430193.263919456861913 ], [ 491998.449010635609739, 4430259.602054120972753 ], [ 492577.152166292828042, 4431028.736524687148631 ], [ 492717.513400773575995, 4431211.735768396407366 ], [ 492740.909690748201683, 4431230.914819094352424 ], [ 492715.252074928022921, 4431255.912330979481339 ], [ 492704.950774445664138, 4431279.341302093118429 ], [ 491967.226950471755117, 4430752.989280222915113 ], [ 491931.281785864208359, 4430731.495118328370154 ], [ 491873.83707259176299, 4430712.798851739615202 ], [ 491830.999182356579695, 4430709.182067885063589 ], [ 491774.093517848523334, 4430715.90288811083883 ], [ 491696.230614222353324, 4430752.836522503755987 ], [ 491358.492050172702875, 4431037.904719236306846 ], [ 491280.212430222891271, 4431078.838796719908714 ], [ 491192.351602149487007, 4431097.364604593254626 ], [ 491144.399307351268362, 4431096.421404897235334 ], [ 491075.272207172005437, 4431082.850370336323977 ], [ 490477.621233126556035, 4430837.397636899724603 ], [ 490368.456371481355745, 4430810.786354382522404 ], [ 490379.224078525905497, 4430689.126635869964957 ] ] ] } },
{ "type": "Feature", "properties": { "geoid": "14000US42101029300", "name": "Census Tract 293, Philadelphia, PA", "income": 34339.0, "income_moe": 32283.0, "poverty_universe": 2668.0, "below_poverty": 1171.0, "universe_moe": 678.0, "below_poverty_moe": 353.0, "poverty_pct": 43.890554722638683 }, "geometry": { "type": "Polygon", "coordinates": [ [ [ 491718.536319869861472, 4429532.024485144764185 ], [ 491744.994928693340626, 4429534.992465107701719 ], [ 491760.781473169452511, 4429533.754446679726243 ], [ 491798.661826792347711, 4429523.946318217553198 ], [ 491822.456394248874858, 4429509.713886153884232 ], [ 491917.954976353270467, 4429432.140304394066334 ], [ 491943.781897446897347, 4429402.4783945819363 ], [ 491952.727935986593366, 4429388.484100435860455 ], [ 492003.054914610576816, 4429283.98881882801652 ], [ 492017.781562540621962, 4429248.123374732211232 ], [ 492023.970164581609424, 4429208.604220782406628 ], [ 492019.585968149651308, 4429178.419372838921845 ], [ 492013.334073148434982, 4429157.670691560022533 ], [ 491966.209140830731485, 4429062.712370216846466 ], [ 491896.854714514454827, 4428931.817055774852633 ], [ 491884.963591275678482, 4428905.635958698578179 ], [ 491882.556584084464703, 4428889.433904201723635 ], [ 491889.679699457774404, 4428846.25097627658397 ], [ 491907.388650792883709, 4428805.49858000036329 ], [ 491918.63819611503277, 4428790.058932797051966 ], [ 491976.034433306718711, 4428749.153647390194237 ], [ 492081.353340642526746, 4428665.800377615727484 ], [ 492126.947582763095852, 4428600.268645586445928 ], [ 492136.396797705616336, 4428576.395912538282573 ], [ 492136.890544089488685, 4428558.636921798810363 ], [ 492131.574112371832598, 4428534.779462072066963 ], [ 492122.082675044599455, 4428517.918730594217777 ], [ 492087.129918203514535, 4428475.556641538627446 ], [ 492077.041539138299413, 4428459.362531268037856 ], [ 492071.044463536934927, 4428437.83662595693022 ], [ 492071.522913463821169, 4428405.537897820584476 ], [ 492079.783500230580103, 4428387.659826314076781 ], [ 492101.773957059893291, 4428358.224488125182688 ], [ 492163.385405280860141, 4428427.97377535700798 ], [ 492238.999284577381331, 4428587.167605525813997 ], [ 492292.27867263922235, 4428691.77748151216656 ], [ 492347.876407397037838, 4428811.702105357311666 ], [ 492492.061939920356963, 4429104.240512935444713 ], [ 492701.698241578182206, 4429401.935225017368793 ], [ 491943.486962914699689, 4429929.573538408614695 ], [ 491816.601597239670809, 4429937.478396696969867 ], [ 491744.217266667459626, 4429840.550735836848617 ], [ 491725.534700301825069, 4429767.761123895645142 ], [ 491721.215152593969833, 4429719.373871218413115 ], [ 491718.629879035928752, 4429539.571749859489501 ], [ 491718.536319869861472, 4429532.024485144764185 ] ] ] } },
{ "type": "Feature", "properties": { "geoid": "14000US42101029400", "name": "Census Tract 294, Philadelphia, PA", "income": 36025.0, "income_moe": 13217.0, "poverty_universe": 3402.0, "below_poverty": 1130.0, "universe_moe": 844.0, "below_poverty_moe": 837.0, "poverty_pct": 33.215755437977663 }, "geometry": { "type": "Polygon", "coordinates": [ [ [ 492115.580095324141439, 4428337.8989112759009 ], [ 492128.881651202158537, 4428324.788262255489826 ], [ 492135.779786621744279, 4428309.797416071407497 ], [ 492145.413623475527856, 4428299.021388746798038 ], [ 492155.563272856874391, 4428291.796536475419998 ], [ 492168.869320039753802, 4428282.903591209091246 ], [ 492207.08943313366035, 4428264.883890303783119 ], [ 492304.946764026826713, 4428221.498004898428917 ], [ 492379.20348204812035, 4428304.88806773070246 ], [ 492488.722381008905359, 4428401.56281787250191 ], [ 492536.126467602327466, 4428435.590230469591916 ], [ 492612.814084493089467, 4428478.135711424984038 ], [ 492692.908173249685206, 4428513.686293436214328 ], [ 492747.552773259812966, 4428534.389216770417988 ], [ 493304.540699871722609, 4428713.128178707323968 ], [ 493278.977357508672867, 4428856.550451199524105 ], [ 493027.40795694332337, 4429173.987899525091052 ], [ 492701.698241578182206, 4429401.935225017368793 ], [ 492492.061939920356963, 4429104.240512935444713 ], [ 492347.876407397037838, 4428811.702105357311666 ], [ 492292.27867263922235, 4428691.77748151216656 ], [ 492238.999284577381331, 4428587.167605525813997 ], [ 492163.385405280860141, 4428427.97377535700798 ], [ 492101.773957059893291, 4428358.224488125182688 ], [ 492115.580095324141439, 4428337.8989112759009 ] ] ] } },
{ "type": "Feature", "properties": { "geoid": "14000US42101029800", "name": "Census Tract 298, Philadelphia, PA", "income": 48113.0, "income_moe": 9374.0, "poverty_universe": 5358.0, "below_poverty": 2015.0, "universe_moe": 812.0, "below_poverty_moe": 601.0, "poverty_pct": 37.607316162747296 }, "geometry": { "type": "Polygon", "coordinates": [ [ [ 493738.101127927540801, 4429941.202647580765188 ], [ 493745.513880787417293, 4429927.322710513137281 ], [ 493768.870854978100397, 4429896.892086394131184 ], [ 493806.724932900164276, 4429853.907767886295915 ], [ 493989.356320272374433, 4429221.003733674995601 ], [ 494067.752424345177133, 4428958.005610537715256 ], [ 494765.096236716082785, 4429175.701012700796127 ], [ 494758.820569759700447, 4429233.42041209153831 ], [ 494144.199833465158008, 4430147.321732747368515 ], [ 494104.638925799052231, 4430190.638685363344848 ], [ 493742.031573010608554, 4429947.303899439051747 ], [ 493738.101127927540801, 4429941.202647580765188 ] ] ] } },
{ "type": "Feature", "properties": { "geoid": "14000US42101029900", "name": "Census Tract 299, Philadelphia, PA", "income": 35833.0, "income_moe": 10129.0, "poverty_universe": 4219.0, "below_poverty": 1963.0, "universe_moe": 1001.0, "below_poverty_moe": 778.0, "poverty_pct": 46.527613178478312 }, "geometry": { "type": "Polygon", "coordinates": [ [ [ 493233.795658252958674, 4428915.526476283557713 ], [ 493278.977357508672867, 4428856.550451199524105 ], [ 493290.618650623422582, 4428798.381147026084363 ], [ 493304.540699871722609, 4428713.128178707323968 ], [ 494067.752424345177133, 4428958.005610537715256 ], [ 493989.356320272374433, 4429221.003733674995601 ], [ 493806.724932900164276, 4429853.907767886295915 ], [ 493768.870854978100397, 4429896.892086394131184 ], [ 493745.513880787417293, 4429927.322710513137281 ], [ 493738.101127927540801, 4429941.202647580765188 ], [ 493673.529695352073759, 4429871.553951666690409 ], [ 493654.905882014252711, 4429846.929540280252695 ], [ 493683.378237688739318, 4429810.833866150118411 ], [ 493527.929541948542465, 4429551.024492176249623 ], [ 493506.264842834323645, 4429564.583818601444364 ], [ 493253.937224831257481, 4429203.862032521516085 ], [ 493099.268936793727335, 4429081.467214110307395 ], [ 493233.795658252958674, 4428915.526476283557713 ] ] ] } },
{ "type": "Feature", "properties": { "geoid": "14000US42101030000", "name": "Census Tract 300, Philadelphia, PA", "income": 34196.0, "income_moe": 6977.0, "poverty_universe": 6901.0, "below_poverty": 1946.0, "universe_moe": 1311.0, "below_poverty_moe": 807.0, "poverty_pct": 28.198811766410664 }, "geometry": { "type": "Polygon", "coordinates": [ [ [ 492628.099268188525457, 4429454.17181290872395 ], [ 493027.40795694332337, 4429173.987899525091052 ], [ 493099.268936793727335, 4429081.467214110307395 ], [ 493253.937224831257481, 4429203.862032521516085 ], [ 493506.264842834323645, 4429564.583818601444364 ], [ 493527.929541948542465, 4429551.024492176249623 ], [ 493683.378237688739318, 4429810.833866150118411 ], [ 493654.905882014252711, 4429846.929540280252695 ], [ 493673.529695352073759, 4429871.553951666690409 ], [ 493742.031573010608554, 4429947.303899439051747 ], [ 494104.638925799052231, 4430190.638685363344848 ], [ 494009.991636210295837, 4430281.725065601989627 ], [ 493742.711999466933776, 4430566.631680141203105 ], [ 493739.988808568916284, 4430575.513185882009566 ], [ 493688.849992876173928, 4430542.702194485813379 ], [ 493547.195921548409387, 4430431.941319461911917 ], [ 493268.890832818113267, 4430188.779892974533141 ], [ 493248.223029299930204, 4430169.263848461210728 ], [ 493223.359759708808269, 4430133.990914111025631 ], [ 493149.423885922296904, 4430187.221740475855768 ], [ 492700.480659005697817, 4429555.991402084007859 ], [ 492628.099268188525457, 4429454.17181290872395 ] ] ] } },
{ "type": "Feature", "properties": { "geoid": "14000US42101030100", "name": "Census Tract 301, Philadelphia, PA", "income": 30175.0, "income_moe": 22109.0, "poverty_universe": 6555.0, "below_poverty": 2816.0, "universe_moe": 1233.0, "below_poverty_moe": 1093.0, "poverty_pct": 42.959572845156366 }, "geometry": { "type": "Polygon", "coordinates": [ [ [ 491943.486962914699689, 4429929.573538408614695 ], [ 492628.099268188525457, 4429454.17181290872395 ], [ 493061.590069637342822, 4430064.545633039437234 ], [ 492462.272303581004962, 4430477.22496597468853 ], [ 492367.368506664352026, 4430544.691092949360609 ], [ 492272.478127514128573, 4430623.701450885273516 ], [ 492178.487017335137352, 4430496.713060483336449 ], [ 492087.405096826434601, 4430380.377939484082162 ], [ 491998.449010635609739, 4430259.602054120972753 ], [ 491983.829439621826168, 4430233.201644921675324 ], [ 491975.526698980247602, 4430209.014410629868507 ], [ 491965.867499245272484, 4430193.263919456861913 ], [ 491964.984497929515783, 4430165.184183388017118 ], [ 491962.325336829992011, 4430152.090081670321524 ], [ 491946.750075578864198, 4430109.930067351087928 ], [ 491816.601597239670809, 4429937.478396696969867 ], [ 491943.486962914699689, 4429929.573538408614695 ] ] ] } },
{ "type": "Feature", "properties": { "geoid": "14000US42101030200", "name": "Census Tract 302, Philadelphia, PA", "income": 47902.0, "income_moe": 16196.0, "poverty_universe": 7657.0, "below_poverty": 1988.0, "universe_moe": 1241.0, "below_poverty_moe": 1173.0, "poverty_pct": 25.963170954681992 }, "geometry": { "type": "Polygon", "coordinates": [ [ [ 492272.478127514128573, 4430623.701450885273516 ], [ 492367.368506664352026, 4430544.691092949360609 ], [ 492462.272303581004962, 4430477.22496597468853 ], [ 493061.590069637342822, 4430064.545633039437234 ], [ 493149.423885922296904, 4430187.221740475855768 ], [ 493223.359759708808269, 4430133.990914111025631 ], [ 493248.223029299930204, 4430169.263848461210728 ], [ 493268.890832818113267, 4430188.779892974533141 ], [ 493547.195921548409387, 4430431.941319461911917 ], [ 493688.849992876173928, 4430542.702194485813379 ], [ 493739.988808568916284, 4430575.513185882009566 ], [ 493569.233307955088094, 4430760.899394600652158 ], [ 493546.199236127198674, 4430765.580531421117485 ], [ 493411.679697725572623, 4430811.313169913366437 ], [ 492816.265976181370206, 4431249.933660756796598 ], [ 492791.251683004258666, 4431233.752667967230082 ], [ 492765.306888336897828, 4431226.118945709429681 ], [ 492740.909690748201683, 4431230.914819094352424 ], [ 492717.513400773575995, 4431211.735768396407366 ], [ 492315.797111665189732, 4430680.928820373490453 ], [ 492272.478127514128573, 4430623.701450885273516 ] ] ] } },
{ "type": "Feature", "properties": { "geoid": "14000US42101030501", "name": "Census Tract 305.01, Philadelphia, PA", "income": 48846.0, "income_moe": 11082.0, "poverty_universe": 4529.0, "below_poverty": 1143.0, "universe_moe": 706.0, "below_poverty_moe": 523.0, "poverty_pct": 25.237359240450431 }, "geometry": { "type": "Polygon", "coordinates": [ [ [ 491073.780855210614391, 4432210.188485716469586 ], [ 491199.073519297700841, 4432112.703073188662529 ], [ 491334.688857417670079, 4432012.322201948612928 ], [ 491368.261747415992431, 4432052.129805048927665 ], [ 491503.559858175402042, 4432199.151563202030957 ], [ 491599.312178670719732, 4432307.483454125933349 ], [ 491759.109203819418326, 4432477.346932624466717 ], [ 491966.532103939971421, 4432758.931448844261467 ], [ 491811.055063878709916, 4432867.424918820150197 ], [ 491728.294345668167807, 4432929.891679642722011 ], [ 491639.048446174361743, 4432989.036748734302819 ], [ 491619.575683682865929, 4432967.192924316041172 ], [ 491560.58291668765014, 4432922.639742662198842 ], [ 491506.958662537741475, 4432873.752356592565775 ], [ 491375.379464211815502, 4432760.911499208770692 ], [ 491437.682238846784458, 4432712.781808611936867 ], [ 491169.053388292435557, 4432340.935756818391383 ], [ 491131.717937576177064, 4432293.253033279441297 ], [ 491073.780855210614391, 4432210.188485716469586 ] ] ] } },
{ "type": "Feature", "properties": { "geoid": "14000US42101030502", "name": "Census Tract 305.02, Philadelphia, PA", "income": 50411.0, "income_moe": 15534.0, "poverty_universe": 6534.0, "below_poverty": 1861.0, "universe_moe": 2070.0, "below_poverty_moe": 568.0, "poverty_pct": 28.481787572696664 }, "geometry": { "type": "Polygon", "coordinates": [ [ [ 490535.351403141045012, 4432453.244948484934866 ], [ 490546.624230168352369, 4432463.109133541584015 ], [ 490563.213626854936592, 4432495.164978283457458 ], [ 490596.112040981417522, 4432539.853657752275467 ], [ 490607.298943138390314, 4432549.385066154412925 ], [ 490622.237632676435169, 4432557.579963914118707 ], [ 491073.780855210614391, 4432210.188485716469586 ], [ 491131.717937576177064, 4432293.253033279441297 ], [ 491169.053388292435557, 4432340.935756818391383 ], [ 491437.682238846784458, 4432712.781808611936867 ], [ 491375.379464211815502, 4432760.911499208770692 ], [ 491506.958662537741475, 4432873.752356592565775 ], [ 491560.58291668765014, 4432922.639742662198842 ], [ 491619.575683682865929, 4432967.192924316041172 ], [ 491639.048446174361743, 4432989.036748734302819 ], [ 491507.623055757081602, 4433086.521916596218944 ], [ 491436.487438091484364, 4433166.293548811227083 ], [ 491309.05454090773128, 4433318.940396152436733 ], [ 491230.598459544591606, 4433408.045653018169105 ], [ 491212.544013578852173, 4433432.595615271478891 ], [ 491194.922082701406907, 4433462.250723995268345 ], [ 490913.098571849928703, 4433243.374712108634412 ], [ 490892.43165138468612, 4433222.755072855390608 ], [ 490815.385761549870949, 4433134.609722992405295 ], [ 490779.759717049950268, 4433088.369495603255928 ], [ 490749.75833970925305, 4433038.237888964824378 ], [ 490722.654770630178973, 4432986.437993944622576 ], [ 490700.248540157685056, 4432939.627055641263723 ], [ 490667.383491658431012, 4432850.763323480263352 ], [ 490665.255563465703744, 4432854.539642379619181 ], [ 490608.321463065745775, 4432686.458013644441962 ], [ 490537.961624523915816, 4432494.19746564514935 ], [ 490517.853753425530158, 4432445.497380359098315 ], [ 490535.351403141045012, 4432453.244948484934866 ] ] ] } },
{ "type": "Feature", "properties": { "geoid": "14000US42101030600", "name": "Census Tract 306, Philadelphia, PA", "income": 56250.0, "income_moe": 33039.0, "poverty_universe": 6875.0, "below_poverty": 952.0, "universe_moe": 859.0, "below_poverty_moe": 558.0, "poverty_pct": 13.847272727272728 }, "geometry": { "type": "Polygon", "coordinates": [ [ [ 491230.598459544591606, 4433408.045653018169105 ], [ 491507.623055757081602, 4433086.521916596218944 ], [ 491639.048446174361743, 4432989.036748734302819 ], [ 491728.294345668167807, 4432929.891679642722011 ], [ 491811.055063878709916, 4432867.424918820150197 ], [ 491966.532103939971421, 4432758.931448844261467 ], [ 492164.376839296717662, 4433031.652285712771118 ], [ 492466.720980423153378, 4432812.582673657685518 ], [ 492581.102077068935614, 4433151.326392509974539 ], [ 492650.350921896926593, 4433312.973382101394236 ], [ 492665.454798985330854, 4433407.745363106019795 ], [ 492656.839547673007473, 4433407.420713869854808 ], [ 492635.69703406986082, 4433418.762299834750593 ], [ 492510.74232320667943, 4433509.675401262938976 ], [ 492464.621252989862114, 4433447.565871124155819 ], [ 492170.059521099959966, 4433662.077171004377306 ], [ 492154.033290648891125, 4433670.751039278693497 ], [ 492141.828871551493648, 4433663.549217876046896 ], [ 492133.596908942214213, 4433703.6256313463673 ], [ 492104.202188486000523, 4433897.891102781519294 ], [ 492108.572551965015009, 4433917.643034002743661 ], [ 492099.11765042465413, 4433929.52894854452461 ], [ 492084.535038780770265, 4434013.342671992257237 ], [ 492025.194540028576739, 4434114.628969960846007 ], [ 491978.060232001240365, 4434062.512630957178771 ], [ 491866.740798265207559, 4433966.845423139631748 ], [ 491685.433645333221648, 4433829.079417091794312 ], [ 491444.799025654967409, 4433653.980248623527586 ], [ 491285.323633022024296, 4433526.077494314871728 ], [ 491194.922082701406907, 4433462.250723995268345 ], [ 491230.598459544591606, 4433408.045653018169105 ] ] ] } },
{ "type": "Feature", "properties": { "geoid": "14000US42101030700", "name": "Census Tract 307, Philadelphia, PA", "income": 62344.0, "income_moe": 9725.0, "poverty_universe": 4432.0, "below_poverty": 709.0, "universe_moe": 719.0, "below_poverty_moe": 385.0, "poverty_pct": 15.997292418772563 }, "geometry": { "type": "Polygon", "coordinates": [ [ [ 492069.043526536261197, 4434043.215536212548614 ], [ 492084.535038780770265, 4434013.342671992257237 ], [ 492099.11765042465413, 4433929.52894854452461 ], [ 492108.572551965015009, 4433917.643034002743661 ], [ 492104.466946941043716, 4433906.437167373485863 ], [ 492104.202188486000523, 4433897.891102781519294 ], [ 492133.596908942214213, 4433703.6256313463673 ], [ 492141.828871551493648, 4433663.549217876046896 ], [ 492154.033290648891125, 4433670.751039278693497 ], [ 492170.059521099959966, 4433662.077171004377306 ], [ 492464.621252989862114, 4433447.565871124155819 ], [ 492510.74232320667943, 4433509.675401262938976 ], [ 492635.69703406986082, 4433418.762299834750593 ], [ 492656.839547673007473, 4433407.420713869854808 ], [ 492665.454798985330854, 4433407.745363106019795 ], [ 492612.798011948587373, 4433553.417029629461467 ], [ 492596.481373235699721, 4433614.922128530219197 ], [ 492596.950796605786309, 4433658.985242249444127 ], [ 492602.261050333559979, 4433681.622306930832565 ], [ 492607.302860369498376, 4433691.384638007730246 ], [ 492677.944845763209742, 4433799.754777560010552 ], [ 492685.121182625181973, 4433989.099198756739497 ], [ 492694.228999139450025, 4434147.475208285264671 ], [ 492724.075455655751284, 4434231.911047398112714 ], [ 492752.367878300428856, 4434297.257963081821799 ], [ 492876.70702726446325, 4434560.967069483362138 ], [ 492769.758205614809413, 4434646.97560702636838 ], [ 492581.422582216735464, 4434788.893516262061894 ], [ 492544.355729250470176, 4434819.785484456457198 ], [ 492288.941615593968891, 4434485.068124200217426 ], [ 492206.185206222347915, 4434372.16326376516372 ], [ 492013.276111544342712, 4434135.507892777211964 ], [ 492069.043526536261197, 4434043.215536212548614 ] ] ] } },
{ "type": "Feature", "properties": { "geoid": "14000US42101030800", "name": "Census Tract 308, Philadelphia, PA", "income": 62411.0, "income_moe": 9816.0, "poverty_universe": 4721.0, "below_poverty": 763.0, "universe_moe": 705.0, "below_poverty_moe": 374.0, "poverty_pct": 16.161830120737132 }, "geometry": { "type": "Polygon", "coordinates": [ [ [ 492596.481373235699721, 4433614.922128530219197 ], [ 492612.798011948587373, 4433553.417029629461467 ], [ 492665.454798985330854, 4433407.745363106019795 ], [ 492650.350921896926593, 4433312.973382101394236 ], [ 492929.681724617665168, 4433109.927152256481349 ], [ 492996.899549716967158, 4433204.207458124496043 ], [ 493065.633229757775553, 4433278.952518270350993 ], [ 493600.559323265217245, 4434015.243445992469788 ], [ 493455.491404079599306, 4434125.359576246701181 ], [ 493366.591503271542024, 4434189.256789811886847 ], [ 492876.70702726446325, 4434560.967069483362138 ], [ 492752.367878300428856, 4434297.257963081821799 ], [ 492724.075455655751284, 4434231.911047398112714 ], [ 492694.228999139450025, 4434147.475208285264671 ], [ 492685.121182625181973, 4433989.099198756739497 ], [ 492677.944845763209742, 4433799.754777560010552 ], [ 492602.261050333559979, 4433681.622306930832565 ], [ 492596.950796605786309, 4433658.985242249444127 ], [ 492596.925262584583834, 4433632.791304979473352 ], [ 492596.481373235699721, 4433614.922128530219197 ] ] ] } },
{ "type": "Feature", "properties": { "geoid": "14000US42101030900", "name": "Census Tract 309, Philadelphia, PA", "income": 55000.0, "income_moe": 10400.0, "poverty_universe": 4528.0, "below_poverty": 697.0, "universe_moe": 886.0, "below_poverty_moe": 395.0, "poverty_pct": 15.393109540636042 }, "geometry": { "type": "Polygon", "coordinates": [ [ [ 492409.750366125721484, 4432653.699966651387513 ], [ 492458.648284462047741, 4432414.243298708461225 ], [ 492475.015011297480669, 4432315.66693131159991 ], [ 492477.11805360094877, 4432285.697241864167154 ], [ 492475.982658061664551, 4432259.060494619421661 ], [ 492472.548296052729711, 4432236.865670964121819 ], [ 492460.297273895761464, 4432184.711991404183209 ], [ 492444.345608725387137, 4432100.263602817431092 ], [ 492430.174196496955119, 4432004.825366534292698 ], [ 492432.019446169724688, 4431973.080078444443643 ], [ 492484.587754865875468, 4431816.530499998480082 ], [ 492504.930884401313961, 4431768.895248071290553 ], [ 492528.237958980549593, 4431785.298969805240631 ], [ 492698.228614034538623, 4432008.558725914917886 ], [ 492798.76995899976464, 4432144.648837309330702 ], [ 492837.838366657902952, 4432231.073980031535029 ], [ 492870.842106031195726, 4432310.179607329890132 ], [ 492947.34058470884338, 4432468.714543879963458 ], [ 493245.086787567881402, 4432880.554210191592574 ], [ 492650.350921896926593, 4433312.973382101394236 ], [ 492614.277173264010344, 4433232.539682858623564 ], [ 492581.102077068935614, 4433151.326392509974539 ], [ 492466.720980423153378, 4432812.582673657685518 ], [ 492410.034003542677965, 4432681.4474838078022 ], [ 492409.750366125721484, 4432653.699966651387513 ] ] ] } },
{ "type": "Feature", "properties": { "geoid": "14000US42101031000", "name": "Census Tract 310, Philadelphia, PA", "income": 75434.0, "income_moe": 13482.0, "poverty_universe": 7240.0, "below_poverty": 1475.0, "universe_moe": 1442.0, "below_poverty_moe": 1246.0, "poverty_pct": 20.372928176795579 }, "geometry": { "type": "Polygon", "coordinates": [ [ [ 492929.681724617665168, 4433109.927152256481349 ], [ 493701.352082169731148, 4432551.739312686957419 ], [ 494261.784884016378783, 4433305.813444465398788 ], [ 494366.629686964326538, 4433439.923396010883152 ], [ 493600.559323265217245, 4434015.243445992469788 ], [ 493065.633229757775553, 4433278.952518270350993 ], [ 492996.899549716967158, 4433204.207458124496043 ], [ 492979.050081935711205, 4433180.360812648199499 ], [ 492929.681724617665168, 4433109.927152256481349 ] ] ] } },
{ "type": "Feature", "properties": { "geoid": "14000US42101031101", "name": "Census Tract 311.01, Philadelphia, PA", "income": 48096.0, "income_moe": 10864.0, "poverty_universe": 4411.0, "below_poverty": 1063.0, "universe_moe": 842.0, "below_poverty_moe": 519.0, "poverty_pct": 24.098843799591929 }, "geometry": { "type": "Polygon", "coordinates": [ [ [ 492947.34058470884338, 4432468.714543879963458 ], [ 493098.234127996198367, 4432358.916723605245352 ], [ 492994.87982575193746, 4432216.387731387279928 ], [ 493167.351065580558497, 4432093.585520352236927 ], [ 493292.761658996576443, 4432000.574257816188037 ], [ 493360.406062255904544, 4432088.863733979873359 ], [ 493460.851929860538803, 4432228.181420082226396 ], [ 493563.338125448906794, 4432363.503047844395041 ], [ 493599.210798761225305, 4432414.861627340316772 ], [ 493701.352082169731148, 4432551.739312686957419 ], [ 493655.995187396532856, 4432582.743582485243678 ], [ 493245.086787567881402, 4432880.554210191592574 ], [ 493044.544286045886111, 4432604.589098417200148 ], [ 492966.643159912142437, 4432493.780649601481855 ], [ 492947.34058470884338, 4432468.714543879963458 ] ] ] } },
{ "type": "Feature", "properties": { "geoid": "14000US42101031102", "name": "Census Tract 311.02, Philadelphia, PA", "income": 69237.0, "income_moe": 27884.0, "poverty_universe": 5110.0, "below_poverty": 645.0, "universe_moe": 1009.0, "below_poverty_moe": 392.0, "poverty_pct": 12.622309197651663 }, "geometry": { "type": "Polygon", "coordinates": [ [ [ 492525.778410598344635, 4431713.379195236600935 ], [ 492555.574091330519877, 4431647.310286928899586 ], [ 492563.910523799131624, 4431622.218154825270176 ], [ 492721.269661231723148, 4431481.218227589502931 ], [ 492755.930488052486908, 4431414.479530957527459 ], [ 492762.183716297789942, 4431351.0977304847911 ], [ 492789.649093800631817, 4431343.191265242174268 ], [ 492809.858687168569304, 4431331.407077010720968 ], [ 492831.653511757554952, 4431372.009180123917758 ], [ 492886.928262650733814, 4431450.205877794884145 ], [ 493091.088260037940927, 4431724.165283956564963 ], [ 493153.703921344189439, 4431812.457466104067862 ], [ 493246.806129019940272, 4431935.79618754889816 ], [ 493292.761658996576443, 4432000.574257816188037 ], [ 493167.351065580558497, 4432093.585520352236927 ], [ 492994.87982575193746, 4432216.387731387279928 ], [ 493098.234127996198367, 4432358.916723605245352 ], [ 492947.34058470884338, 4432468.714543879963458 ], [ 492870.842106031195726, 4432310.179607329890132 ], [ 492837.838366657902952, 4432231.073980031535029 ], [ 492798.76995899976464, 4432144.648837309330702 ], [ 492698.228614034538623, 4432008.558725914917886 ], [ 492528.237958980549593, 4431785.298969805240631 ], [ 492504.930884401313961, 4431768.895248071290553 ], [ 492525.778410598344635, 4431713.379195236600935 ] ] ] } },
{ "type": "Feature", "properties": { "geoid": "14000US42101031200", "name": "Census Tract 312, Philadelphia, PA", "income": 60047.0, "income_moe": 11884.0, "poverty_universe": 5345.0, "below_poverty": 1057.0, "universe_moe": 866.0, "below_poverty_moe": 589.0, "poverty_pct": 19.775491113189897 }, "geometry": { "type": "Polygon", "coordinates": [ [ [ 492809.858687168569304, 4431331.407077010720968 ], [ 494014.259151522943284, 4431691.416625873185694 ], [ 493951.500187226454727, 4431733.3099220469594 ], [ 493725.210984834062401, 4431899.535962810739875 ], [ 493648.559275020321365, 4431953.319307277910411 ], [ 493397.475748317840043, 4432140.220298586413264 ], [ 493153.703921344189439, 4431812.457466104067862 ], [ 493091.088260037940927, 4431724.165283956564963 ], [ 492925.285675255057868, 4431503.334752034395933 ], [ 492831.653511757554952, 4431372.009180123917758 ], [ 492818.575973658589646, 4431346.937568976543844 ], [ 492809.858687168569304, 4431331.407077010720968 ] ] ] } },
{ "type": "Feature", "properties": { "geoid": "14000US42101031300", "name": "Census Tract 313, Philadelphia, PA", "income": 66721.0, "income_moe": 8990.0, "poverty_universe": 6463.0, "below_poverty": 928.0, "universe_moe": 1226.0, "below_poverty_moe": 444.0, "poverty_pct": 14.358656970447161 }, "geometry": { "type": "Polygon", "coordinates": [ [ [ 493397.475748317840043, 4432140.220298586413264 ], [ 493648.559275020321365, 4431953.319307277910411 ], [ 493725.210984834062401, 4431899.535962810739875 ], [ 493951.500187226454727, 4431733.3099220469594 ], [ 494014.259151522943284, 4431691.416625873185694 ], [ 494428.899602568824776, 4431816.632131782360375 ], [ 494497.676247654366307, 4431835.117515044286847 ], [ 494582.32803783880081, 4431863.581375353969634 ], [ 494620.390495602099691, 4431881.312892870046198 ], [ 494673.567224277066998, 4431919.012372048571706 ], [ 494699.60372204700252, 4431941.969303915277123 ], [ 494749.552029246697202, 4432000.315898606553674 ], [ 494405.414529212575871, 4432247.960533604025841 ], [ 494227.815708026639186, 4432380.394756350666285 ], [ 493999.063545403711032, 4432543.617945364676416 ], [ 493803.061899780761451, 4432687.064868876710534 ], [ 493751.398139827128034, 4432620.734476960264146 ], [ 493563.338125448906794, 4432363.503047844395041 ], [ 493431.043194586003665, 4432186.918448647484183 ], [ 493397.475748317840043, 4432140.220298586413264 ] ] ] } },
{ "type": "Feature", "properties": { "geoid": "14000US42101031401", "name": "Census Tract 314.01, Philadelphia, PA", "income": 53002.0, "income_moe": 11577.0, "poverty_universe": 6873.0, "below_poverty": 2006.0, "universe_moe": 1981.0, "below_poverty_moe": 1424.0, "poverty_pct": 29.186672486541539 }, "geometry": { "type": "Polygon", "coordinates": [ [ [ 493803.061899780761451, 4432687.064868876710534 ], [ 493999.063545403711032, 4432543.617945364676416 ], [ 494227.815708026639186, 4432380.394756350666285 ], [ 494405.414529212575871, 4432247.960533604025841 ], [ 494613.506872165482491, 4432520.737238088622689 ], [ 494643.132329308718909, 4432555.012544692493975 ], [ 494717.417906128801405, 4432654.852537408471107 ], [ 494501.369087160739582, 4432811.725347534753382 ], [ 494764.848450050223619, 4433151.505202814005315 ], [ 494588.968437603209168, 4433281.044237948954105 ], [ 494582.145648630335927, 4433282.491987870074809 ], [ 494555.545969806902576, 4433300.935555266216397 ], [ 494366.629686964326538, 4433439.923396010883152 ], [ 494261.784884016378783, 4433305.813444465398788 ], [ 493953.188198810035829, 4432889.391790234483778 ], [ 493852.168522988271434, 4432756.949403765611351 ], [ 493803.061899780761451, 4432687.064868876710534 ] ] ] } },
{ "type": "Feature", "properties": { "geoid": "14000US42101031402", "name": "Census Tract 314.02, Philadelphia, PA", "income": 60625.0, "income_moe": 14933.0, "poverty_universe": 6124.0, "below_poverty": 1470.0, "universe_moe": 768.0, "below_poverty_moe": 667.0, "poverty_pct": 24.003919007184848 }, "geometry": { "type": "Polygon", "coordinates": [ [ [ 494405.414529212575871, 4432247.960533604025841 ], [ 494749.552029246697202, 4432000.315898606553674 ], [ 495292.632079464616254, 4432661.244785775430501 ], [ 495338.472975523036439, 4432713.826310670934618 ], [ 495075.948668070370331, 4432909.891319053247571 ], [ 494887.361066123237833, 4433058.855085748247802 ], [ 494764.848450050223619, 4433151.505202814005315 ], [ 494501.369087160739582, 4432811.725347534753382 ], [ 494717.417906128801405, 4432654.852537408471107 ], [ 494643.132329308718909, 4432555.012544692493975 ], [ 494613.506872165482491, 4432520.737238088622689 ], [ 494434.190930467739236, 4432285.010416453704238 ], [ 494405.414529212575871, 4432247.960533604025841 ] ] ] } },
{ "type": "Feature", "properties": { "geoid": "14000US42101031501", "name": "Census Tract 315.01, Philadelphia, PA", "income": 71777.0, "income_moe": 13798.0, "poverty_universe": 7435.0, "below_poverty": 1432.0, "universe_moe": 1398.0, "below_poverty_moe": 475.0, "poverty_pct": 19.260255548083389 }, "geometry": { "type": "Polygon", "coordinates": [ [ [ 495418.362514726468362, 4431514.963684290647507 ], [ 495651.097566371841822, 4431346.120770583860576 ], [ 495855.7334144404158, 4431419.03843039367348 ], [ 496019.332466651394498, 4431501.528205350972712 ], [ 496379.747268502484076, 4431749.412669350393116 ], [ 496514.073464560788125, 4431837.698654489591718 ], [ 495817.599106931709684, 4432354.71323264669627 ], [ 495428.526951777166687, 4431817.962839691899717 ], [ 495565.909625644679181, 4431717.767587161622941 ], [ 495423.143773418327328, 4431520.732331002131104 ], [ 495418.362514726468362, 4431514.963684290647507 ] ] ] } },
{ "type": "Feature", "properties": { "geoid": "14000US42101031502", "name": "Census Tract 315.02, Philadelphia, PA", "income": 48587.0, "income_moe": 6448.0, "poverty_universe": 3671.0, "below_poverty": 444.0, "universe_moe": 498.0, "below_poverty_moe": 270.0, "poverty_pct": 12.094797058022337 }, "geometry": { "type": "Polygon", "coordinates": [ [ [ 494763.368077551771421, 4431993.757894376292825 ], [ 494792.275746701925527, 4431974.536581593565643 ], [ 494802.163860678090714, 4431962.653772928752005 ], [ 494892.549857405305374, 4431895.220942950807512 ], [ 495418.362514726468362, 4431514.963684290647507 ], [ 495565.909625644679181, 4431717.767587161622941 ], [ 495428.526951777166687, 4431817.962839691899717 ], [ 495817.599106931709684, 4432354.71323264669627 ], [ 495679.799317540077027, 4432457.013112913817167 ], [ 495544.648825492651667, 4432561.20080847851932 ], [ 495338.472975523036439, 4432713.826310670934618 ], [ 495292.632079464616254, 4432661.244785775430501 ], [ 494749.552029246697202, 4432000.315898606553674 ], [ 494763.368077551771421, 4431993.757894376292825 ] ] ] } },
{ "type": "Feature", "properties": { "geoid": "14000US42101031600", "name": "Census Tract 316, Philadelphia, PA", "income": 62015.0, "income_moe": 6977.0, "poverty_universe": 5610.0, "below_poverty": 1225.0, "universe_moe": 1137.0, "below_poverty_moe": 800.0, "poverty_pct": 21.836007130124777 }, "geometry": { "type": "Polygon", "coordinates": [ [ [ 494522.860381462436635, 4431739.647072976455092 ], [ 494611.884412364684977, 4431194.950944095849991 ], [ 494622.791542101069354, 4431175.186843038536608 ], [ 494645.812851564958692, 4431032.10336634144187 ], [ 494639.322121103003155, 4431023.339664131402969 ], [ 494648.361756493337452, 4431016.784833861514926 ], [ 494673.510697605321184, 4430864.487742041237652 ], [ 494676.731433537963312, 4430833.630037968046963 ], [ 494676.199504085001536, 4430805.105771207250655 ], [ 494946.459755937044974, 4430856.532016584649682 ], [ 494994.002928503789008, 4430882.583398333750665 ], [ 495001.773383617342915, 4430891.56854104436934 ], [ 495147.473269187554251, 4430971.16554029751569 ], [ 495165.143455815210473, 4430984.029216192662716 ], [ 495215.341348847316112, 4431027.949821595102549 ], [ 495324.379890050331596, 4431159.628099206835032 ], [ 495445.688639342843089, 4431271.100260245613754 ], [ 495456.783793086651713, 4431276.976136066950858 ], [ 495651.097566371841822, 4431346.120770583860576 ], [ 494892.549857405305374, 4431895.220942950807512 ], [ 494802.163860678090714, 4431962.653772928752005 ], [ 494792.275746701925527, 4431974.536581593565643 ], [ 494749.552029246697202, 4432000.315898606553674 ], [ 494699.60372204700252, 4431941.969303915277123 ], [ 494650.178719150775578, 4431900.937269251793623 ], [ 494620.390495602099691, 4431881.312892870046198 ], [ 494582.32803783880081, 4431863.581375353969634 ], [ 494502.966917850950267, 4431836.778550797142088 ], [ 494522.860381462436635, 4431739.647072976455092 ] ] ] } },
{ "type": "Feature", "properties": { "geoid": "14000US42101031700", "name": "Census Tract 317, Philadelphia, PA", "income": 39465.0, "income_moe": 9881.0, "poverty_universe": 5873.0, "below_poverty": 1656.0, "universe_moe": 1085.0, "below_poverty_moe": 704.0, "poverty_pct": 28.196832964413417 }, "geometry": { "type": "Polygon", "coordinates": [ [ [ 493569.233307955088094, 4430760.899394600652158 ], [ 493739.988808568916284, 4430575.513185882009566 ], [ 494275.454995595908258, 4430731.25514471065253 ], [ 494419.421505121572409, 4430759.672726528719068 ], [ 494676.199504085001536, 4430805.105771207250655 ], [ 494676.731433537963312, 4430833.630037968046963 ], [ 494673.510697605321184, 4430864.487742041237652 ], [ 494648.361756493337452, 4431016.784833861514926 ], [ 494639.322121103003155, 4431023.339664131402969 ], [ 494645.812851564958692, 4431032.10336634144187 ], [ 494622.791542101069354, 4431175.186843038536608 ], [ 494611.884412364684977, 4431194.950944095849991 ], [ 494522.860381462436635, 4431739.647072976455092 ], [ 494502.966917850950267, 4431836.778550797142088 ], [ 494428.899602568824776, 4431816.632131782360375 ], [ 494128.607589271327015, 4431724.402728023938835 ], [ 493959.132490704243537, 4431675.366555946879089 ], [ 493934.257940035313368, 4431615.673224777914584 ], [ 493923.322170976898633, 4431596.591514619067311 ], [ 493888.619792406214401, 4431517.260804447345436 ], [ 493768.003660079557449, 4431233.110974007286131 ], [ 493658.275549666315783, 4430919.652486281469464 ], [ 493558.911961235920899, 4430764.570831025019288 ], [ 493569.233307955088094, 4430760.899394600652158 ] ] ] } },
{ "type": "Feature", "properties": { "geoid": "14000US42101031800", "name": "Census Tract 318, Philadelphia, PA", "income": 64741.0, "income_moe": 11160.0, "poverty_universe": 3989.0, "below_poverty": 319.0, "universe_moe": 759.0, "below_poverty_moe": 164.0, "poverty_pct": 7.9969917272499371 }, "geometry": { "type": "Polygon", "coordinates": [ [ [ 492821.696312417334411, 4431308.30976840108633 ], [ 492825.521248971577734, 4431292.98940540663898 ], [ 492823.6224084419664, 4431269.905080958269536 ], [ 492816.265976181370206, 4431249.933660756796598 ], [ 493411.679697725572623, 4430811.313169913366437 ], [ 493546.199236127198674, 4430765.580531421117485 ], [ 493558.911961235920899, 4430764.570831025019288 ], [ 493658.275549666315783, 4430919.652486281469464 ], [ 493768.003660079557449, 4431233.110974007286131 ], [ 493888.619792406214401, 4431517.260804447345436 ], [ 493923.322170976898633, 4431596.591514619067311 ], [ 493934.257940035313368, 4431615.673224777914584 ], [ 493959.132490704243537, 4431675.366555946879089 ], [ 493805.781972937344108, 4431628.762804180383682 ], [ 492809.858687168569304, 4431331.407077010720968 ], [ 492821.696312417334411, 4431308.30976840108633 ] ] ] } },
{ "type": "Feature", "properties": { "geoid": "14000US42101031900", "name": "Census Tract 319, Philadelphia, PA", "income": 50702.0, "income_moe": 4947.0, "poverty_universe": 5369.0, "below_poverty": 1663.0, "universe_moe": 1002.0, "below_poverty_moe": 671.0, "poverty_pct": 30.974110635127584 }, "geometry": { "type": "Polygon", "coordinates": [ [ [ 493742.711999466933776, 4430566.631680141203105 ], [ 494009.991636210295837, 4430281.725065601989627 ], [ 494104.638925799052231, 4430190.638685363344848 ], [ 494144.199833465158008, 4430147.321732747368515 ], [ 494443.393680900044274, 4429702.801544117741287 ], [ 494554.728987681563012, 4429779.082554463297129 ], [ 494566.692511495028157, 4429801.938068081624806 ], [ 494577.194793844362721, 4429810.14387827925384 ], [ 495092.254452524182852, 4430155.862868808209896 ], [ 494689.475470069912262, 4430755.261612071655691 ], [ 494674.042413717543241, 4430770.922113128006458 ], [ 494676.199504085001536, 4430805.105771207250655 ], [ 494419.421505121572409, 4430759.672726528719068 ], [ 494275.454995595908258, 4430731.25514471065253 ], [ 493739.988808568916284, 4430575.513185882009566 ], [ 493742.711999466933776, 4430566.631680141203105 ] ] ] } },
{ "type": "Feature", "properties": { "geoid": "14000US42101032000", "name": "Census Tract 320, Philadelphia, PA", "income": 53783.0, "income_moe": 12344.0, "poverty_universe": 7050.0, "below_poverty": 2288.0, "universe_moe": 1748.0, "below_poverty_moe": 1647.0, "poverty_pct": 32.453900709219859 }, "geometry": { "type": "Polygon", "coordinates": [ [ [ 494674.042413717543241, 4430770.922113128006458 ], [ 494689.475470069912262, 4430755.261612071655691 ], [ 495092.254452524182852, 4430155.862868808209896 ], [ 495425.955158227647189, 4430379.634019480086863 ], [ 495349.995996660261881, 4430494.333527807146311 ], [ 495951.098411167273298, 4430898.661941257305443 ], [ 495651.097566371841822, 4431346.120770583860576 ], [ 495456.783793086651713, 4431276.976136066950858 ], [ 495445.688639342843089, 4431271.100260245613754 ], [ 495324.379890050331596, 4431159.628099206835032 ], [ 495215.341348847316112, 4431027.949821595102549 ], [ 495165.143455815210473, 4430984.029216192662716 ], [ 495147.473269187554251, 4430971.16554029751569 ], [ 495001.773383617342915, 4430891.56854104436934 ], [ 494994.002928503789008, 4430882.583398333750665 ], [ 494946.459755937044974, 4430856.532016584649682 ], [ 494676.199504085001536, 4430805.105771207250655 ], [ 494674.991495392925572, 4430785.905207194387913 ], [ 494674.042413717543241, 4430770.922113128006458 ] ] ] } },
{ "type": "Feature", "properties": { "geoid": "14000US42101032100", "name": "Census Tract 321, Philadelphia, PA", "income": 51988.0, "income_moe": 10376.0, "poverty_universe": 4062.0, "below_poverty": 981.0, "universe_moe": 836.0, "below_poverty_moe": 411.0, "poverty_pct": 24.150664697193502 }, "geometry": { "type": "Polygon", "coordinates": [ [ [ 494443.393680900044274, 4429702.801544117741287 ], [ 494758.820569759700447, 4429233.42041209153831 ], [ 494765.096236716082785, 4429175.701012700796127 ], [ 494822.375989465741441, 4429196.306039229035378 ], [ 495011.54832570347935, 4429273.872975309379399 ], [ 495144.210155062610283, 4429335.275873260572553 ], [ 495220.277238473237958, 4429378.735978820361197 ], [ 495345.093092347844504, 4429454.687084786593914 ], [ 495492.702249478839803, 4429547.608258223161101 ], [ 495442.574964104162063, 4429635.098715733736753 ], [ 495092.254452524182852, 4430155.862868808209896 ], [ 494577.194793844362721, 4429810.14387827925384 ], [ 494566.692511495028157, 4429801.938068081624806 ], [ 494554.728987681563012, 4429779.082554463297129 ], [ 494471.227475001418497, 4429721.538671525195241 ], [ 494443.393680900044274, 4429702.801544117741287 ] ] ] } },
{ "type": "Feature", "properties": { "geoid": "14000US42101032300", "name": "Census Tract 323, Philadelphia, PA", "income": 48906.0, "income_moe": 18210.0, "poverty_universe": 4158.0, "below_poverty": 1355.0, "universe_moe": 787.0, "below_poverty_moe": 687.0, "poverty_pct": 32.587782587782591 }, "geometry": { "type": "Polygon", "coordinates": [ [ [ 495442.574964104162063, 4429635.098715733736753 ], [ 495492.702249478839803, 4429547.608258223161101 ], [ 496127.414328346843831, 4429963.362291655503213 ], [ 495639.458649705862626, 4430689.39471547305584 ], [ 495349.995996660261881, 4430494.333527807146311 ], [ 495425.955158227647189, 4430379.634019480086863 ], [ 495092.254452524182852, 4430155.862868808209896 ], [ 495442.574964104162063, 4429635.098715733736753 ] ] ] } },
{ "type": "Feature", "properties": { "geoid": "14000US42101032500", "name": "Census Tract 325, Philadelphia, PA", "income": 54138.0, "income_moe": 17399.0, "poverty_universe": 5572.0, "below_poverty": 925.0, "universe_moe": 1029.0, "below_poverty_moe": 668.0, "poverty_pct": 16.600861450107683 }, "geometry": { "type": "Polygon", "coordinates": [ [ [ 496127.414328346843831, 4429963.362291655503213 ], [ 496287.465124026231933, 4430061.06521235127002 ], [ 496450.160954929073341, 4430166.983585992828012 ], [ 496544.14214441832155, 4430232.757752807810903 ], [ 496633.515149883925915, 4430301.53187401406467 ], [ 496587.215854937385302, 4430380.688881010748446 ], [ 496704.147632306325249, 4430448.23062648717314 ], [ 496498.559022594534326, 4430754.102024918422103 ], [ 496498.478655843762681, 4430764.868166315369308 ], [ 496015.228487774031237, 4431484.881720799952745 ], [ 496009.689061184704769, 4431496.760653850622475 ], [ 495855.7334144404158, 4431419.03843039367348 ], [ 495651.097566371841822, 4431346.120770583860576 ], [ 495951.098411167273298, 4430898.661941257305443 ], [ 495639.458649705862626, 4430689.39471547305584 ], [ 496127.414328346843831, 4429963.362291655503213 ] ] ] } },
{ "type": "Feature", "properties": { "geoid": "14000US42101032600", "name": "Census Tract 326, Philadelphia, PA", "income": 83009.0, "income_moe": 26642.0, "poverty_universe": 7014.0, "below_poverty": 806.0, "universe_moe": 943.0, "below_poverty_moe": 516.0, "poverty_pct": 11.491303108069575 }, "geometry": { "type": "Polygon", "coordinates": [ [ [ 496015.228487774031237, 4431484.881720799952745 ], [ 496498.478655843762681, 4430764.868166315369308 ], [ 496498.559022594534326, 4430754.102024918422103 ], [ 496704.147632306325249, 4430448.23062648717314 ], [ 496587.215854937385302, 4430380.688881010748446 ], [ 496633.515149883925915, 4430301.53187401406467 ], [ 496867.31353250349639, 4430486.675414625555277 ], [ 497205.402561201481149, 4430760.02477705385536 ], [ 497005.358578297658823, 4431092.185391897335649 ], [ 496585.532713275169954, 4431762.414347572252154 ], [ 496558.421670868585352, 4431804.492145280353725 ], [ 496549.297124483273365, 4431813.486550096422434 ], [ 496514.073464560788125, 4431837.698654489591718 ], [ 496379.747268502484076, 4431749.412669350393116 ], [ 496009.689061184704769, 4431496.760653850622475 ], [ 496015.228487774031237, 4431484.881720799952745 ] ] ] } },
{ "type": "Feature", "properties": { "geoid": "14000US42101032900", "name": "Census Tract 329, Philadelphia, PA", "income": 57651.0, "income_moe": 10791.0, "poverty_universe": 4032.0, "below_poverty": 705.0, "universe_moe": 620.0, "below_poverty_moe": 480.0, "poverty_pct": 17.485119047619047 }, "geometry": { "type": "Polygon", "coordinates": [ [ [ 497383.950993565784302, 4431638.453654071316123 ], [ 497612.747150072944351, 4431297.525360290892422 ], [ 497465.449822344235145, 4431192.464732181280851 ], [ 497575.727982564130798, 4431060.460677131079137 ], [ 498005.163485064345878, 4431410.844878847710788 ], [ 498146.478512627189048, 4431522.576904410496354 ], [ 498132.320944851264358, 4431543.446656127460301 ], [ 498127.37558243481908, 4431555.767861174419522 ], [ 498127.378973827755544, 4431569.530730145052075 ], [ 498131.052077936590649, 4431587.732331596314907 ], [ 498178.171543934498914, 4431690.49846123624593 ], [ 498183.551411998341791, 4431711.363464253023267 ], [ 498183.129930482711643, 4431732.673820243217051 ], [ 498179.468029450858012, 4431760.422425892204046 ], [ 498154.485922725987621, 4431822.694360974244773 ], [ 498120.043969646212645, 4431923.482576840557158 ], [ 498114.760652880009729, 4431948.012885823845863 ], [ 498112.72147423698334, 4431981.532660526223481 ], [ 498115.632937214686535, 4432025.262376946397126 ], [ 498126.315305063792039, 4432099.84566849283874 ], [ 498135.283688658440951, 4432143.57390920817852 ], [ 498151.677177756442688, 4432200.619272871874273 ], [ 498161.151592444221023, 4432221.372290487401187 ], [ 498212.38237465772545, 4432412.708574775606394 ], [ 498232.444008989608847, 4432474.52588857896626 ], [ 498239.456216052814852, 4432548.111325741745532 ], [ 498243.556186965841334, 4432570.974534487351775 ], [ 498251.323423105233815, 4432590.174196157604456 ], [ 498135.908814567490481, 4432605.185432907193899 ], [ 497148.324939759098925, 4432138.885636320337653 ], [ 497383.950993565784302, 4431638.453654071316123 ] ] ] } },
{ "type": "Feature", "properties": { "geoid": "14000US42101033000", "name": "Census Tract 330, Philadelphia, PA", "income": 52452.0, "income_moe": 7772.0, "poverty_universe": 10418.0, "below_poverty": 3065.0, "universe_moe": 1757.0, "below_poverty_moe": 1894.0, "poverty_pct": 29.420234210021118 }, "geometry": { "type": "Polygon", "coordinates": [ [ [ 496514.073464560788125, 4431837.698654489591718 ], [ 496549.297124483273365, 4431813.486550096422434 ], [ 496558.421670868585352, 4431804.492145280353725 ], [ 496585.532713275169954, 4431762.414347572252154 ], [ 497005.358578297658823, 4431092.185391897335649 ], [ 497205.402561201481149, 4430760.02477705385536 ], [ 497575.727982564130798, 4431060.460677131079137 ], [ 497465.449822344235145, 4431192.464732181280851 ], [ 497612.747150072944351, 4431297.525360290892422 ], [ 497383.950993565784302, 4431638.453654071316123 ], [ 497148.324939759098925, 4432138.885636320337653 ], [ 496530.542952581890859, 4431846.237420408055186 ], [ 496514.073464560788125, 4431837.698654489591718 ] ] ] } },
{ "type": "Feature", "properties": { "geoid": "14000US42101033101", "name": "Census Tract 331.01, Philadelphia, PA", "income": 60035.0, "income_moe": 24635.0, "poverty_universe": 4969.0, "below_poverty": 1648.0, "universe_moe": 1099.0, "below_poverty_moe": 950.0, "poverty_pct": 33.165626886697524 }, "geometry": { "type": "Polygon", "coordinates": [ [ [ 496514.073464560788125, 4431837.698654489591718 ], [ 497326.397817421995569, 4432223.50702300015837 ], [ 497277.04195707780309, 4432330.630883785896003 ], [ 497066.125252094876487, 4432683.438995036296546 ], [ 496314.374999646330252, 4432233.697754167020321 ], [ 496102.346969396923669, 4432167.541924680583179 ], [ 496082.635502490331419, 4432158.228816543705761 ], [ 496514.073464560788125, 4431837.698654489591718 ] ] ] } },
{ "type": "Feature", "properties": { "geoid": "14000US42101033102", "name": "Census Tract 331.02, Philadelphia, PA", "income": 50337.0, "income_moe": 8126.0, "poverty_universe": 3705.0, "below_poverty": 922.0, "universe_moe": 480.0, "below_poverty_moe": 270.0, "poverty_pct": 24.885290148448043 }, "geometry": { "type": "Polygon", "coordinates": [ [ [ 497066.125252094876487, 4432683.438995036296546 ], [ 497277.04195707780309, 4432330.630883785896003 ], [ 497326.397817421995569, 4432223.50702300015837 ], [ 497962.546854059677571, 4432524.65043970849365 ], [ 498135.908814567490481, 4432605.185432907193899 ], [ 498144.439099597744644, 4432604.184424987062812 ], [ 498147.430604386958294, 4432628.046774459071457 ], [ 498160.581366156868171, 4432684.982000176794827 ], [ 498180.385118879086804, 4432739.806826396845281 ], [ 498210.935634390625637, 4432789.745561863295734 ], [ 498242.25085270148702, 4432828.363154193386436 ], [ 498252.24920534476405, 4432906.276606691069901 ], [ 498179.452025665959809, 4433117.620827842503786 ], [ 498037.539493537566159, 4433217.881188777275383 ], [ 497928.604403426521458, 4433184.834746988490224 ], [ 497925.365475009952206, 4433193.714924496598542 ], [ 497779.051752874511294, 4433103.187508631497622 ], [ 497763.10430458834162, 4433115.401215576566756 ], [ 497535.36797818611376, 4433157.093383542262018 ], [ 497495.363031891058199, 4433158.105390321463346 ], [ 497469.089878453698475, 4433155.006346617825329 ], [ 497428.739788152568508, 4433144.364746704697609 ], [ 497399.30676243751077, 4433130.389880509115756 ], [ 497367.823977488675155, 4433109.312404262833297 ], [ 497331.475883738719858, 4433079.579456501640379 ], [ 497301.95827104174532, 4433068.823741784319282 ], [ 497294.943110155349132, 4433011.110838761553168 ], [ 497289.049793478567153, 4432989.913631389848888 ], [ 497283.7481944457395, 4432953.73241420276463 ], [ 497282.972621404915117, 4432931.756447155028582 ], [ 497284.159304513887037, 4432910.667708144523203 ], [ 497289.436693046474829, 4432878.922361397184432 ], [ 497303.922786086564884, 4432835.852652207016945 ], [ 497309.549934201408178, 4432827.859296916052699 ], [ 497301.360037975944579, 4432825.531388618983328 ], [ 497114.675311114813667, 4432714.608897254802287 ], [ 497066.125252094876487, 4432683.438995036296546 ] ] ] } },
{ "type": "Feature", "properties": { "geoid": "14000US42101033200", "name": "Census Tract 332, Philadelphia, PA", "income": 54118.0, "income_moe": 27190.0, "poverty_universe": 2581.0, "below_poverty": 978.0, "universe_moe": 456.0, "below_poverty_moe": 374.0, "poverty_pct": 37.892289810151105 }, "geometry": { "type": "Polygon", "coordinates": [ [ [ 496082.635502490331419, 4432158.228816543705761 ], [ 496102.346969396923669, 4432167.541924680583179 ], [ 496314.374999646330252, 4432233.697754167020321 ], [ 497114.675311114813667, 4432714.608897254802287 ], [ 496929.323437270417344, 4432748.977808454073966 ], [ 496651.453603027330246, 4432861.529213906265795 ], [ 496475.115669558465015, 4433007.007390989921987 ], [ 496272.878938875219319, 4433030.412074862979352 ], [ 496138.474581707676407, 4432920.264994616620243 ], [ 495924.692699658044148, 4432891.186007589101791 ], [ 495836.171881702379324, 4432932.74470460228622 ], [ 495788.07105733489152, 4432949.530888208188117 ], [ 495574.497852747095749, 4432986.723363823257387 ], [ 495587.993207463819999, 4433017.349076665006578 ], [ 495525.510679016995709, 4432945.352357033640146 ], [ 495338.472975523036439, 4432713.826310670934618 ], [ 496082.635502490331419, 4432158.228816543705761 ] ] ] } },
{ "type": "Feature", "properties": { "geoid": "14000US42101033300", "name": "Census Tract 333, Philadelphia, PA", "income": 59737.0, "income_moe": 27979.0, "poverty_universe": 3776.0, "below_poverty": 554.0, "universe_moe": 531.0, "below_poverty_moe": 308.0, "poverty_pct": 14.671610169491526 }, "geometry": { "type": "Polygon", "coordinates": [ [ [ 495607.554029706632718, 4433358.968664624728262 ], [ 495625.032402077398729, 4433345.972602411173284 ], [ 495654.707689355884213, 4433331.859680666588247 ], [ 495644.907891066221055, 4433199.452772673219442 ], [ 495670.842091625323519, 4433205.431471843272448 ], [ 495695.757134980056435, 4433219.291212700307369 ], [ 495841.812974360305816, 4433108.995592365972698 ], [ 495885.647193375334609, 4433090.880159431137145 ], [ 495909.017618749174289, 4433087.648792176507413 ], [ 495959.175309919228312, 4433090.17474052682519 ], [ 495988.522798551712185, 4433098.372532077133656 ], [ 496393.710402292374056, 4433306.721798790618777 ], [ 496423.14893734146608, 4433329.905041201040149 ], [ 496436.463626654818654, 4433347.657376762479544 ], [ 496449.354779442190193, 4433371.847424793988466 ], [ 496457.640982485376298, 4433398.481448842212558 ], [ 496460.381071109848563, 4433421.233372719958425 ], [ 496458.96922760544112, 4433503.14556251000613 ], [ 496567.193597729608882, 4433658.039664877578616 ], [ 496583.839505514653865, 4433688.443766767159104 ], [ 496588.625044983578846, 4433708.753018754534423 ], [ 496583.274762556131463, 4433760.255378155037761 ], [ 496588.153030601271894, 4433797.213283821940422 ], [ 496697.680199514667038, 4434021.700283291749656 ], [ 496702.896008983196225, 4434051.998650137335062 ], [ 496708.913675315387081, 4434161.433503771200776 ], [ 496703.745424751308747, 4434240.461593463085592 ], [ 496713.244800330139697, 4434512.608362861908972 ], [ 496667.145738592604175, 4434602.642502398230135 ], [ 496440.619430761958938, 4434934.498804353177547 ], [ 496413.16290453838883, 4434941.615183234214783 ], [ 496210.077872069494333, 4434357.898854960687459 ], [ 496177.131470576918218, 4434305.971400964073837 ], [ 495777.277382753498387, 4433787.853651635348797 ], [ 495682.188171798246913, 4433657.936315997503698 ], [ 495665.625652771792375, 4433630.641895554959774 ], [ 495627.957866396987811, 4433538.207757790572941 ], [ 495617.349923606379889, 4433483.828154890798032 ], [ 495610.728871004655957, 4433391.598252535797656 ], [ 495607.554029706632718, 4433358.968664624728262 ] ] ] } },
{ "type": "Feature", "properties": { "geoid": "14000US42101033400", "name": "Census Tract 334, Philadelphia, PA", "income": 50950.0, "income_moe": 9533.0, "poverty_universe": 4763.0, "below_poverty": 1248.0, "universe_moe": 893.0, "below_poverty_moe": 674.0, "poverty_pct": 26.2019735460844 }, "geometry": { "type": "Polygon", "coordinates": [ [ [ 494826.446366919961292, 4433419.395844872109592 ], [ 495028.503047463542316, 4433273.751374516636133 ], [ 494887.361066123237833, 4433058.855085748247802 ], [ 495075.948668070370331, 4432909.891319053247571 ], [ 495338.472975523036439, 4432713.826310670934618 ], [ 495525.510679016995709, 4432945.352357033640146 ], [ 495542.585370381944813, 4432969.871365797705948 ], [ 495568.633514713321347, 4433023.464860855601728 ], [ 495581.706071302527562, 4433060.528299415484071 ], [ 495591.287780790065881, 4433108.914889092557132 ], [ 495617.349923606379889, 4433483.828154890798032 ], [ 495627.957866396987811, 4433538.207757790572941 ], [ 495665.625652771792375, 4433630.641895554959774 ], [ 495705.663461556890979, 4433692.552286484278738 ], [ 495777.277382753498387, 4433787.853651635348797 ], [ 496177.131470576918218, 4434305.971400964073837 ], [ 496204.187782147957478, 4434347.135632117278874 ], [ 496193.355324822477996, 4434344.810236061923206 ], [ 496162.909877466910984, 4434347.933320129290223 ], [ 496051.053388805419672, 4434421.799955026246607 ], [ 495592.928517785738222, 4434760.021007430739701 ], [ 495572.28900186897954, 4434465.017740544863045 ], [ 495564.590061886876356, 4434425.065322352573276 ], [ 495530.369594479736406, 4434389.01318022608757 ], [ 494852.912024513643701, 4433454.562093453481793 ], [ 494826.446366919961292, 4433419.395844872109592 ] ] ] } },
{ "type": "Feature", "properties": { "geoid": "14000US42101033500", "name": "Census Tract 335, Philadelphia, PA", "income": 47575.0, "income_moe": 11231.0, "poverty_universe": 4196.0, "below_poverty": 1076.0, "universe_moe": 844.0, "below_poverty_moe": 387.0, "poverty_pct": 25.643469971401334 }, "geometry": { "type": "Polygon", "coordinates": [ [ [ 493751.939492470177356, 4433900.907246151939034 ], [ 494391.351331482233945, 4433420.703609073534608 ], [ 494577.115302532911301, 4433285.603332601487637 ], [ 494588.968437603209168, 4433281.044237948954105 ], [ 494887.361066123237833, 4433058.855085748247802 ], [ 495028.503047463542316, 4433273.751374516636133 ], [ 494826.446366919961292, 4433419.395844872109592 ], [ 495127.721665909513831, 4433832.417167524807155 ], [ 494999.503283487167209, 4433923.735393399372697 ], [ 494994.902863419789355, 4433931.729801025241613 ], [ 494976.234615925350226, 4433947.39190842397511 ], [ 494806.673248191131279, 4434065.822771873325109 ], [ 494345.336726351466496, 4434397.90564298722893 ], [ 494194.382550368842203, 4434510.34292228706181 ], [ 494135.384743564180098, 4434424.147901057265699 ], [ 493894.021672238071915, 4434097.690390100702643 ], [ 493751.939492470177356, 4433900.907246151939034 ] ] ] } },
{ "type": "Feature", "properties": { "geoid": "14000US42101033600", "name": "Census Tract 336, Philadelphia, PA", "income": 60354.0, "income_moe": 15400.0, "poverty_universe": 7585.0, "below_poverty": 1709.0, "universe_moe": 1144.0, "below_poverty_moe": 765.0, "poverty_pct": 22.531311799604481 }, "geometry": { "type": "Polygon", "coordinates": [ [ [ 494345.336726351466496, 4434397.90564298722893 ], [ 494806.673248191131279, 4434065.822771873325109 ], [ 494976.234615925350226, 4433947.39190842397511 ], [ 494994.902863419789355, 4433931.729801025241613 ], [ 494999.503283487167209, 4433923.735393399372697 ], [ 495127.721665909513831, 4433832.417167524807155 ], [ 495530.369594479736406, 4434389.01318022608757 ], [ 495564.590061886876356, 4434425.065322352573276 ], [ 495572.28900186897954, 4434465.017740544863045 ], [ 495577.291813418501988, 4434561.688363340683281 ], [ 495592.928517785738222, 4434760.021007430739701 ], [ 495269.003292201436125, 4434989.6353969136253 ], [ 495098.526429112185724, 4435113.943086941726506 ], [ 494949.879091345821507, 4435228.250841910019517 ], [ 494788.173673625627998, 4435319.928205501288176 ], [ 494698.041048432700336, 4435202.00657665822655 ], [ 494330.376855639158748, 4434693.709062563255429 ], [ 494292.563029558223207, 4434648.563859355635941 ], [ 494194.382550368842203, 4434510.34292228706181 ], [ 494345.336726351466496, 4434397.90564298722893 ] ] ] } },
{ "type": "Feature", "properties": { "geoid": "14000US42101033701", "name": "Census Tract 337.01, Philadelphia, PA", "income": 53523.0, "income_moe": 16057.0, "poverty_universe": 6084.0, "below_poverty": 1228.0, "universe_moe": 1612.0, "below_poverty_moe": 449.0, "poverty_pct": 20.184089414858647 }, "geometry": { "type": "Polygon", "coordinates": [ [ [ 495269.003292201436125, 4434989.6353969136253 ], [ 495577.4141457619844, 4434771.684134688228369 ], [ 496051.053388805419672, 4434421.799955026246607 ], [ 496162.909877466910984, 4434347.933320129290223 ], [ 496193.355324822477996, 4434344.810236061923206 ], [ 496204.187782147957478, 4434347.135632117278874 ], [ 496214.261349930951837, 4434366.887070929631591 ], [ 496413.16290453838883, 4434941.615183234214783 ], [ 496316.216126646089833, 4434973.627160286530852 ], [ 496190.164738499734085, 4434954.820821023546159 ], [ 496027.0016054114094, 4435070.890591181814671 ], [ 495909.886207398085389, 4435174.951857331208885 ], [ 495961.844359813665505, 4435221.540487141348422 ], [ 495968.25950835715048, 4435258.164289090782404 ], [ 495982.357284890895244, 4435309.767889039590955 ], [ 495927.180011927732266, 4435460.523857863619924 ], [ 495910.416230465169065, 4435525.573947533033788 ], [ 495923.133935990626924, 4435548.098401203751564 ], [ 495959.737828454351984, 4435589.589689344167709 ], [ 496087.337904949905351, 4435489.075436602346599 ], [ 496154.104850604664534, 4435485.600572107359767 ], [ 496251.986608438310213, 4435807.427295015193522 ], [ 496235.302229928318411, 4435864.707244649529457 ], [ 496095.421878332097549, 4436119.059862485155463 ], [ 496070.932769331790041, 4436084.665076034143567 ], [ 496000.134694909094833, 4436195.027819937095046 ], [ 495976.529890119156335, 4436220.679386233910918 ], [ 495952.751401011133566, 4436240.115583183243871 ], [ 495589.937379380920902, 4435776.59447974152863 ], [ 495697.075309267209377, 4435695.287096120417118 ], [ 495576.489562776987441, 4435526.538162114098668 ], [ 495564.104617438977584, 4435491.583034434355795 ], [ 495555.276077517366502, 4435414.00507325399667 ], [ 495538.871550613315776, 4435359.62882041092962 ], [ 495325.249005510238931, 4435066.184705807827413 ], [ 495269.003292201436125, 4434989.6353969136253 ] ] ] } },
{ "type": "Feature", "properties": { "geoid": "14000US42101033702", "name": "Census Tract 337.02, Philadelphia, PA", "income": 69628.0, "income_moe": 21189.0, "poverty_universe": 4695.0, "below_poverty": 618.0, "universe_moe": 533.0, "below_poverty_moe": 330.0, "poverty_pct": 13.1629392971246 }, "geometry": { "type": "Polygon", "coordinates": [ [ [ 493995.813659648643807, 4435553.374072145670652 ], [ 494256.365406523167621, 4435387.461920573376119 ], [ 494624.119900473684538, 4435100.390295436605811 ], [ 494788.173673625627998, 4435319.928205501288176 ], [ 494949.879091345821507, 4435228.250841910019517 ], [ 495269.003292201436125, 4434989.6353969136253 ], [ 495538.871550613315776, 4435359.62882041092962 ], [ 495555.276077517366502, 4435414.00507325399667 ], [ 495564.104617438977584, 4435491.583034434355795 ], [ 495576.489562776987441, 4435526.538162114098668 ], [ 495697.075309267209377, 4435695.287096120417118 ], [ 495589.937379380920902, 4435776.59447974152863 ], [ 495952.751401011133566, 4436240.115583183243871 ], [ 496000.134694909094833, 4436195.027819937095046 ], [ 496070.932769331790041, 4436084.665076034143567 ], [ 496095.421878332097549, 4436119.059862485155463 ], [ 495986.443372541689314, 4436263.738925571553409 ], [ 495885.344216989353299, 4436308.411750790663064 ], [ 495792.492163494287524, 4436308.684652521274984 ], [ 495253.574687700951472, 4435955.050021828152239 ], [ 495237.161636567732785, 4435888.687277659773827 ], [ 495210.918292294605635, 4435919.337497675791383 ], [ 495036.623460259113926, 4436039.320525733754039 ], [ 495011.654825057892594, 4436061.424248432740569 ], [ 494662.184146223240532, 4435750.108331547118723 ], [ 494395.567564803350251, 4435550.071584502235055 ], [ 494136.214047282759566, 4435718.41989513579756 ], [ 494128.12512839899864, 4435733.632009106688201 ], [ 494047.118147453234997, 4435624.590302717871964 ], [ 493995.813659648643807, 4435553.374072145670652 ] ] ] } },
{ "type": "Feature", "properties": { "geoid": "14000US42101033800", "name": "Census Tract 338, Philadelphia, PA", "income": 65142.0, "income_moe": 17022.0, "poverty_universe": 6142.0, "below_poverty": 848.0, "universe_moe": 804.0, "below_poverty_moe": 376.0, "poverty_pct": 13.806577661999349 }, "geometry": { "type": "Polygon", "coordinates": [ [ [ 492688.883451835892629, 4434707.543448802083731 ], [ 492913.096919886826072, 4434532.96315354667604 ], [ 493751.939492470177356, 4433900.907246151939034 ], [ 493994.344854676630348, 4434235.572705113328993 ], [ 494135.384743564180098, 4434424.147901057265699 ], [ 494292.563029558223207, 4434648.563859355635941 ], [ 494330.376855639158748, 4434693.709062563255429 ], [ 494624.119900473684538, 4435100.390295436605811 ], [ 494256.365406523167621, 4435387.461920573376119 ], [ 494215.197655528550968, 4435413.243240370415151 ], [ 494116.749383932386991, 4435358.711034305393696 ], [ 494037.840489472670015, 4435320.480500555597246 ], [ 493410.927831520442851, 4435058.392685877159238 ], [ 492977.554176179110073, 4434883.081557177938521 ], [ 492898.719759506115224, 4434844.751810752786696 ], [ 492822.353275995759759, 4434801.758904278278351 ], [ 492748.625401718600187, 4434754.324584038928151 ], [ 492702.368634360143915, 4434718.629628837108612 ], [ 492688.883451835892629, 4434707.543448802083731 ] ] ] } },
{ "type": "Feature", "properties": { "geoid": "14000US42101033900", "name": "Census Tract 339, Philadelphia, PA", "income": 61116.0, "income_moe": 9149.0, "poverty_universe": 3292.0, "below_poverty": 349.0, "universe_moe": 497.0, "below_poverty_moe": 236.0, "poverty_pct": 10.60145808019441 }, "geometry": { "type": "Polygon", "coordinates": [ [ [ 492430.588526299223304, 4434902.364812343381345 ], [ 492544.355729250470176, 4434819.785484456457198 ], [ 492688.883451835892629, 4434707.543448802083731 ], [ 492772.690445308689959, 4434770.839377288706601 ], [ 492847.695438219991047, 4434816.385871911421418 ], [ 492924.742733043676708, 4434858.157491880469024 ], [ 493085.048522956029046, 4434928.933389029465616 ], [ 493418.520344544842374, 4435061.60485518258065 ], [ 493376.325391487509478, 4435081.731033294461668 ], [ 493358.101252957480028, 4435110.604770951904356 ], [ 493344.128834289847873, 4435125.489883328787982 ], [ 493095.709247237653472, 4435304.852245911955833 ], [ 493154.952766331785824, 4435374.279355157166719 ], [ 493207.115221322048455, 4435441.160457951948047 ], [ 492900.765314811025746, 4435664.090135540813208 ], [ 492824.512323505245149, 4435732.421749133616686 ], [ 492800.055882327316795, 4435749.426644661463797 ], [ 492748.314370591368061, 4435767.678551068529487 ], [ 492379.193456924287602, 4436034.864428902044892 ], [ 492299.0215788197238, 4436098.210687414743006 ], [ 492059.35662718891399, 4435789.789544374682009 ], [ 492014.351703467487823, 4435725.350559153594077 ], [ 491998.244509163429029, 4435733.802897293120623 ], [ 491751.215201613144018, 4435418.850857362151146 ], [ 492430.588526299223304, 4434902.364812343381345 ] ] ] } },
{ "type": "Feature", "properties": { "geoid": "14000US42101034000", "name": "Census Tract 340, Philadelphia, PA", "income": 95536.0, "income_moe": 16507.0, "poverty_universe": 2977.0, "below_poverty": 218.0, "universe_moe": 435.0, "below_poverty_moe": 129.0, "poverty_pct": 7.3228081961706417 }, "geometry": { "type": "Polygon", "coordinates": [ [ [ 493095.709247237653472, 4435304.852245911955833 ], [ 493344.128834289847873, 4435125.489883328787982 ], [ 493358.101252957480028, 4435110.604770951904356 ], [ 493376.325391487509478, 4435081.731033294461668 ], [ 493418.520344544842374, 4435061.60485518258065 ], [ 494037.840489472670015, 4435320.480500555597246 ], [ 494116.749383932386991, 4435358.711034305393696 ], [ 494215.197655528550968, 4435413.243240370415151 ], [ 493995.813659648643807, 4435553.374072145670652 ], [ 494096.545115851447918, 4435695.031404681503773 ], [ 494128.12512839899864, 4435733.632009106688201 ], [ 494117.737306709226687, 4435753.17458922136575 ], [ 494119.983305950881913, 4435790.577047034166753 ], [ 494216.911324130138382, 4435983.517140074633062 ], [ 494258.810487240494695, 4436139.650693977251649 ], [ 494209.481670117762405, 4436192.076282465830445 ], [ 494154.767938848002814, 4436226.414685530588031 ], [ 493945.737477687362116, 4436381.634104382246733 ], [ 493154.952766331785824, 4435374.279355157166719 ], [ 493095.709247237653472, 4435304.852245911955833 ] ] ] } },
{ "type": "Feature", "properties": { "geoid": "14000US42101034100", "name": "Census Tract 341, Philadelphia, PA", "income": 72690.0, "income_moe": 17714.0, "poverty_universe": 5843.0, "below_poverty": 718.0, "universe_moe": 794.0, "below_poverty_moe": 411.0, "poverty_pct": 12.288208112271093 }, "geometry": { "type": "Polygon", "coordinates": [ [ [ 492299.0215788197238, 4436098.210687414743006 ], [ 492379.193456924287602, 4436034.864428902044892 ], [ 492748.314370591368061, 4435767.678551068529487 ], [ 492800.055882327316795, 4435749.426644661463797 ], [ 492824.512323505245149, 4435732.421749133616686 ], [ 492900.765314811025746, 4435664.090135540813208 ], [ 493207.115221322048455, 4435441.160457951948047 ], [ 493945.737477687362116, 4436381.634104382246733 ], [ 493277.876174824370537, 4436866.786835827864707 ], [ 492997.658335275598802, 4436984.802725408226252 ], [ 492970.097460841352586, 4436959.855030839331448 ], [ 492594.081505862472113, 4436487.498289465904236 ], [ 492590.247220835357439, 4436490.054845675826073 ], [ 492309.608412231085822, 4436111.851942512206733 ], [ 492299.0215788197238, 4436098.210687414743006 ] ] ] } },
{ "type": "Feature", "properties": { "geoid": "14000US42101034200", "name": "Census Tract 342, Philadelphia, PA", "income": 69361.0, "income_moe": 12297.0, "poverty_universe": 3665.0, "below_poverty": 495.0, "universe_moe": 452.0, "below_poverty_moe": 224.0, "poverty_pct": 13.506139154160982 }, "geometry": { "type": "Polygon", "coordinates": [ [ [ 492997.658335275598802, 4436984.802725408226252 ], [ 493277.876174824370537, 4436866.786835827864707 ], [ 494154.767938848002814, 4436226.414685530588031 ], [ 494209.481670117762405, 4436192.076282465830445 ], [ 494258.810487240494695, 4436139.650693977251649 ], [ 494270.01204775297083, 4436181.708100493997335 ], [ 494349.360657585493755, 4436366.005923425778747 ], [ 494355.446041758696083, 4436408.622240150347352 ], [ 494236.578236560279038, 4436505.496449150145054 ], [ 494162.858242030721158, 4436656.94565455429256 ], [ 494208.850216301623732, 4436705.302852863445878 ], [ 494689.672719489433803, 4437135.377550419420004 ], [ 494612.292681255203206, 4437179.051934733055532 ], [ 494543.500260001805145, 4437189.534345686435699 ], [ 494491.913318378501572, 4437178.028467936441302 ], [ 494182.712056424177717, 4437197.571876516565681 ], [ 494137.127816726744641, 4437231.90347861405462 ], [ 494003.482012023334391, 4437379.627248927950859 ], [ 493954.053726121026557, 4437401.864879196509719 ], [ 493888.248826386523433, 4437413.349788651801646 ], [ 493795.058974539337214, 4437400.994346159510314 ], [ 493649.783346932032146, 4437392.568193315528333 ], [ 493654.840949159639422, 4437425.750563866458833 ], [ 493668.84845207084436, 4437457.260584011673927 ], [ 493701.532511150464416, 4437496.968507532961667 ], [ 493724.225456829299219, 4437516.706273432821035 ], [ 493815.565110877912957, 4437561.694002269767225 ], [ 493846.358782445255201, 4437584.533310087397695 ], [ 494230.214997837494593, 4437891.790496718138456 ], [ 494292.398790014383849, 4437944.242685222998261 ], [ 494362.354258309933357, 4438017.223137476481497 ], [ 494372.683834145835135, 4438037.416022503748536 ], [ 494343.556943650066387, 4438073.177139617502689 ], [ 494161.275853778060991, 4438256.230268519371748 ], [ 494079.429655207553878, 4438238.313004958443344 ], [ 493366.905158987618051, 4437279.820450653322041 ], [ 493078.242111163039226, 4437096.497653286904097 ], [ 492970.097460841352586, 4436959.855030839331448 ], [ 492997.658335275598802, 4436984.802725408226252 ] ] ] } },
{ "type": "Feature", "properties": { "geoid": "14000US42101034400", "name": "Census Tract 344, Philadelphia, PA", "income": 130353.0, "income_moe": 15986.0, "poverty_universe": 7786.0, "below_poverty": 554.0, "universe_moe": 721.0, "below_poverty_moe": 287.0, "poverty_pct": 7.1153352170562547 }, "geometry": { "type": "Polygon", "coordinates": [ [ [ 494161.275853778060991, 4438256.230268519371748 ], [ 494167.154552255640738, 4438252.341020462103188 ], [ 494343.556943650066387, 4438073.177139617502689 ], [ 494372.683834145835135, 4438037.416022503748536 ], [ 494362.354258309933357, 4438017.223137476481497 ], [ 494488.655730602622498, 4437857.301745101809502 ], [ 494551.281629681587219, 4437815.301505926065147 ], [ 495026.414452166471165, 4437765.028637820854783 ], [ 495066.729660026438069, 4437754.569059105589986 ], [ 495135.072352510236669, 4437714.345809509046376 ], [ 495183.620457922283094, 4437646.276734712533653 ], [ 495242.458441782859154, 4437536.468538103625178 ], [ 495135.123504079296254, 4437395.354855437763035 ], [ 495293.047553805925418, 4436769.926936734467745 ], [ 495503.605471097922418, 4436574.231658806093037 ], [ 495586.870938434090931, 4436661.866291159763932 ], [ 495649.102208659751341, 4436647.290422584861517 ], [ 496463.112724613223691, 4437451.780231367796659 ], [ 496367.653508358402178, 4437497.221043655648828 ], [ 496105.41080921003595, 4437638.754907343536615 ], [ 495951.27155023557134, 4437940.40086723677814 ], [ 495945.144684407510795, 4437960.604688472114503 ], [ 495968.040067304857075, 4438054.047771819867194 ], [ 496016.09173734090291, 4438329.060706558637321 ], [ 495984.055050629540347, 4438677.259874975308776 ], [ 495787.623883832187857, 4439056.73774238396436 ], [ 495677.737526022945531, 4439169.012737155891955 ], [ 495601.101581251714379, 4439293.923099300824106 ], [ 495536.411627062305342, 4439438.250870458781719 ], [ 495466.602693484222982, 4439569.485196558758616 ], [ 495370.535844627709594, 4439822.494792385026813 ], [ 495126.907699611794669, 4439600.884811336174607 ], [ 495136.363448480900843, 4439593.997214178554714 ], [ 495060.818599375430495, 4439541.990665068849921 ], [ 495027.645422198285814, 4439511.933436105959117 ], [ 494079.429655207553878, 4438238.313004958443344 ], [ 494161.275853778060991, 4438256.230268519371748 ] ] ] } },
{ "type": "Feature", "properties": { "geoid": "14000US42101034501", "name": "Census Tract 345.01, Philadelphia, PA", "income": 46711.0, "income_moe": 22587.0, "poverty_universe": 5001.0, "below_poverty": 1026.0, "universe_moe": 940.0, "below_poverty_moe": 471.0, "poverty_pct": 20.515896820635874 }, "geometry": { "type": "Polygon", "coordinates": [ [ [ 496323.436237357964274, 4436322.837745373137295 ], [ 496400.448822988953907, 4436184.39414697419852 ], [ 496610.709187353611924, 4435794.93854099791497 ], [ 496481.121975274640135, 4435659.365751945413649 ], [ 496468.407042405800894, 4435638.83820931520313 ], [ 496458.164550472225528, 4435617.532593091949821 ], [ 496451.58925520099001, 4435597.446183575317264 ], [ 496443.828907307819463, 4435596.117916489951313 ], [ 496408.836995981168002, 4435531.648273123428226 ], [ 496414.419254415319301, 4435434.86097090691328 ], [ 496537.838402896595653, 4435310.049151712097228 ], [ 496566.44089782203082, 4435388.285209278576076 ], [ 496602.035203388659284, 4435466.518250149674714 ], [ 496660.492100922507234, 4435568.27159081492573 ], [ 497008.246714020206127, 4436039.618999306112528 ], [ 496984.983099533652421, 4436075.367526389658451 ], [ 496960.878958330547903, 4436140.862236200831831 ], [ 496923.159366754698567, 4436271.736654821783304 ], [ 496890.460340121644549, 4436375.194271134212613 ], [ 496865.970765628793743, 4436535.365438025444746 ], [ 496815.641254265850876, 4436474.784894788637757 ], [ 496754.184330497169867, 4436514.213009351864457 ], [ 496691.788335865770932, 4436549.424347056075931 ], [ 496568.11404664273141, 4436636.607822871766984 ], [ 496523.156639633176383, 4436581.243393789976835 ], [ 496344.594107361219358, 4436348.799589213915169 ], [ 496323.436237357964274, 4436322.837745373137295 ] ] ] } },
{ "type": "Feature", "properties": { "geoid": "14000US42101034502", "name": "Census Tract 345.02, Philadelphia, PA", "income": 61476.0, "income_moe": 10366.0, "poverty_universe": 5093.0, "below_poverty": 406.0, "universe_moe": 529.0, "below_poverty_moe": 237.0, "poverty_pct": 7.9717258982917727 }, "geometry": { "type": "Polygon", "coordinates": [ [ [ 496056.894253275881056, 4436799.459281005896628 ], [ 496179.568571709678508, 4436605.826813372783363 ], [ 496112.654617207823321, 4436469.562903666868806 ], [ 496273.108287610986736, 4436450.7247877093032 ], [ 496282.835834368190262, 4436466.36985370516777 ], [ 496290.51222958706785, 4436472.137668364681304 ], [ 496311.401655916823074, 4436472.682443257421255 ], [ 496320.607245361083187, 4436467.128385730087757 ], [ 496257.718574965489097, 4436364.491773696616292 ], [ 496323.436237357964274, 4436322.837745373137295 ], [ 496568.11404664273141, 4436636.607822871766984 ], [ 496691.788335865770932, 4436549.424347056075931 ], [ 496815.641254265850876, 4436474.784894788637757 ], [ 496865.970765628793743, 4436535.365438025444746 ], [ 496890.460340121644549, 4436375.194271134212613 ], [ 496960.878958330547903, 4436140.862236200831831 ], [ 496984.983099533652421, 4436075.367526389658451 ], [ 497008.246714020206127, 4436039.618999306112528 ], [ 497531.587357445445377, 4436744.339183990843594 ], [ 497401.259163431881461, 4436839.28069362975657 ], [ 496803.175733784097247, 4437243.075501524843276 ], [ 496726.23007379041519, 4437133.559336952865124 ], [ 496665.99543842789717, 4437225.153868197463453 ], [ 496613.681017637311015, 4437294.990940406918526 ], [ 496498.994624704122543, 4437432.894957847893238 ], [ 496463.112724613223691, 4437451.780231367796659 ], [ 495968.568391704233363, 4436962.996675587259233 ], [ 496056.894253275881056, 4436799.459281005896628 ] ] ] } },
{ "type": "Feature", "properties": { "geoid": "14000US42101034600", "name": "Census Tract 346, Philadelphia, PA", "income": 66865.0, "income_moe": 7698.0, "poverty_universe": 2663.0, "below_poverty": 138.0, "universe_moe": 533.0, "below_poverty_moe": 82.0, "poverty_pct": 5.1821254224558766 }, "geometry": { "type": "Polygon", "coordinates": [ [ [ 497332.428955544019118, 4435549.137110988609493 ], [ 497436.316305085783824, 4435372.957691074348986 ], [ 497470.750145364436321, 4435322.112009973265231 ], [ 498067.811996595177334, 4434860.655878299847245 ], [ 498090.745996819459833, 4434835.566006987355649 ], [ 498105.321937280008569, 4434807.592509764246643 ], [ 498148.811555750377011, 4434793.374875273555517 ], [ 498880.747411954274867, 4435756.527107840403914 ], [ 498798.81307747354731, 4435819.915844290517271 ], [ 498145.597609222342726, 4436298.754391985014081 ], [ 497978.170232166885398, 4436414.117550048045814 ], [ 497531.587357445445377, 4436744.339183990843594 ], [ 497008.246714020206127, 4436039.618999306112528 ], [ 497332.428955544019118, 4435549.137110988609493 ] ] ] } },
{ "type": "Feature", "properties": { "geoid": "14000US42101034701", "name": "Census Tract 347.01, Philadelphia, PA", "income": 84767.0, "income_moe": 20309.0, "poverty_universe": 8066.0, "below_poverty": 824.0, "universe_moe": 1593.0, "below_poverty_moe": 469.0, "poverty_pct": 10.215720307463426 }, "geometry": { "type": "Polygon", "coordinates": [ [ [ 496563.838409833959304, 4435290.502823828719556 ], [ 496581.748987917439081, 4435296.710263705812395 ], [ 496991.36692726315232, 4434971.664679861627519 ], [ 497081.238081653835252, 4434717.015171533450484 ], [ 496969.602689502527937, 4434285.191345640458167 ], [ 496997.524103442265186, 4434152.323597487993538 ], [ 497009.62248688476393, 4434120.575298896990716 ], [ 497122.866688635025639, 4434071.362383913248777 ], [ 497191.006222327472642, 4434054.466189543716609 ], [ 497523.87720911973156, 4434017.390238519757986 ], [ 497522.515402767749038, 4434026.048005462624133 ], [ 497524.993858225527219, 4434041.585981952026486 ], [ 497547.430786898592487, 4434059.781278821639717 ], [ 497526.220558466680814, 4434141.810752704739571 ], [ 497526.315790128253866, 4434172.333340387791395 ], [ 497599.034954085305799, 4434343.236688511446118 ], [ 497608.340193430543877, 4434372.091509095393121 ], [ 497613.892886439163703, 4434401.169503474608064 ], [ 497615.099080488609616, 4434440.016109384596348 ], [ 497566.371331595233642, 4435143.939349208027124 ], [ 497566.462621922022663, 4435162.696885602548718 ], [ 497572.526415878615808, 4435191.330755352042615 ], [ 497590.44633633265039, 4435228.840180307626724 ], [ 497470.750145364436321, 4435322.112009973265231 ], [ 497436.316305085783824, 4435372.957691074348986 ], [ 497332.428955544019118, 4435549.137110988609493 ], [ 497008.246714020206127, 4436039.618999306112528 ], [ 496660.492100922507234, 4435568.27159081492573 ], [ 496602.035203388659284, 4435466.518250149674714 ], [ 496566.44089782203082, 4435388.285209278576076 ], [ 496537.838402896595653, 4435310.049151712097228 ], [ 496563.838409833959304, 4435290.502823828719556 ] ] ] } },
{ "type": "Feature", "properties": { "geoid": "14000US42101034702", "name": "Census Tract 347.02, Philadelphia, PA", "income": 88313.0, "income_moe": 19798.0, "poverty_universe": 3405.0, "below_poverty": 462.0, "universe_moe": 345.0, "below_poverty_moe": 324.0, "poverty_pct": 13.568281938325992 }, "geometry": { "type": "Polygon", "coordinates": [ [ [ 496890.657674633082934, 4433734.15134297683835 ], [ 496898.415585790411569, 4433725.046886019408703 ], [ 496901.135487126652151, 4433701.848599805496633 ], [ 496912.209404394496232, 4433666.992831335403025 ], [ 496932.665468567283824, 4433631.467338285408914 ], [ 496940.759255981363822, 4433608.821857491508126 ], [ 496938.95622639748035, 4433579.409902540966868 ], [ 496920.94152279937407, 4433536.019608169794083 ], [ 496919.486468257324304, 4433523.589179345406592 ], [ 496923.39911166013917, 4433496.616722860373557 ], [ 496941.55476071103476, 4433466.197792419232428 ], [ 496958.522767831862438, 4433451.651127577759326 ], [ 496971.741845174343325, 4433447.206196288578212 ], [ 496993.149387375451624, 4433442.869033006951213 ], [ 497033.156107598042581, 4433450.400702747516334 ], [ 497049.537601870542858, 4433462.492364749312401 ], [ 497089.474264649848919, 4433510.203183975070715 ], [ 497126.164233263581991, 4433544.707486504688859 ], [ 497166.519165498670191, 4433572.88409863691777 ], [ 497224.016778588760644, 4433597.946885796263814 ], [ 497240.9037694579456, 4433594.500003287568688 ], [ 497251.647181589214597, 4433584.395904421806335 ], [ 497276.103038887493312, 4433518.569288898259401 ], [ 497296.562113743450027, 4433485.597583305090666 ], [ 497318.306446448143106, 4433468.608216813765466 ], [ 497344.23262113641249, 4433458.054940490983427 ], [ 497375.36471375473775, 4433455.602311146445572 ], [ 497443.005733204947319, 4433460.018885732628405 ], [ 497483.178276248916518, 4433454.788879531435668 ], [ 497718.064402918040287, 4433393.558516217395663 ], [ 497738.872834851848893, 4433380.455330578610301 ], [ 497802.928836972336285, 4433374.443005547858775 ], [ 497868.355107953888364, 4433387.743305370211601 ], [ 497937.625241926347371, 4433422.242444777861238 ], [ 497973.456451720383484, 4433447.87176922801882 ], [ 498061.086946307972539, 4433571.937079849652946 ], [ 498009.832117485464551, 4433599.143191315233707 ], [ 498044.13816545746522, 4433668.281824297271669 ], [ 497931.658483019156847, 4433750.001192118041217 ], [ 498006.413788030855358, 4433899.042486308142543 ], [ 497976.996636653551832, 4433929.683863298036158 ], [ 497943.575838423741516, 4433977.863065036013722 ], [ 497923.630025997525081, 4434021.821051272563636 ], [ 497893.292811230989173, 4434114.840134734287858 ], [ 497889.803978306183126, 4434143.587858501821756 ], [ 497891.098526899586432, 4434198.417220459319651 ], [ 497883.407145668985322, 4434448.704890410415828 ], [ 498148.811555750377011, 4434793.374875273555517 ], [ 498105.321937280008569, 4434807.592509764246643 ], [ 498090.745996819459833, 4434835.566006987355649 ], [ 498067.811996595177334, 4434860.655878299847245 ], [ 497590.44633633265039, 4435228.840180307626724 ], [ 497572.526415878615808, 4435191.330755352042615 ], [ 497566.462621922022663, 4435162.696885602548718 ], [ 497566.371331595233642, 4435143.939349208027124 ], [ 497615.351239368668757, 4434428.25094308424741 ], [ 497612.012389819021337, 4434387.740137602202594 ], [ 497603.559198755770922, 4434356.221249872818589 ], [ 497526.315790128253866, 4434172.333340387791395 ], [ 497526.220558466680814, 4434141.810752704739571 ], [ 497547.430786898592487, 4434059.781278821639717 ], [ 497524.993858225527219, 4434041.585981952026486 ], [ 497523.87720911973156, 4434017.390238519757986 ], [ 497191.006222327472642, 4434054.466189543716609 ], [ 497122.866688635025639, 4434071.362383913248777 ], [ 497009.62248688476393, 4434120.575298896990716 ], [ 496936.791800292790867, 4433922.817789481952786 ], [ 496897.850138418783899, 4433802.408039678819478 ], [ 496889.639618298504502, 4433747.470713107846677 ], [ 496890.657674633082934, 4433734.15134297683835 ] ] ] } },
{ "type": "Feature", "properties": { "geoid": "14000US42101034801", "name": "Census Tract 348.01, Philadelphia, PA", "income": 65682.0, "income_moe": 9078.0, "poverty_universe": 4363.0, "below_poverty": 1184.0, "universe_moe": 569.0, "below_poverty_moe": 349.0, "poverty_pct": 27.137290854916341 }, "geometry": { "type": "Polygon", "coordinates": [ [ [ 497891.098526899586432, 4434198.417220459319651 ], [ 497889.803978306183126, 4434143.587858501821756 ], [ 497893.292811230989173, 4434114.840134734287858 ], [ 497923.630025997525081, 4434021.821051272563636 ], [ 497943.575838423741516, 4433977.863065036013722 ], [ 497976.996636653551832, 4433929.683863298036158 ], [ 498018.52241154393414, 4433888.828118408098817 ], [ 498447.985196655441541, 4433585.056115395389497 ], [ 498468.451706635882147, 4433564.629573906771839 ], [ 498519.529143925756216, 4433492.91911525093019 ], [ 498543.486954289313871, 4433439.860683573409915 ], [ 498557.55000867031049, 4433383.141495260410011 ], [ 498565.97789601131808, 4433295.900824131444097 ], [ 498560.928749642742332, 4433208.329742282629013 ], [ 498543.517168330028653, 4433152.615497593767941 ], [ 498518.002481966686901, 4433100.121617517434061 ], [ 498484.043686062621418, 4433052.513118010945618 ], [ 498344.377298754698131, 4432915.579222110100091 ], [ 498382.323365147749428, 4432853.416023443453014 ], [ 498375.898009058262687, 4432724.001776795834303 ], [ 498421.690852161613293, 4432649.961075729690492 ], [ 498804.08614101097919, 4433026.151087724603713 ], [ 499134.409592124808114, 4433374.285540475510061 ], [ 499591.027301419992, 4433833.639932727441192 ], [ 499296.8029970714706, 4434172.073954856954515 ], [ 499270.363941163988784, 4434173.408345371484756 ], [ 499128.265079625300132, 4434089.846862625330687 ], [ 499041.265256186597981, 4434046.792719284072518 ], [ 498926.291425055533182, 4434017.617392244748771 ], [ 498905.907252353907097, 4434017.620301898568869 ], [ 498879.471199209801853, 4434042.486209779977798 ], [ 498859.85617876338074, 4434052.367356261238456 ], [ 498495.562071878113784, 4434358.544909542426467 ], [ 498204.622495105548296, 4434590.691126023419201 ], [ 498174.784788948891219, 4434637.869591385126114 ], [ 498124.498902022955008, 4434762.41423038393259 ], [ 497883.407145668985322, 4434448.704890410415828 ], [ 497891.098526899586432, 4434198.417220459319651 ] ] ] } },
{ "type": "Feature", "properties": { "geoid": "14000US42101034802", "name": "Census Tract 348.02, Philadelphia, PA", "income": 70788.0, "income_moe": 19528.0, "poverty_universe": 5784.0, "below_poverty": 354.0, "universe_moe": 911.0, "below_poverty_moe": 198.0, "poverty_pct": 6.1203319502074685 }, "geometry": { "type": "Polygon", "coordinates": [ [ [ 498124.498902022955008, 4434762.41423038393259 ], [ 498174.784788948891219, 4434637.869591385126114 ], [ 498193.283158982463647, 4434604.56774231325835 ], [ 498204.622495105548296, 4434590.691126023419201 ], [ 498310.098210644559003, 4434503.760649058036506 ], [ 498495.562071878113784, 4434358.544909542426467 ], [ 498859.85617876338074, 4434052.367356261238456 ], [ 498879.471199209801853, 4434042.486209779977798 ], [ 498905.907252353907097, 4434017.620301898568869 ], [ 498926.291425055533182, 4434017.617392244748771 ], [ 499041.265256186597981, 4434046.792719284072518 ], [ 499128.265079625300132, 4434089.846862625330687 ], [ 499270.363941163988784, 4434173.408345371484756 ], [ 499281.280931657296605, 4434175.183165477588773 ], [ 499296.8029970714706, 4434172.073954856954515 ], [ 499295.012594497355167, 4434178.955583395436406 ], [ 499249.389679572428577, 4434239.228252284228802 ], [ 499203.615264293679502, 4434474.42361275665462 ], [ 499196.546593061939348, 4434568.212083007209003 ], [ 499198.63902627985226, 4435000.523507702164352 ], [ 499204.27382196392864, 4435061.790211571380496 ], [ 499217.583640588563867, 4435124.83199440408498 ], [ 499270.301922800368629, 4435302.746135339140892 ], [ 499282.669366048707161, 4435329.937880954705179 ], [ 499306.890994361077901, 4435369.559608216397464 ], [ 499342.538798499561381, 4435406.183645133860409 ], [ 499380.146785784454551, 4435433.484401021152735 ], [ 498880.747411954274867, 4435756.527107840403914 ], [ 498137.550879982591141, 4434778.615767516195774 ], [ 498124.498902022955008, 4434762.41423038393259 ] ] ] } },
{ "type": "Feature", "properties": { "geoid": "14000US42101034803", "name": "Census Tract 348.03, Philadelphia, PA", "income": 93846.0, "income_moe": 21429.0, "poverty_universe": 3631.0, "below_poverty": 388.0, "universe_moe": 537.0, "below_poverty_moe": 313.0, "poverty_pct": 10.68576149820986 }, "geometry": { "type": "Polygon", "coordinates": [ [ [ 499196.546593061939348, 4434568.212083007209003 ], [ 499203.615264293679502, 4434474.42361275665462 ], [ 499249.389679572428577, 4434239.228252284228802 ], [ 499295.012594497355167, 4434178.955583395436406 ], [ 499296.8029970714706, 4434172.073954856954515 ], [ 499591.027301419992, 4433833.639932727441192 ], [ 499907.291572436923161, 4434113.993496808223426 ], [ 500148.485251553356647, 4434203.564383486285806 ], [ 500679.468302346125711, 4434381.290486069396138 ], [ 500745.902659895655233, 4434411.042408937588334 ], [ 500774.897794727818109, 4434428.359967087395489 ], [ 500816.001602502248716, 4434460.66276441141963 ], [ 500798.090643260627985, 4434472.314955610781908 ], [ 500758.941557819314767, 4434508.161158848553896 ], [ 500707.086136249476112, 4434538.234819359146059 ], [ 500648.409395364637021, 4434557.431092736311257 ], [ 500578.475956625305116, 4434571.632341095246375 ], [ 500515.791053988737985, 4434597.37782874237746 ], [ 500488.243581189075485, 4434614.357692138291895 ], [ 499380.146785784454551, 4435433.484401021152735 ], [ 499342.538798499561381, 4435406.183645133860409 ], [ 499315.163446668128017, 4435378.993138081394136 ], [ 499282.669366048707161, 4435329.937880954705179 ], [ 499259.383529484621249, 4435270.004693432711065 ], [ 499250.596463937370572, 4435232.490423033945262 ], [ 499217.583640588563867, 4435124.83199440408498 ], [ 499204.27382196392864, 4435061.790211571380496 ], [ 499198.63902627985226, 4435000.523507702164352 ], [ 499197.15196786087472, 4434647.570874345488846 ], [ 499196.546593061939348, 4434568.212083007209003 ] ] ] } },
{ "type": "Feature", "properties": { "geoid": "14000US42101034900", "name": "Census Tract 349, Philadelphia, PA", "income": 54144.0, "income_moe": 15818.0, "poverty_universe": 5896.0, "below_poverty": 1464.0, "universe_moe": 697.0, "below_poverty_moe": 889.0, "poverty_pct": 24.830393487109905 }, "geometry": { "type": "Polygon", "coordinates": [ [ [ 498120.043969646212645, 4431923.482576840557158 ], [ 498139.652061256987508, 4431866.761379043571651 ], [ 498616.954620521981269, 4432187.423395074903965 ], [ 498690.387841437070165, 4432079.083186280913651 ], [ 498778.352838844351936, 4432136.006904222071171 ], [ 498930.098063492914662, 4431977.932886177673936 ], [ 499083.584357005776837, 4432055.939468097873032 ], [ 499303.359933924570214, 4432200.648372948169708 ], [ 500318.172340966935735, 4432996.206994198262691 ], [ 500066.361518335586879, 4433291.32609133142978 ], [ 499591.027301419992, 4433833.639932727441192 ], [ 499134.409592124808114, 4433374.285540475510061 ], [ 498804.08614101097919, 4433026.151087724603713 ], [ 498426.895294518035371, 4432654.066665893420577 ], [ 498387.648447445186321, 4432622.66442159563303 ], [ 498334.498142887197901, 4432598.812809059396386 ], [ 498270.090017358073965, 4432587.50611412525177 ], [ 498251.323423105233815, 4432590.174196157604456 ], [ 498239.456216052814852, 4432548.111325741745532 ], [ 498232.444008989608847, 4432474.52588857896626 ], [ 498212.38237465772545, 4432412.708574775606394 ], [ 498161.151592444221023, 4432221.372290487401187 ], [ 498151.677177756442688, 4432200.619272871874273 ], [ 498135.283688658440951, 4432143.57390920817852 ], [ 498115.632937214686535, 4432025.262376946397126 ], [ 498112.72147423698334, 4431981.532660526223481 ], [ 498120.043969646212645, 4431923.482576840557158 ] ] ] } },
{ "type": "Feature", "properties": { "geoid": "14000US42101035100", "name": "Census Tract 351, Philadelphia, PA", "income": 72515.0, "income_moe": 14318.0, "poverty_universe": 3570.0, "below_poverty": 287.0, "universe_moe": 592.0, "below_poverty_moe": 143.0, "poverty_pct": 8.0392156862745097 }, "geometry": { "type": "Polygon", "coordinates": [ [ [ 500318.172340966935735, 4432996.206994198262691 ], [ 500769.80787427717587, 4432477.245038753375411 ], [ 500801.458471959165763, 4432460.155692256055772 ], [ 500827.306406993186101, 4432460.713418177329004 ], [ 501051.359120381413959, 4432195.028636480681598 ], [ 501106.973085235571489, 4432250.532032863236964 ], [ 501222.97904239554191, 4432341.562446652911603 ], [ 501284.477544955676422, 4432393.294410564005375 ], [ 501328.232888316444587, 4432436.144471373409033 ], [ 501379.576568205317017, 4432498.086620670743287 ], [ 501438.847888639371376, 4432586.224510130472481 ], [ 501505.706107083184179, 4432693.676822100766003 ], [ 501566.683181452564895, 4432768.830117637291551 ], [ 501606.511067617859226, 4432810.571088065393269 ], [ 501655.635522462252993, 4432856.753935070708394 ], [ 501715.25199549383251, 4432900.83063409011811 ], [ 501774.35970125842141, 4432928.924963884055614 ], [ 501945.885065052134451, 4432992.453891989775002 ], [ 501992.622935053252149, 4433019.325863800011575 ], [ 502028.952350789681077, 4433051.744894369505346 ], [ 502067.579780516389292, 4433101.701327765360475 ], [ 502150.880954735563137, 4433231.140158740803599 ], [ 501883.052217060350813, 4433543.620259955525398 ], [ 501828.880400842695963, 4433583.674856125377119 ], [ 501751.416178789688274, 4433657.354780510999262 ], [ 501731.877847907016985, 4433684.210182039998472 ], [ 501728.462382288067602, 4433700.636109363287687 ], [ 501703.469296221097466, 4433710.619674991816282 ], [ 501533.393285790283699, 4433720.57264254335314 ], [ 501488.439083249308169, 4433745.64772299490869 ], [ 501478.459862936695572, 4433745.645773641765118 ], [ 501433.419776295486372, 4433775.604779543355107 ], [ 501408.424546292284504, 4433800.573137843050063 ], [ 501372.846883289457764, 4433861.167858624830842 ], [ 501180.89665984059684, 4433602.414964988827705 ], [ 501098.343956144934054, 4433519.603122510015965 ], [ 501009.05006931378739, 4433444.338691997341812 ], [ 500954.722017346939538, 4433401.267082115635276 ], [ 500908.239303864655085, 4433369.517899539321661 ], [ 500601.526147754688282, 4433195.342259800061584 ], [ 500454.562289404100738, 4433099.54667835123837 ], [ 500384.192640669352841, 4433047.487948733381927 ], [ 500318.172340966935735, 4432996.206994198262691 ] ] ] } },
{ "type": "Feature", "properties": { "geoid": "14000US42101035200", "name": "Census Tract 352, Philadelphia, PA", "income": 76287.0, "income_moe": 14318.0, "poverty_universe": 4333.0, "below_poverty": 331.0, "universe_moe": 561.0, "below_poverty_moe": 140.0, "poverty_pct": 7.6390491576275101 }, "geometry": { "type": "Polygon", "coordinates": [ [ [ 500066.361518335586879, 4433291.32609133142978 ], [ 500318.172340966935735, 4432996.206994198262691 ], [ 500430.764613706152886, 4433082.785628956742585 ], [ 500552.225798046449199, 4433164.039008867926896 ], [ 500665.411508690856863, 4433233.417557274922729 ], [ 500908.239303864655085, 4433369.517899539321661 ], [ 501009.05006931378739, 4433444.338691997341812 ], [ 501098.343956144934054, 4433519.603122510015965 ], [ 501180.89665984059684, 4433602.414964988827705 ], [ 501366.707675933139399, 4433851.399518701247871 ], [ 501372.846883289457764, 4433861.167858624830842 ], [ 501358.430092161463108, 4433875.594132502563298 ], [ 501348.446608134836424, 4433900.565392108634114 ], [ 501348.442153884912841, 4433925.649422529153526 ], [ 501324.291501194180455, 4434002.784124003723264 ], [ 501265.429437487735413, 4434076.250333921052516 ], [ 501263.464582398009952, 4434095.562496055848897 ], [ 501266.362671641807538, 4434105.885171637870371 ], [ 501340.124669798475225, 4434176.710298773832619 ], [ 501373.640684044046793, 4434187.926412931643426 ], [ 501423.443410864158068, 4434215.572429333813488 ], [ 501448.428750275343191, 4434235.555596179328859 ], [ 501458.407326771994121, 4434235.557506242766976 ], [ 501503.431906811252702, 4434270.639553876593709 ], [ 501548.454056261281949, 4434315.600101047195494 ], [ 501573.434597388783004, 4434355.562127382494509 ], [ 501668.421912661055103, 4434450.591023370623589 ], [ 501658.951688302331604, 4434467.237655999138951 ], [ 501633.872587877151091, 4434492.76023698784411 ], [ 501627.471617905248422, 4434514.513175169937313 ], [ 501625.249153362470679, 4434538.26485797110945 ], [ 501628.226556762238033, 4434573.338778874836862 ], [ 501617.896671323804185, 4434623.171713188290596 ], [ 501621.643914839660283, 4434647.479632657021284 ], [ 501634.940289112739265, 4434683.110730474814773 ], [ 501637.152928621973842, 4434704.865526742301881 ], [ 501628.450813746836502, 4434720.624438053928316 ], [ 501628.444385610870086, 4434750.592123556882143 ], [ 501608.394816125801299, 4434790.65575874876231 ], [ 501608.472689178131986, 4434825.618080516345799 ], [ 501618.447295806952752, 4434840.604046168737113 ], [ 501631.138589229085483, 4434912.529226802289486 ], [ 501618.335491046542302, 4434965.02545097284019 ], [ 501464.842052521998994, 4434921.596616295166314 ], [ 501387.24377643072512, 4434889.505507162772119 ], [ 501349.894928863504902, 4434869.076346058398485 ], [ 501230.089851473167073, 4434788.032232051715255 ], [ 500793.232579673407599, 4434442.235782518051565 ], [ 500745.902659895655233, 4434411.042408937588334 ], [ 500679.468302346125711, 4434381.290486069396138 ], [ 500148.485251553356647, 4434203.564383486285806 ], [ 499907.291572436923161, 4434113.993496808223426 ], [ 499591.027301419992, 4433833.639932727441192 ], [ 500066.361518335586879, 4433291.32609133142978 ] ] ] } },
{ "type": "Feature", "properties": { "geoid": "14000US42101035301", "name": "Census Tract 353.01, Philadelphia, PA", "income": 84553.0, "income_moe": 7291.0, "poverty_universe": 4735.0, "below_poverty": 219.0, "universe_moe": 641.0, "below_poverty_moe": 185.0, "poverty_pct": 4.625131995776135 }, "geometry": { "type": "Polygon", "coordinates": [ [ [ 500115.211433496675454, 4434978.283789723180234 ], [ 500147.61804364179261, 4434940.769235371612012 ], [ 500137.726891568046995, 4434873.619218295440078 ], [ 500467.860101011930965, 4434629.118265844881535 ], [ 500515.791053988737985, 4434597.37782874237746 ], [ 500578.475956625305116, 4434571.632341095246375 ], [ 500648.409395364637021, 4434557.431092736311257 ], [ 500707.086136249476112, 4434538.234819359146059 ], [ 500758.941557819314767, 4434508.161158848553896 ], [ 500798.090643260627985, 4434472.314955610781908 ], [ 500816.001602502248716, 4434460.66276441141963 ], [ 501230.089851473167073, 4434788.032232051715255 ], [ 501349.894928863504902, 4434869.076346058398485 ], [ 501387.24377643072512, 4434889.505507162772119 ], [ 501504.750023859203793, 4434935.367363672703505 ], [ 501499.192063309834339, 4435010.396499775350094 ], [ 501499.78050280478783, 4435053.461311516351998 ], [ 501503.950934206775855, 4435094.75097113288939 ], [ 501509.231243377842475, 4435129.381366262212396 ], [ 501549.53211538650794, 4435301.426334861665964 ], [ 501558.220117512275465, 4435350.375380189158022 ], [ 501564.947668676148169, 4435394.662389818578959 ], [ 501590.552722498367075, 4435692.458101311698556 ], [ 501605.378257814154495, 4435747.069091582670808 ], [ 501434.721872222784441, 4435911.635484858416021 ], [ 501393.530874899763148, 4435946.923150136135519 ], [ 501287.44472259253962, 4436023.932614106684923 ], [ 501279.26119700766867, 4436011.500165066681802 ], [ 501269.371261590276845, 4436005.282971863634884 ], [ 501259.482765233784448, 4435990.297451631166041 ], [ 501229.984447151015047, 4435964.653543131425977 ], [ 501207.651183717127424, 4435921.69619185756892 ], [ 501199.5551238959888, 4435893.836007922887802 ], [ 501190.433795840712264, 4435878.628718424588442 ], [ 501166.47554262826452, 4435864.307078244164586 ], [ 501128.024564549152274, 4435829.338904557749629 ], [ 501117.110923749860376, 4435823.898700921796262 ], [ 501100.995025182375684, 4435824.118329024873674 ], [ 501073.194839732605033, 4435841.429039439186454 ], [ 501003.103744089312386, 4435841.641434553079307 ], [ 500994.662512337323278, 4435838.643549762666225 ], [ 500963.53902890504105, 4435841.081350025720894 ], [ 500899.417719377437606, 4435833.193074845708907 ], [ 500810.484848113788757, 4435807.654984389431775 ], [ 500631.763244402012788, 4435773.008619797416031 ], [ 500568.153905658225995, 4435748.141471724957228 ], [ 500552.8914517237572, 4435736.153251500800252 ], [ 500550.50437144638272, 4435729.493581967428327 ], [ 500549.312195425038226, 4435707.295176063664258 ], [ 500554.088831250788644, 4435686.873070010915399 ], [ 500552.128703917667735, 4435671.778070802800357 ], [ 500545.222220176015981, 4435665.451050932519138 ], [ 500538.401460456021596, 4435652.57553987391293 ], [ 500516.828804863151163, 4435639.033066804520786 ], [ 500512.48043780826265, 4435632.151293782517314 ], [ 500508.301951444882434, 4435635.0367939369753 ], [ 500503.95384705637116, 4435624.04833734408021 ], [ 500499.095042605942581, 4435598.741936269216239 ], [ 500501.397890776221175, 4435590.972677726298571 ], [ 500500.289979902212508, 4435581.538320773281157 ], [ 500495.942319172201678, 4435563.113434451632202 ], [ 500497.478511266061105, 4435543.357035727240145 ], [ 500490.658299832546618, 4435519.04943900834769 ], [ 500467.551562939246651, 4435484.529605276882648 ], [ 500468.575687965494581, 4435470.76671552285552 ], [ 500459.622650911798701, 4435460.221970484592021 ], [ 500441.035011057800148, 4435427.145385808311403 ], [ 500433.531061865622178, 4435424.925122551620007 ], [ 500409.998062024184037, 4435378.307367044501007 ], [ 500409.48779440758517, 4435352.779286174103618 ], [ 500402.752751982712653, 4435321.923280108720064 ], [ 500395.846195772755891, 4435308.492941958829761 ], [ 500382.03249607764883, 4435291.843505403026938 ], [ 500374.273484417179134, 4435271.087704314850271 ], [ 500375.468091397196986, 4435255.881925282999873 ], [ 500370.522680425608996, 4435244.22757307253778 ], [ 500341.104298435675446, 4435206.045114005915821 ], [ 500323.709820467571262, 4435162.868656939826906 ], [ 500306.228721261781175, 4435148.10606212541461 ], [ 500225.472255633270834, 4435128.124764417298138 ], [ 500194.943235821789131, 4435123.129301747307181 ], [ 500147.273404513252899, 4435122.351286740973592 ], [ 500109.581755501742009, 4435067.520853484980762 ], [ 500101.05477996513946, 4435008.362276813946664 ], [ 500115.211433496675454, 4434978.283789723180234 ] ] ] } },
{ "type": "Feature", "properties": { "geoid": "14000US42101035302", "name": "Census Tract 353.02, Philadelphia, PA", "income": 75438.0, "income_moe": 20204.0, "poverty_universe": 4662.0, "below_poverty": 519.0, "universe_moe": 1033.0, "below_poverty_moe": 332.0, "poverty_pct": 11.132561132561133 }, "geometry": { "type": "Polygon", "coordinates": [ [ [ 499380.146785784454551, 4435433.484401021152735 ], [ 500137.726891568046995, 4434873.619218295440078 ], [ 500148.300341127440333, 4434937.439504809677601 ], [ 500144.547900454199407, 4434945.874783578328788 ], [ 500115.211433496675454, 4434978.283789723180234 ], [ 500102.078192643006332, 4435002.923708303831518 ], [ 500111.031428143382072, 4435070.739627602510154 ], [ 500147.273404513252899, 4435122.351286740973592 ], [ 500194.943235821789131, 4435123.129301747307181 ], [ 500225.472255633270834, 4435128.124764417298138 ], [ 500306.228721261781175, 4435148.10606212541461 ], [ 500323.709820467571262, 4435162.868656939826906 ], [ 500341.104298435675446, 4435206.045114005915821 ], [ 500370.522680425608996, 4435244.22757307253778 ], [ 500375.468091397196986, 4435255.881925282999873 ], [ 500374.273484417179134, 4435271.087704314850271 ], [ 500382.03249607764883, 4435291.843505403026938 ], [ 500402.752751982712653, 4435321.923280108720064 ], [ 500409.48779440758517, 4435352.779286174103618 ], [ 500409.998062024184037, 4435378.307367044501007 ], [ 500433.531061865622178, 4435424.925122551620007 ], [ 500441.035011057800148, 4435427.145385808311403 ], [ 500468.575687965494581, 4435470.76671552285552 ], [ 500467.551562939246651, 4435484.529605276882648 ], [ 500490.658299832546618, 4435519.04943900834769 ], [ 500497.478511266061105, 4435543.357035727240145 ], [ 500495.942319172201678, 4435563.113434451632202 ], [ 500503.95384705637116, 4435624.04833734408021 ], [ 500508.301951444882434, 4435635.0367939369753 ], [ 500512.48043780826265, 4435632.151293782517314 ], [ 500516.828804863151163, 4435639.033066804520786 ], [ 500538.401460456021596, 4435652.57553987391293 ], [ 500552.128703917667735, 4435671.778070802800357 ], [ 500554.088831250788644, 4435686.873070010915399 ], [ 500548.71436342864763, 4435720.281149643473327 ], [ 500556.387258084956557, 4435739.816229811869562 ], [ 500568.153905658225995, 4435748.141471724957228 ], [ 500631.763244402012788, 4435773.008619797416031 ], [ 500810.484848113788757, 4435807.654984389431775 ], [ 500899.417719377437606, 4435833.193074845708907 ], [ 500963.53902890504105, 4435841.081350025720894 ], [ 501073.194839732605033, 4435841.429039439186454 ], [ 501100.995025182375684, 4435824.118329024873674 ], [ 501117.110923749860376, 4435823.898700921796262 ], [ 501128.024564549152274, 4435829.338904557749629 ], [ 501166.47554262826452, 4435864.307078244164586 ], [ 501190.433795840712264, 4435878.628718424588442 ], [ 501199.5551238959888, 4435893.836007922887802 ], [ 501207.651183717127424, 4435921.69619185756892 ], [ 501229.984447151015047, 4435964.653543131425977 ], [ 501259.482765233784448, 4435990.297451631166041 ], [ 501287.44472259253962, 4436023.932614106684923 ], [ 501215.130582380283158, 4436072.757019535638392 ], [ 501118.17601758253295, 4436118.470679835416377 ], [ 501075.87910155771533, 4436154.203883498907089 ], [ 500950.605563341756351, 4436302.91601718775928 ], [ 500481.87768137519015, 4436823.090075775980949 ], [ 500235.914346361591015, 4436639.054081629030406 ], [ 500188.681654264277313, 4436585.443743894807994 ], [ 499875.08523166552186, 4436097.966858287341893 ], [ 499849.078186936618295, 4436052.793725837953389 ], [ 499833.558886519575026, 4436016.94374683406204 ], [ 499821.279479176155291, 4435975.988109038211405 ], [ 499808.061099889804609, 4435899.737178611569107 ], [ 499789.811812622181606, 4435832.032772360369563 ], [ 499740.778906493855175, 4435738.135387893766165 ], [ 499692.513585560314823, 4435677.757762064225972 ], [ 499639.387582879746333, 4435629.145785744301975 ], [ 499587.88158946641488, 4435590.190363731235266 ], [ 499380.146785784454551, 4435433.484401021152735 ] ] ] } },
{ "type": "Feature", "properties": { "geoid": "14000US42101035500", "name": "Census Tract 355, Philadelphia, PA", "income": 59803.0, "income_moe": 19757.0, "poverty_universe": 7818.0, "below_poverty": 1137.0, "universe_moe": 1215.0, "below_poverty_moe": 446.0, "poverty_pct": 14.543361473522641 }, "geometry": { "type": "Polygon", "coordinates": [ [ [ 496498.994624704122543, 4437432.894957847893238 ], [ 496613.681017637311015, 4437294.990940406918526 ], [ 496665.99543842789717, 4437225.153868197463453 ], [ 496726.23007379041519, 4437133.559336952865124 ], [ 496803.175733784097247, 4437243.075501524843276 ], [ 497401.259163431881461, 4436839.28069362975657 ], [ 497531.587357445445377, 4436744.339183990843594 ], [ 498676.370530323532876, 4438285.95273669064045 ], [ 498138.298665252281353, 4438867.442365400493145 ], [ 498100.033132448443212, 4438887.208461176604033 ], [ 497960.601868087484036, 4438934.527344464324415 ], [ 496463.112724613223691, 4437451.780231367796659 ], [ 496498.994624704122543, 4437432.894957847893238 ] ] ] } },
{ "type": "Feature", "properties": { "geoid": "14000US42101035601", "name": "Census Tract 356.01, Philadelphia, PA", "income": 58165.0, "income_moe": 21011.0, "poverty_universe": 5395.0, "below_poverty": 366.0, "universe_moe": 776.0, "below_poverty_moe": 189.0, "poverty_pct": 6.784059314179796 }, "geometry": { "type": "Polygon", "coordinates": [ [ [ 495951.27155023557134, 4437940.40086723677814 ], [ 496105.41080921003595, 4437638.754907343536615 ], [ 496367.653508358402178, 4437497.221043655648828 ], [ 496463.112724613223691, 4437451.780231367796659 ], [ 497960.601868087484036, 4438934.527344464324415 ], [ 497701.517023959429935, 4439023.839171108789742 ], [ 497644.590194915304892, 4439052.603619433008134 ], [ 497187.624151280149817, 4439424.028356396593153 ], [ 496849.092172645265236, 4439210.279460241086781 ], [ 496713.199034794757608, 4439130.08978542406112 ], [ 496284.093878108775243, 4438859.799985664896667 ], [ 495984.055050629540347, 4438677.259874975308776 ], [ 496016.09173734090291, 4438329.060706558637321 ], [ 495993.000133009452838, 4438184.228217156603932 ], [ 495968.040067304857075, 4438054.047771819867194 ], [ 495945.144684407510795, 4437960.604688472114503 ], [ 495951.27155023557134, 4437940.40086723677814 ] ] ] } },
{ "type": "Feature", "properties": { "geoid": "14000US42101035602", "name": "Census Tract 356.02, Philadelphia, PA", "income": 114107.0, "income_moe": 18962.0, "poverty_universe": 3395.0, "below_poverty": 163.0, "universe_moe": 465.0, "below_poverty_moe": 75.0, "poverty_pct": 4.8011782032400587 }, "geometry": { "type": "Polygon", "coordinates": [ [ [ 495397.003569273860194, 4439761.543871357105672 ], [ 495414.01100937690353, 4439699.488843689672649 ], [ 495466.602693484222982, 4439569.485196558758616 ], [ 495478.092918490234297, 4439543.617125324904919 ], [ 495536.411627062305342, 4439438.250870458781719 ], [ 495578.542068225913681, 4439339.332060103304684 ], [ 495601.101581251714379, 4439293.923099300824106 ], [ 495677.737526022945531, 4439169.012737155891955 ], [ 495765.989749167580158, 4439083.609910739585757 ], [ 495787.623883832187857, 4439056.73774238396436 ], [ 495870.045451293757651, 4438902.857203836552799 ], [ 495984.055050629540347, 4438677.259874975308776 ], [ 496284.093878108775243, 4438859.799985664896667 ], [ 496713.199034794757608, 4439130.08978542406112 ], [ 496849.092172645265236, 4439210.279460241086781 ], [ 497187.624151280149817, 4439424.028356396593153 ], [ 496998.221720199100673, 4439577.936282094568014 ], [ 496962.093323184060864, 4439597.485318175517023 ], [ 496926.388364559505135, 4439609.930848745629191 ], [ 496779.8028278638958, 4439619.870019610971212 ], [ 496689.644798981258646, 4439646.436017508618534 ], [ 496636.987330868898425, 4439674.207273916341364 ], [ 495926.06860668619629, 4440216.19878645427525 ], [ 495863.291134404367767, 4440270.286102027632296 ], [ 495370.535844627709594, 4439822.494792385026813 ], [ 495397.003569273860194, 4439761.543871357105672 ] ] ] } },
{ "type": "Feature", "properties": { "geoid": "14000US42101035701", "name": "Census Tract 357.01, Philadelphia, PA", "income": 71069.0, "income_moe": 21482.0, "poverty_universe": 5069.0, "below_poverty": 745.0, "universe_moe": 654.0, "below_poverty_moe": 569.0, "poverty_pct": 14.697178930755573 }, "geometry": { "type": "Polygon", "coordinates": [ [ [ 497111.028062284865882, 4439488.32168154232204 ], [ 497538.247636954998598, 4439138.989332790486515 ], [ 497579.791315844515339, 4439250.967098917812109 ], [ 497638.227095605805516, 4439420.433813078328967 ], [ 497758.165194806060754, 4439780.567345073446631 ], [ 497819.558501339692157, 4439890.209848212078214 ], [ 497889.565263540425804, 4440027.820535282604396 ], [ 498036.472911344782915, 4440299.268402027897537 ], [ 497705.985501921735704, 4440551.869002329185605 ], [ 497679.488392542407382, 4440568.41494492534548 ], [ 497608.68379438330885, 4440599.292860144749284 ], [ 497509.161987900035456, 4440629.292884546332061 ], [ 497500.119371474953368, 4440599.549883291125298 ], [ 497490.227540713036433, 4440578.908556475304067 ], [ 497473.432796357257757, 4440557.159617136232555 ], [ 497429.704146478208713, 4440519.214906566776335 ], [ 497437.197593198448885, 4440502.67449470423162 ], [ 497447.240134065854363, 4440464.045736840926111 ], [ 497469.483397127653006, 4440468.92194352298975 ], [ 497518.567620048765093, 4440466.685862922109663 ], [ 497540.12437427014811, 4440457.022493065334857 ], [ 497561.850260756444186, 4440443.141417984850705 ], [ 497590.134858388686553, 4440419.490983564406633 ], [ 497482.545118194888346, 4440283.227277355268598 ], [ 497476.232072947139386, 4440262.695783040486276 ], [ 497484.575564658851363, 4440238.607659038156271 ], [ 497537.653727896919008, 4440196.746096228249371 ], [ 497564.403030126006342, 4440166.325539222918451 ], [ 497522.890680814220104, 4440135.594105121679604 ], [ 497455.961303795978893, 4440042.826656274497509 ], [ 497131.87483586644521, 4439623.502362838946283 ], [ 497123.432069400965702, 4439609.409541172906756 ], [ 497125.982933418184984, 4439593.758660876192153 ], [ 497167.21788173384266, 4439554.118893388658762 ], [ 497111.028062284865882, 4439488.32168154232204 ] ] ] } },
{ "type": "Feature", "properties": { "geoid": "14000US42101035702", "name": "Census Tract 357.02, Philadelphia, PA", "income": 57292.0, "income_moe": 22705.0, "poverty_universe": 4679.0, "below_poverty": 742.0, "universe_moe": 913.0, "below_poverty_moe": 350.0, "poverty_pct": 15.858089335328062 }, "geometry": { "type": "Polygon", "coordinates": [ [ [ 495926.06860668619629, 4440216.19878645427525 ], [ 496636.987330868898425, 4439674.207273916341364 ], [ 496689.644798981258646, 4439646.436017508618534 ], [ 496779.8028278638958, 4439619.870019610971212 ], [ 496926.388364559505135, 4439609.930848745629191 ], [ 496962.093323184060864, 4439597.485318175517023 ], [ 496998.221720199100673, 4439577.936282094568014 ], [ 497111.028062284865882, 4439488.32168154232204 ], [ 497167.21788173384266, 4439554.118893388658762 ], [ 497125.982933418184984, 4439593.758660876192153 ], [ 497123.432069400965702, 4439609.409541172906756 ], [ 497131.87483586644521, 4439623.502362838946283 ], [ 497455.961303795978893, 4440042.826656274497509 ], [ 497522.890680814220104, 4440135.594105121679604 ], [ 497564.403030126006342, 4440166.325539222918451 ], [ 497537.653727896919008, 4440196.746096228249371 ], [ 497484.575564658851363, 4440238.607659038156271 ], [ 497476.232072947139386, 4440262.695783040486276 ], [ 497482.545118194888346, 4440283.227277355268598 ], [ 497590.134858388686553, 4440419.490983564406633 ], [ 497561.850260756444186, 4440443.141417984850705 ], [ 497518.567620048765093, 4440466.685862922109663 ], [ 497469.483397127653006, 4440468.92194352298975 ], [ 497447.240134065854363, 4440464.045736840926111 ], [ 497437.197593198448885, 4440502.67449470423162 ], [ 497429.704146478208713, 4440519.214906566776335 ], [ 497473.432796357257757, 4440557.159617136232555 ], [ 497490.227540713036433, 4440578.908556475304067 ], [ 497500.119371474953368, 4440599.549883291125298 ], [ 497509.161987900035456, 4440629.292884546332061 ], [ 497438.530957249808125, 4440665.721959952265024 ], [ 496902.791162132227328, 4441095.352033733390272 ], [ 496898.532167254830711, 4441099.016530173830688 ], [ 496890.275468235020526, 4441120.108499709516764 ], [ 496790.227775025821757, 4441092.735064351931214 ], [ 496775.489766346348915, 4441100.510801183991134 ], [ 495863.291134404367767, 4440270.286102027632296 ], [ 495926.06860668619629, 4440216.19878645427525 ] ] ] } },
{ "type": "Feature", "properties": { "geoid": "14000US42101035800", "name": "Census Tract 358, Philadelphia, PA", "income": 69298.0, "income_moe": 13857.0, "poverty_universe": 6035.0, "below_poverty": 706.0, "universe_moe": 1061.0, "below_poverty_moe": 384.0, "poverty_pct": 11.698425849212924 }, "geometry": { "type": "Polygon", "coordinates": [ [ [ 496790.227775025821757, 4441092.735064351931214 ], [ 496890.275468235020526, 4441120.108499709516764 ], [ 496898.532167254830711, 4441099.016530173830688 ], [ 496902.791162132227328, 4441095.352033733390272 ], [ 497438.530957249808125, 4440665.721959952265024 ], [ 497509.161987900035456, 4440629.292884546332061 ], [ 497608.68379438330885, 4440599.292860144749284 ], [ 497679.488392542407382, 4440568.41494492534548 ], [ 497705.985501921735704, 4440551.869002329185605 ], [ 498036.472911344782915, 4440299.268402027897537 ], [ 498129.402124039654154, 4440464.068626676686108 ], [ 498427.234012585307937, 4440867.569542435929179 ], [ 498619.465383865055628, 4441291.856520309112966 ], [ 498689.197078248369507, 4441475.758842652663589 ], [ 498287.436707943270449, 4441782.06767266150564 ], [ 497879.322001823282335, 4442099.388030903413892 ], [ 497858.870136484329123, 4442084.520761636085808 ], [ 497802.963301699899603, 4442027.819499933160841 ], [ 496775.489766346348915, 4441100.510801183991134 ], [ 496790.227775025821757, 4441092.735064351931214 ] ] ] } },
{ "type": "Feature", "properties": { "geoid": "14000US42101035900", "name": "Census Tract 359, Philadelphia, PA", "income": 42269.0, "income_moe": 18167.0, "poverty_universe": 4640.0, "below_poverty": 560.0, "universe_moe": 715.0, "below_poverty_moe": 249.0, "poverty_pct": 12.068965517241379 }, "geometry": { "type": "Polygon", "coordinates": [ [ [ 497538.247636954998598, 4439138.989332790486515 ], [ 497644.590194915304892, 4439052.603619433008134 ], [ 497701.517023959429935, 4439023.839171108789742 ], [ 497960.601868087484036, 4438934.527344464324415 ], [ 499540.597421914746519, 4440499.258257232606411 ], [ 499424.047008321911562, 4440839.569086618721485 ], [ 499404.284028932626825, 4440920.706126022152603 ], [ 498689.197078248369507, 4441475.758842652663589 ], [ 498619.465383865055628, 4441291.856520309112966 ], [ 498427.234012585307937, 4440867.569542435929179 ], [ 498129.402124039654154, 4440464.068626676686108 ], [ 498036.472911344782915, 4440299.268402027897537 ], [ 497758.165194806060754, 4439780.567345073446631 ], [ 497579.791315844515339, 4439250.967098917812109 ], [ 497538.247636954998598, 4439138.989332790486515 ] ] ] } },
{ "type": "Feature", "properties": { "geoid": "14000US42101036000", "name": "Census Tract 360, Philadelphia, PA", "income": 49219.0, "income_moe": 14275.0, "poverty_universe": 2825.0, "below_poverty": 528.0, "universe_moe": 394.0, "below_poverty_moe": 210.0, "poverty_pct": 18.690265486725664 }, "geometry": { "type": "Polygon", "coordinates": [ [ [ 498100.033132448443212, 4438887.208461176604033 ], [ 498138.298665252281353, 4438867.442365400493145 ], [ 498676.370530323532876, 4438285.95273669064045 ], [ 498793.346123698574957, 4438438.658292973414063 ], [ 498915.172080986201763, 4438566.946731948293746 ], [ 500245.106755178770982, 4439761.038102395832539 ], [ 500051.133445410756394, 4439980.799097488634288 ], [ 499918.273220231407322, 4440120.87170778401196 ], [ 499794.27565044775838, 4440074.590247118845582 ], [ 499749.108332603180315, 4440074.591607755050063 ], [ 499697.122734203934669, 4440060.275493807159364 ], [ 499540.597421914746519, 4440499.258257232606411 ], [ 497960.601868087484036, 4438934.527344464324415 ], [ 498100.033132448443212, 4438887.208461176604033 ] ] ] } },
{ "type": "Feature", "properties": { "geoid": "14000US42101036100", "name": "Census Tract 361, Philadelphia, PA", "income": 84932.0, "income_moe": 47735.0, "poverty_universe": 3916.0, "below_poverty": 165.0, "universe_moe": 577.0, "below_poverty_moe": 111.0, "poverty_pct": 4.213483146067416 }, "geometry": { "type": "Polygon", "coordinates": [ [ [ 499883.576693923736457, 4439362.572811048477888 ], [ 499885.792508464248385, 4439352.694469127804041 ], [ 500084.379518892732449, 4439142.25285196211189 ], [ 500108.074392119073309, 4439112.618238720111549 ], [ 500156.40264247142477, 4439034.591580589301884 ], [ 500386.630914648296311, 4438763.77898464910686 ], [ 500744.65943201869959, 4438387.764483782462776 ], [ 500929.656098569685128, 4438182.449627248570323 ], [ 501348.617753566650208, 4437736.10278080124408 ], [ 501405.124111564189661, 4437805.372019920498133 ], [ 501501.597326830611564, 4437937.914924932643771 ], [ 501703.067848667153157, 4438158.609601279720664 ], [ 501016.59177996503422, 4438906.24019324593246 ], [ 500245.106755178770982, 4439761.038102395832539 ], [ 499846.928896036290098, 4439403.529595923610032 ], [ 499883.576693923736457, 4439362.572811048477888 ] ] ] } },
{ "type": "Feature", "properties": { "geoid": "14000US42101036201", "name": "Census Tract 362.01, Philadelphia, PA", "income": 87817.0, "income_moe": 31791.0, "poverty_universe": 5100.0, "below_poverty": 682.0, "universe_moe": 1432.0, "below_poverty_moe": 468.0, "poverty_pct": 13.372549019607844 }, "geometry": { "type": "Polygon", "coordinates": [ [ [ 500950.605563341756351, 4436302.91601718775928 ], [ 501075.87910155771533, 4436154.203883498907089 ], [ 501118.17601758253295, 4436118.470679835416377 ], [ 501145.122262462915387, 4436103.601814791560173 ], [ 501215.130582380283158, 4436072.757019535638392 ], [ 501310.469561303500086, 4436007.842765701934695 ], [ 501360.594836168398615, 4436073.447656548582017 ], [ 501413.019100391597021, 4436151.484380976296961 ], [ 501437.481854434648994, 4436195.996639504097402 ], [ 501461.261137019784655, 4436246.05843310803175 ], [ 501493.21857489424292, 4436330.973305646330118 ], [ 501512.387893351609819, 4436406.007501376792789 ], [ 501528.316863290790934, 4436481.152092854492366 ], [ 501559.824189428298268, 4436673.396217835135758 ], [ 501559.982407864532433, 4436733.220816063694656 ], [ 501550.578951168630738, 4436855.420847859233618 ], [ 501551.081782537628897, 4436898.041803021915257 ], [ 501561.295498599065468, 4436981.28775864187628 ], [ 501573.305610051553231, 4437034.344332670792937 ], [ 501594.691729822428897, 4437096.282242607325315 ], [ 501670.619471177400555, 4437252.131148735061288 ], [ 501679.822011626674794, 4437273.776595855131745 ], [ 501689.702465609705541, 4437313.624873896129429 ], [ 501690.888230343407486, 4437348.476589317433536 ], [ 501687.388355158967897, 4437368.89831726718694 ], [ 501659.487519276037347, 4437476.332319616340101 ], [ 501653.767285676149186, 4437515.067247232422233 ], [ 501577.892821723653469, 4437523.930436947382987 ], [ 501537.395367324992549, 4437542.124794785864651 ], [ 501520.93974708992755, 4437554.108604514040053 ], [ 501348.617753566650208, 4437736.10278080124408 ], [ 501327.564868269604631, 4437717.341427215375006 ], [ 501307.96184244932374, 4437694.251696755178273 ], [ 501275.916542091465089, 4437646.741688476875424 ], [ 501206.378710952936672, 4437489.121782256290317 ], [ 501124.049419140443206, 4437336.495281704701483 ], [ 501102.740531761257444, 4437307.967241478152573 ], [ 501053.89821390947327, 4437255.128168113529682 ], [ 500983.829649084422272, 4437182.308097418397665 ], [ 500956.977662674617022, 4437158.663398277014494 ], [ 500931.062667013204191, 4437140.235526749864221 ], [ 500810.776382496929727, 4437069.186940396204591 ], [ 500481.87768137519015, 4436823.090075775980949 ], [ 500950.605563341756351, 4436302.91601718775928 ] ] ] } },
{ "type": "Feature", "properties": { "geoid": "14000US42101036202", "name": "Census Tract 362.02, Philadelphia, PA", "income": 98463.0, "income_moe": 5251.0, "poverty_universe": 5455.0, "below_poverty": 279.0, "universe_moe": 695.0, "below_poverty_moe": 215.0, "poverty_pct": 5.1145737855178739 }, "geometry": { "type": "Polygon", "coordinates": [ [ [ 501310.469561303500086, 4436007.842765701934695 ], [ 501393.530874899763148, 4435946.923150136135519 ], [ 501434.721872222784441, 4435911.635484858416021 ], [ 501605.378257814154495, 4435747.069091582670808 ], [ 501804.695363513601478, 4436291.305962847545743 ], [ 501854.707444059022237, 4436446.040476502850652 ], [ 501902.666834892763291, 4436618.311541339382529 ], [ 501923.203151096357033, 4436663.268384001217782 ], [ 501939.650697952951305, 4436692.907374087721109 ], [ 502061.52988956583431, 4436846.441155846230686 ], [ 502391.728227998944931, 4437401.719318496994674 ], [ 502420.189980658702552, 4437440.02055352088064 ], [ 502112.523551114136353, 4437730.394509171135724 ], [ 501944.287645161326509, 4437894.839613103307784 ], [ 501703.067848667153157, 4438158.609601279720664 ], [ 501501.597326830611564, 4437937.914924932643771 ], [ 501405.124111564189661, 4437805.372019920498133 ], [ 501348.617753566650208, 4437736.10278080124408 ], [ 501520.93974708992755, 4437554.108604514040053 ], [ 501537.395367324992549, 4437542.124794785864651 ], [ 501577.892821723653469, 4437523.930436947382987 ], [ 501653.767285676149186, 4437515.067247232422233 ], [ 501659.487519276037347, 4437476.332319616340101 ], [ 501687.388355158967897, 4437368.89831726718694 ], [ 501691.574132346606348, 4437331.051016409881413 ], [ 501686.466921516286675, 4437295.421485838480294 ], [ 501679.822011626674794, 4437273.776595855131745 ], [ 501594.691729822428897, 4437096.282242607325315 ], [ 501573.305610051553231, 4437034.344332670792937 ], [ 501561.295498599065468, 4436981.28775864187628 ], [ 501551.081782537628897, 4436898.041803021915257 ], [ 501550.578951168630738, 4436855.420847859233618 ], [ 501559.982407864532433, 4436733.220816063694656 ], [ 501559.824189428298268, 4436673.396217835135758 ], [ 501528.316863290790934, 4436481.152092854492366 ], [ 501493.21857489424292, 4436330.973305646330118 ], [ 501461.261137019784655, 4436246.05843310803175 ], [ 501437.481854434648994, 4436195.996639504097402 ], [ 501413.019100391597021, 4436151.484380976296961 ], [ 501337.066765454539564, 4436042.58779307641089 ], [ 501310.469561303500086, 4436007.842765701934695 ] ] ] } },
{ "type": "Feature", "properties": { "geoid": "14000US42101036203", "name": "Census Tract 362.03, Philadelphia, PA", "income": 77656.0, "income_moe": 14480.0, "poverty_universe": 4722.0, "below_poverty": 390.0, "universe_moe": 476.0, "below_poverty_moe": 236.0, "poverty_pct": 8.2592121982210926 }, "geometry": { "type": "Polygon", "coordinates": [ [ [ 501504.750023859203793, 4434935.367363672703505 ], [ 501618.335491046542302, 4434965.02545097284019 ], [ 501621.221481960848905, 4435028.180217769928277 ], [ 501634.08427896304056, 4435094.111920422874391 ], [ 501706.387881852453575, 4435145.627885529771447 ], [ 501718.8344429632416, 4435162.612394124269485 ], [ 501724.28730232961243, 4435183.924000630155206 ], [ 501755.661622594576329, 4435215.785757020115852 ], [ 501782.945526497671381, 4435234.549683363176882 ], [ 501862.500427899532951, 4435264.647489886730909 ], [ 501907.859474621596746, 4435294.404485191218555 ], [ 501943.411739844363183, 4435323.493286683224142 ], [ 501950.743030043959152, 4435332.596473441459239 ], [ 501952.528258832113352, 4435354.129291378892958 ], [ 501969.745942467474379, 4435383.990465726703405 ], [ 501973.237505238736048, 4435401.972003666684031 ], [ 501986.95878351374995, 4435431.832311230711639 ], [ 502022.000768707599491, 4435452.264012329280376 ], [ 502046.977617486845702, 4435482.793387202546 ], [ 502123.454087672638707, 4435530.651764869689941 ], [ 502123.272240448917728, 4435571.052648515440524 ], [ 502128.382489695504773, 4435592.697438695468009 ], [ 502140.485848569252994, 4435611.236437597312033 ], [ 502238.873311046510935, 4435665.095746695064008 ], [ 502248.505636974179652, 4435676.19775434397161 ], [ 502250.972663393011317, 4435695.843999381177127 ], [ 502261.881773048604373, 4435714.382841072045267 ], [ 502307.834671507298481, 4435740.146729345433414 ], [ 502349.606220621382818, 4435775.010914181359112 ], [ 502357.786145199730527, 4435794.215001549571753 ], [ 502369.442627121636178, 4435875.686488403007388 ], [ 502392.373570835276041, 4435895.67217761464417 ], [ 502419.401792220422067, 4435901.452311612665653 ], [ 502467.480211652407888, 4435941.091809308156371 ], [ 502469.692623794369865, 4435955.077476992271841 ], [ 502467.386463305156212, 4435967.17481701169163 ], [ 502438.214555220794864, 4435999.57495194952935 ], [ 502431.47236794733908, 4436018.552362731657922 ], [ 502433.004041583859362, 4436028.32012003287673 ], [ 502446.469904961355496, 4436047.858982537873089 ], [ 502448.852535049954895, 4436062.843626382760704 ], [ 502442.432079622638412, 4436141.97862306330353 ], [ 502447.196212952083442, 4436175.277664078399539 ], [ 502486.575201278203167, 4436216.579376016743481 ], [ 502498.937124645919539, 4436221.02310490142554 ], [ 502536.625373533694074, 4436217.261892262846231 ], [ 502579.333377512171865, 4436245.579172976315022 ], [ 502602.270262875477783, 4436243.367170237004757 ], [ 502623.675356530293357, 4436232.608345930464566 ], [ 502663.496121026400942, 4436226.295691856183112 ], [ 502748.333693355147261, 4436228.323795384727418 ], [ 502808.357504754618276, 4436235.005274935625494 ], [ 502823.787863698613364, 4436241.78149541746825 ], [ 502841.50420651450986, 4436291.623386988416314 ], [ 502853.774107910285238, 4436313.160384750925004 ], [ 502864.768634235544596, 4436325.040641724132001 ], [ 502880.539476373232901, 4436332.705041108652949 ], [ 502905.43541885796003, 4436335.26734266243875 ], [ 502997.696245169849135, 4436320.541331466287374 ], [ 502913.659484439471271, 4436678.346005036495626 ], [ 502892.146197760477662, 4436751.481362640857697 ], [ 502859.036243321897928, 4436829.940016938373446 ], [ 502829.347019870649092, 4436882.206030347384512 ], [ 502766.392120015691034, 4436978.301733042113483 ], [ 502567.134811629715841, 4437270.473245571367443 ], [ 502509.138031646725722, 4437345.484355394728482 ], [ 502457.456308735418133, 4437404.071157998405397 ], [ 502420.189980658702552, 4437440.02055352088064 ], [ 502391.728227998944931, 4437401.719318496994674 ], [ 502061.52988956583431, 4436846.441155846230686 ], [ 501939.650697952951305, 4436692.907374087721109 ], [ 501902.666834892763291, 4436618.311541339382529 ], [ 501854.707444059022237, 4436446.040476502850652 ], [ 501804.695363513601478, 4436291.305962847545743 ], [ 501598.2202993480023, 4435724.647276440635324 ], [ 501590.552722498367075, 4435692.458101311698556 ], [ 501564.947668676148169, 4435394.662389818578959 ], [ 501549.53211538650794, 4435301.426334861665964 ], [ 501509.231243377842475, 4435129.381366262212396 ], [ 501499.78050280478783, 4435053.461311516351998 ], [ 501499.361107197357342, 4435018.054945293813944 ], [ 501504.750023859203793, 4434935.367363672703505 ] ] ] } },
{ "type": "Feature", "properties": { "geoid": "14000US42101036301", "name": "Census Tract 363.01, Philadelphia, PA", "income": 112514.0, "income_moe": 32015.0, "poverty_universe": 3952.0, "below_poverty": 225.0, "universe_moe": 781.0, "below_poverty_moe": 208.0, "poverty_pct": 5.6933198380566798 }, "geometry": { "type": "Polygon", "coordinates": [ [ [ 501966.457181591948029, 4437873.201892687007785 ], [ 502457.456308735418133, 4437404.071157998405397 ], [ 502509.138031646725722, 4437345.484355394728482 ], [ 502567.134811629715841, 4437270.473245571367443 ], [ 502829.347019870649092, 4436882.206030347384512 ], [ 502869.872259740484878, 4436808.078722322359681 ], [ 502892.146197760477662, 4436751.481362640857697 ], [ 502913.659484439471271, 4436678.346005036495626 ], [ 502997.696245169849135, 4436320.541331466287374 ], [ 503049.540460861229803, 4436310.683726998046041 ], [ 503089.614206429221667, 4436311.143905062228441 ], [ 503115.01858758542221, 4436321.365530109964311 ], [ 503142.380328202212695, 4436340.356397206895053 ], [ 503152.941682987671811, 4436367.553752206265926 ], [ 503175.100643774843775, 4436390.094314354471862 ], [ 503183.616630090051331, 4436414.62705694232136 ], [ 503203.386472743179183, 4436440.829429132863879 ], [ 503194.417679072124884, 4436479.450776595622301 ], [ 503222.960101558594033, 4436527.189302363432944 ], [ 503230.867514253943227, 4436578.581852852366865 ], [ 503238.706188993935939, 4436591.016273193992674 ], [ 503280.638145658187568, 4436628.549508540891111 ], [ 503318.724214222165756, 4436686.170808710157871 ], [ 503384.769987809006125, 4436754.126965685747564 ], [ 503407.009048870124388, 4436784.104707468301058 ], [ 503403.673416541772895, 4436807.633474061265588 ], [ 503406.126616538502276, 4436850.588407897390425 ], [ 503409.445328500820324, 4436864.685859888792038 ], [ 503422.394497008936014, 4436886.779063414782286 ], [ 503432.281520398217253, 4436892.999072344973683 ], [ 503474.395036273170263, 4436900.676678328774869 ], [ 503488.293159592722077, 4436898.01925206836313 ], [ 503495.617392328102142, 4436915.115365269593894 ], [ 503482.472394455166068, 4436948.739845903590322 ], [ 503484.171764413826168, 4436961.282704004086554 ], [ 503500.102312253962737, 4436988.150063086301088 ], [ 503498.546000164642464, 4437035.209889289923012 ], [ 503503.824768878170289, 4437050.529201503843069 ], [ 503519.246824243746232, 4437070.292890909127891 ], [ 503544.822380874829832, 4437072.413644045591354 ], [ 503548.145409645279869, 4437076.521896407939494 ], [ 503549.67189899814548, 4437093.837341126054525 ], [ 503544.807495829241816, 4437104.268301850184798 ], [ 503527.070016428595409, 4437113.916326586157084 ], [ 503522.888002711464651, 4437123.681667733937502 ], [ 503527.310349297360517, 4437147.103007547557354 ], [ 503555.334817235707305, 4437198.727313479408622 ], [ 503562.794812818581704, 4437288.856228603050113 ], [ 503565.856343974417541, 4437304.951492624357343 ], [ 503578.206229038420133, 4437329.819494568742812 ], [ 503580.060509842645843, 4437374.883084782399237 ], [ 503588.065403428161517, 4437393.422516910359263 ], [ 503614.648958858568221, 4437424.734859677962959 ], [ 503607.2041857088916, 4437483.446045349352062 ], [ 503584.92873074254021, 4437536.489630513824522 ], [ 503565.113713215920143, 4437615.284574228338897 ], [ 503566.965754762175493, 4437665.120834664441645 ], [ 503601.972086633613799, 4437729.956688767299056 ], [ 503587.465693237318192, 4437760.139631321653724 ], [ 503585.066594560223166, 4437785.888636861927807 ], [ 503588.976248568564188, 4437810.64169901702553 ], [ 503616.737653512100223, 4437871.589491971768439 ], [ 503643.653569204092491, 4437917.109097243286669 ], [ 503657.9549191876431, 4437958.40501017216593 ], [ 503675.334926938638091, 4437979.057928284630179 ], [ 503712.635854347958229, 4438053.329762814566493 ], [ 503724.460417240159586, 4438102.949001641944051 ], [ 503724.585494692320935, 4438195.405440739355981 ], [ 503746.46205385599751, 4438257.682764773257077 ], [ 503766.564894282317255, 4438286.32867771666497 ], [ 503770.820013765594922, 4438300.315793982706964 ], [ 503769.61995915445732, 4438313.7452387874946 ], [ 503736.596515259996522, 4438384.98581297788769 ], [ 503696.352350370550994, 4438406.942523149773479 ], [ 503658.592477606784087, 4438403.816432102583349 ], [ 503629.948864019010216, 4438409.907231335528195 ], [ 503601.898497023270465, 4438423.323898798786104 ], [ 503566.49897110031452, 4438476.361389933153987 ], [ 503550.636450701451395, 4438493.446729849092662 ], [ 503516.189233806915581, 4438516.295052213594317 ], [ 503481.661470759892836, 4438529.3761887550354 ], [ 503414.647676613181829, 4438565.196167203597724 ], [ 503370.745295134664048, 4438575.609782612882555 ], [ 503307.925550622865558, 4438573.695250670425594 ], [ 503258.984250469889957, 4438607.526653779670596 ], [ 503151.681779999926221, 4438578.623342772014439 ], [ 503055.363437159161549, 4438576.586061351001263 ], [ 503028.689641980919987, 4438562.146385485306382 ], [ 502992.467671928054187, 4438551.143784994259477 ], [ 502925.130119697540067, 4438548.897666874341667 ], [ 502872.541697131877299, 4438538.999264706857502 ], [ 502744.855599042028189, 4438535.178236267529428 ], [ 502737.609751081909053, 4438536.7295061936602 ], [ 502720.5562860656064, 4438552.706231287680566 ], [ 502611.793524199689273, 4438548.22830387763679 ], [ 502562.876103565155063, 4438520.130610888823867 ], [ 502486.59800813003676, 4438487.584529564715922 ], [ 502470.583235866157338, 4438456.279525946825743 ], [ 502377.063230886298697, 4438495.207855041138828 ], [ 502310.146601310989354, 4438508.062255420722067 ], [ 502231.470964473555796, 4438508.260678209364414 ], [ 502155.44174724916229, 4438494.364673745818436 ], [ 502065.353786492487416, 4438458.378165229223669 ], [ 501979.018975414859597, 4438409.185651489533484 ], [ 502038.653861958824564, 4438215.520312570035458 ], [ 502044.542999122175388, 4438187.995872968807817 ], [ 502044.890703470679, 4438163.022759498097003 ], [ 502027.566474465245847, 4437918.724696826189756 ], [ 502022.284710248291958, 4437905.737224211916327 ], [ 502004.985018314677291, 4437886.08704996202141 ], [ 501977.707873257866595, 4437880.086320905946195 ], [ 501966.457181591948029, 4437873.201892687007785 ] ] ] } },
{ "type": "Feature", "properties": { "geoid": "14000US42101036302", "name": "Census Tract 363.02, Philadelphia, PA", "income": 96612.0, "income_moe": 13818.0, "poverty_universe": 3751.0, "below_poverty": 466.0, "universe_moe": 592.0, "below_poverty_moe": 257.0, "poverty_pct": 12.423353772327379 }, "geometry": { "type": "Polygon", "coordinates": [ [ [ 501135.854305178567301, 4438776.285325908102095 ], [ 501337.135145273932721, 4438556.553770571947098 ], [ 501354.868565025913995, 4438535.135444981046021 ], [ 501944.287645161326509, 4437894.839613103307784 ], [ 501966.457181591948029, 4437873.201892687007785 ], [ 501977.707873257866595, 4437880.086320905946195 ], [ 502004.985018314677291, 4437886.08704996202141 ], [ 502022.284710248291958, 4437905.737224211916327 ], [ 502027.566474465245847, 4437918.724696826189756 ], [ 502029.438640189240687, 4437930.8233243227005 ], [ 502044.890703470679, 4438163.022759498097003 ], [ 502044.542999122175388, 4438187.995872968807817 ], [ 502038.653861958824564, 4438215.520312570035458 ], [ 501880.230234007176477, 4438734.700339651666582 ], [ 501866.66917175980052, 4438769.104549253359437 ], [ 501612.349649291485548, 4439053.186120573431253 ], [ 501578.421478603442665, 4439079.595120269805193 ], [ 501534.43151134805521, 4439128.866620931774378 ], [ 501146.336850644904189, 4438786.054211010225117 ], [ 501135.854305178567301, 4438776.285325908102095 ] ] ] } },
{ "type": "Feature", "properties": { "geoid": "14000US42101036303", "name": "Census Tract 363.03, Philadelphia, PA", "income": 103026.0, "income_moe": 36763.0, "poverty_universe": 6771.0, "below_poverty": 604.0, "universe_moe": 1183.0, "below_poverty_moe": 287.0, "poverty_pct": 8.9203958056417072 }, "geometry": { "type": "Polygon", "coordinates": [ [ [ 501415.422163468552753, 4439265.363878251984715 ], [ 501578.421478603442665, 4439079.595120269805193 ], [ 501612.349649291485548, 4439053.186120573431253 ], [ 501866.66917175980052, 4438769.104549253359437 ], [ 501979.018975414859597, 4438409.185651489533484 ], [ 502065.353786492487416, 4438458.378165229223669 ], [ 502116.235435649577994, 4438481.145572012290359 ], [ 502155.44174724916229, 4438494.364673745818436 ], [ 502231.470964473555796, 4438508.260678209364414 ], [ 502340.322602093103342, 4438503.520833193324506 ], [ 502406.64451596600702, 4438484.783929593861103 ], [ 502470.583235866157338, 4438456.279525946825743 ], [ 502486.59800813003676, 4438487.584529564715922 ], [ 502562.876103565155063, 4438520.130610888823867 ], [ 502611.793524199689273, 4438548.22830387763679 ], [ 502720.5562860656064, 4438552.706231287680566 ], [ 502744.855599042028189, 4438535.178236267529428 ], [ 502872.541697131877299, 4438538.999264706857502 ], [ 502925.130119697540067, 4438548.897666874341667 ], [ 502992.467671928054187, 4438551.143784994259477 ], [ 503055.363437159161549, 4438576.586061351001263 ], [ 503151.681779999926221, 4438578.623342772014439 ], [ 503258.984250469889957, 4438607.526653779670596 ], [ 503255.14016047900077, 4438627.059616261161864 ], [ 503275.071289934625383, 4438660.587821768596768 ], [ 503231.068381899734959, 4438708.628537258133292 ], [ 503233.109141102584545, 4438720.172589743509889 ], [ 503266.927552188863046, 4438767.802716221660376 ], [ 503246.119879797915928, 4438791.324115286581218 ], [ 503237.925725344044622, 4438818.291705320589244 ], [ 503248.48294222028926, 4438846.266245723702013 ], [ 503260.806478896003682, 4438928.960702789947391 ], [ 503269.403267700981814, 4438956.490465746261179 ], [ 503313.530143554438837, 4439012.116709230467677 ], [ 503318.971907566068694, 4439042.197974525392056 ], [ 503315.556326893565711, 4439056.514473717659712 ], [ 503301.229868047346827, 4439073.379036480560899 ], [ 503299.431674510531593, 4439092.468912901356816 ], [ 503307.164776303223334, 4439145.304574888199568 ], [ 503316.531535732210614, 4439165.287265985272825 ], [ 503318.483457038062625, 4439184.48977439571172 ], [ 503331.860733897192404, 4439193.707996494136751 ], [ 503333.732356415595859, 4439201.589267297647893 ], [ 503323.920064088772051, 4439226.003248810768127 ], [ 503258.695232397469226, 4439279.917156461626291 ], [ 503231.065145482891239, 4439316.199792460538447 ], [ 503192.866305848292541, 4439353.809979131445289 ], [ 503202.224105800909456, 4439395.103044742718339 ], [ 503191.4745501295547, 4439420.515738844871521 ], [ 503137.856175101711415, 4439443.468752728775144 ], [ 503071.44737361674197, 4439482.510832104831934 ], [ 503076.212620673351921, 4439501.048473907634616 ], [ 503099.979378851363435, 4439529.916148158721626 ], [ 503097.323040566407144, 4439564.877631197683513 ], [ 503130.553265069669578, 4439585.091878685168922 ], [ 503136.428821220470127, 4439597.414451804943383 ], [ 503124.828788884507958, 4439619.719111793674529 ], [ 503095.24726896599168, 4439639.130626423284411 ], [ 502978.139060441113543, 4439657.730416071601212 ], [ 502946.150343469693325, 4439732.193752255290747 ], [ 502931.141906858247239, 4439754.941357819363475 ], [ 502972.957669983850792, 4439830.654408179223537 ], [ 502999.111632878193632, 4439855.526994314976037 ], [ 503016.820340695383493, 4439900.374926923774183 ], [ 503033.26413329114439, 4439911.14774729218334 ], [ 503048.181362935516518, 4439903.273275536485016 ], [ 503061.73070037184516, 4439906.164537772536278 ], [ 503077.405064966529608, 4439922.708745312876999 ], [ 503092.81843851832673, 4439952.127991992048919 ], [ 503081.798077055835165, 4440017.608994025737047 ], [ 503057.747514686896466, 4440062.10719180200249 ], [ 503064.123286878224462, 4440101.290074961259961 ], [ 503085.413505710312165, 4440138.259175506420434 ], [ 503087.028131756058428, 4440149.470063945278525 ], [ 503078.234278493677266, 4440189.201762547716498 ], [ 503074.88245918112807, 4440258.792636101134121 ], [ 503054.652245733595919, 4440341.251816945150495 ], [ 503067.847208145423792, 4440375.553805599920452 ], [ 503123.549755310697947, 4440448.387595994397998 ], [ 503135.890718992857728, 4440485.908138292841613 ], [ 503138.696435245044995, 4440501.448242426849902 ], [ 503130.846881154167932, 4440524.753409739583731 ], [ 503117.8004297997104, 4440545.05964966956526 ], [ 503126.052286176593043, 4440579.248726530000567 ], [ 503143.59041803877335, 4440618.547314576804638 ], [ 503138.099685139313806, 4440707.782989473082125 ], [ 503127.864216772431973, 4440731.420156887732446 ], [ 503115.247254593006801, 4440744.290087845176458 ], [ 503090.276161078887526, 4440752.715291811153293 ], [ 503057.885533926950302, 4440776.010574318468571 ], [ 503045.517623830295634, 4440805.751582302153111 ], [ 503042.451822542061564, 4440801.088665701448917 ], [ 503012.456866403925233, 4440800.854696111753583 ], [ 502921.084314431762323, 4440863.085713445208967 ], [ 502844.313813447253779, 4440847.184577335603535 ], [ 502826.592930973740295, 4440838.187553104944527 ], [ 502784.934245599259157, 4440809.980032125487924 ], [ 502701.285021402582061, 4440725.706450171768665 ], [ 502599.138667149003595, 4440651.971721366047859 ], [ 502577.077339946175925, 4440624.549047543667257 ], [ 502556.881588813907001, 4440371.257458406500518 ], [ 502566.697337792720646, 4440324.976940006949008 ], [ 502550.848107978701591, 4440320.753877 ], [ 502532.189871935581323, 4440306.87356863450259 ], [ 501750.153424476680811, 4439499.183420738205314 ], [ 501675.421719754871447, 4439439.896671673282981 ], [ 501489.815459416713566, 4439330.97453653998673 ], [ 501415.422163468552753, 4439265.363878251984715 ] ] ] } },
{ "type": "Feature", "properties": { "geoid": "14000US42101036400", "name": "Census Tract 364, Philadelphia, PA", "income": 82000.0, "income_moe": 13958.0, "poverty_universe": 867.0, "below_poverty": 169.0, "universe_moe": 159.0, "below_poverty_moe": 81.0, "poverty_pct": 19.492502883506344 }, "geometry": { "type": "Polygon", "coordinates": [ [ [ 499697.122734203934669, 4440060.275493807159364 ], [ 499749.108332603180315, 4440074.591607755050063 ], [ 499794.27565044775838, 4440074.590247118845582 ], [ 499918.273220231407322, 4440120.87170778401196 ], [ 500051.133445410756394, 4439980.799097488634288 ], [ 501135.854305178567301, 4438776.285325908102095 ], [ 501534.43151134805521, 4439128.866620931774378 ], [ 501415.422163468552753, 4439265.363878251984715 ], [ 501504.472834180342034, 4439341.74367749132216 ], [ 501675.421719754871447, 4439439.896671673282981 ], [ 501750.153424476680811, 4439499.183420738205314 ], [ 502532.189871935581323, 4440306.87356863450259 ], [ 502566.697337792720646, 4440324.976940006949008 ], [ 502556.881588813907001, 4440371.257458406500518 ], [ 502577.077339946175925, 4440624.549047543667257 ], [ 502599.138667149003595, 4440651.971721366047859 ], [ 502701.285021402582061, 4440725.706450171768665 ], [ 502784.934245599259157, 4440809.980032125487924 ], [ 502844.313813447253779, 4440847.184577335603535 ], [ 502921.084314431762323, 4440863.085713445208967 ], [ 503012.456866403925233, 4440800.854696111753583 ], [ 503045.517623830295634, 4440805.751582302153111 ], [ 503026.064026615465991, 4440868.343560727313161 ], [ 503025.288517197477631, 4440889.875798349268734 ], [ 503015.482046934659593, 4440907.630691600032151 ], [ 502983.17975209094584, 4440925.265714885666966 ], [ 502964.945382982725278, 4440922.816722067072988 ], [ 502942.96331886050757, 4440916.148600892163813 ], [ 502864.5016643301351, 4440867.170833582989872 ], [ 502781.938298612425569, 4440846.717448999173939 ], [ 502772.737441292498261, 4440840.942466306500137 ], [ 502764.396675422613043, 4440813.302286324091256 ], [ 502699.570656943309586, 4440754.008922471664846 ], [ 502624.422764654853381, 4440723.348596670664847 ], [ 502586.580785706057213, 4440743.647208446636796 ], [ 502557.610066525288858, 4440737.754772782325745 ], [ 502541.246875208104029, 4440744.075838701799512 ], [ 502396.736401213915087, 4440974.893152056261897 ], [ 502330.848618672753219, 4441038.249328145757318 ], [ 502304.002308500406798, 4441054.668011406436563 ], [ 502179.084144184424076, 4441053.965098488144577 ], [ 502121.724713327537756, 4441099.899728004820645 ], [ 502073.070538892992772, 4441097.555415559560061 ], [ 502067.951827952580061, 4441119.97450983710587 ], [ 502050.907954431837425, 4441127.184392175637186 ], [ 502042.472810239822138, 4441124.962262610904872 ], [ 502042.562777592858765, 4441107.314472789876163 ], [ 502033.449386269319803, 4441092.217036099173129 ], [ 501992.979815361730289, 4441072.671596263535321 ], [ 501965.88431739556836, 4441067.558860746212304 ], [ 501927.280091261665802, 4441083.309882060624659 ], [ 501915.607554050744511, 4441078.423250305466354 ], [ 501909.820487697201315, 4441049.785716293379664 ], [ 501897.041874803369865, 4441038.017298020422459 ], [ 501843.364618689287454, 4441015.916535918600857 ], [ 501816.095069828734268, 4441024.678359664976597 ], [ 501778.18129554821644, 4441003.469795041717589 ], [ 501738.385813338507432, 4441012.117976355366409 ], [ 501685.881281300156843, 4441078.035671962425113 ], [ 501591.38018648972502, 4441092.888232562690973 ], [ 501548.013560500985477, 4441067.350965614430606 ], [ 501502.169970734918024, 4441069.894565747119486 ], [ 501455.297131876228377, 4441107.622878163121641 ], [ 501441.911619274469558, 4441147.466640156693757 ], [ 501448.379738022398669, 4441188.202138128690422 ], [ 501454.427754014963284, 4441197.637663519009948 ], [ 501482.203866412222851, 4441207.521383858285844 ], [ 501512.181503167550545, 4441286.665003091096878 ], [ 501490.70795504655689, 4441292.765338505618274 ], [ 501472.209222629549913, 4441337.38073471095413 ], [ 501470.841921518323943, 4441357.914095832966268 ], [ 501483.958287235873286, 4441385.997776766307652 ], [ 501475.944173529336695, 4441410.081602231599391 ], [ 501452.079037830175366, 4441448.480426645837724 ], [ 501411.685916059766896, 4441478.107815018855035 ], [ 501345.141526870778762, 4441471.547143463976681 ], [ 501337.216774841130245, 4441475.097503575496376 ], [ 501327.584553843131289, 4441497.84929240681231 ], [ 501279.526899179560132, 4441508.718297826126218 ], [ 501156.675331935228314, 4441414.576823382638395 ], [ 501146.279997069970705, 4441415.68516917899251 ], [ 501115.60055711644236, 4441450.865240005776286 ], [ 501085.865423927549273, 4441438.873719586990774 ], [ 501027.328531910199672, 4441441.529377344995737 ], [ 500838.958286616718397, 4441259.256367884576321 ], [ 500551.064313174807467, 4440929.693139360286295 ], [ 500251.195049335772637, 4441205.826662019826472 ], [ 499540.597421914746519, 4440499.258257232606411 ], [ 499697.122734203934669, 4440060.275493807159364 ] ] ] } },
{ "type": "Feature", "properties": { "geoid": "14000US42101036501", "name": "Census Tract 365.01, Philadelphia, PA", "income": 60764.0, "income_moe": 31613.0, "poverty_universe": 4856.0, "below_poverty": 916.0, "universe_moe": 551.0, "below_poverty_moe": 460.0, "poverty_pct": 18.863261943986821 }, "geometry": { "type": "Polygon", "coordinates": [ [ [ 497879.322001823282335, 4442099.388030903413892 ], [ 499109.30780637206044, 4441151.821486053057015 ], [ 499409.190330465557054, 4441551.920392495580018 ], [ 499473.950804481341038, 4441622.062950493767858 ], [ 499550.982624309195671, 4441747.70165063533932 ], [ 499556.778332267713267, 4441780.777117325924337 ], [ 499556.8649240010418, 4441804.529539212584496 ], [ 499539.488318552437704, 4441879.894590448588133 ], [ 499542.558177340368275, 4441923.292537700384855 ], [ 499551.080161108693574, 4441955.812881529331207 ], [ 499565.906732025090605, 4441986.113018977455795 ], [ 499711.265324458654504, 4442186.447906343266368 ], [ 499715.951579740794841, 4442196.770051927305758 ], [ 499724.304266754712444, 4442288.338743011467159 ], [ 499722.685903919453267, 4442298.439141049981117 ], [ 499666.969091669830959, 4442334.73601208999753 ], [ 499368.54659387958236, 4442560.958265947178006 ], [ 499273.306934242602438, 4442629.227371573448181 ], [ 498716.563207958068233, 4443073.272608201019466 ], [ 498609.537687801290303, 4442910.686964633874595 ], [ 498470.81161778914975, 4442724.356745371595025 ], [ 498247.458438880625181, 4442438.709695242345333 ], [ 497979.966310530900955, 4442192.261425817385316 ], [ 497879.322001823282335, 4442099.388030903413892 ] ] ] } },
{ "type": "Feature", "properties": { "geoid": "14000US42101036502", "name": "Census Tract 365.02, Philadelphia, PA", "income": 88529.0, "income_moe": 42454.0, "poverty_universe": 4496.0, "below_poverty": 605.0, "universe_moe": 658.0, "below_poverty_moe": 379.0, "poverty_pct": 13.456405693950177 }, "geometry": { "type": "Polygon", "coordinates": [ [ [ 499109.30780637206044, 4441151.821486053057015 ], [ 499404.284028932626825, 4440920.706126022152603 ], [ 499424.047008321911562, 4440839.569086618721485 ], [ 499540.597421914746519, 4440499.258257232606411 ], [ 500251.195049335772637, 4441205.826662019826472 ], [ 500551.064313174807467, 4440929.693139360286295 ], [ 500838.958286616718397, 4441259.256367884576321 ], [ 501027.328531910199672, 4441441.529377344995737 ], [ 501085.865423927549273, 4441438.873719586990774 ], [ 501115.60055711644236, 4441450.865240005776286 ], [ 501080.833217532082926, 4441474.279637232422829 ], [ 501047.427843841083813, 4441508.793643123470247 ], [ 500983.859396944055334, 4441549.963377042673528 ], [ 500968.605643937014975, 4441566.388317622244358 ], [ 500973.029980410356075, 4441615.44762095157057 ], [ 500954.534412857319694, 4441665.391948834992945 ], [ 500931.099912884877995, 4441694.247116222046316 ], [ 500939.191059767443221, 4441719.665428753010929 ], [ 500932.285393777827267, 4441754.07229445874691 ], [ 500923.934807388810441, 4441760.175866751000285 ], [ 500889.597289227240253, 4441768.274219395592809 ], [ 500826.973653934663162, 4441767.712160364724696 ], [ 500799.196926820208319, 4441775.034693449735641 ], [ 500677.872028885351028, 4441740.615144711919129 ], [ 500606.984162154898513, 4441731.729721451178193 ], [ 500496.986084238684271, 4441752.588322248309851 ], [ 500481.39314808382187, 4441766.461395693942904 ], [ 500464.860742819495499, 4441817.849959676153958 ], [ 500470.907106744940393, 4441865.466183380223811 ], [ 500476.529220707830973, 4441884.002309813164175 ], [ 500491.01179424917791, 4441908.643606951460242 ], [ 500520.233738060807809, 4441936.393725627101958 ], [ 500532.330933382851072, 4441954.375379673205316 ], [ 500539.48615438665729, 4441976.796407184563577 ], [ 500540.165624778426718, 4442006.653487613424659 ], [ 500527.214323708496522, 4442020.415668322704732 ], [ 500529.684277811960783, 4442032.292058479972184 ], [ 500540.162695983366575, 4442047.72078276053071 ], [ 500553.283204997656867, 4442049.941583721898496 ], [ 500560.438043672358617, 4442075.470429922454059 ], [ 500558.134206699964125, 4442122.531165721826255 ], [ 500551.742691172577906, 4442145.062217272818089 ], [ 500584.968514835636597, 4442163.489500839263201 ], [ 500587.521893477533013, 4442196.454535354860127 ], [ 500592.377325709559955, 4442206.999222015030682 ], [ 500607.968106179265305, 4442211.218180926516652 ], [ 500618.189257460122462, 4442242.185978569090366 ], [ 500615.120174064068124, 4442266.715121946297586 ], [ 500578.395361177739687, 4442332.641914266161621 ], [ 500553.089762177201919, 4442365.49387670494616 ], [ 500520.202229285496287, 4442395.126610879786313 ], [ 500495.242683192947879, 4442354.390598208643496 ], [ 500180.19870480458485, 4441943.703519899398088 ], [ 499806.346910489955917, 4442227.956155930645764 ], [ 499722.685903919453267, 4442298.439141049981117 ], [ 499724.64462078968063, 4442276.462508105672896 ], [ 499715.951579740794841, 4442196.770051927305758 ], [ 499711.265324458654504, 4442186.447906343266368 ], [ 499565.906732025090605, 4441986.113018977455795 ], [ 499551.080161108693574, 4441955.812881529331207 ], [ 499542.558177340368275, 4441923.292537700384855 ], [ 499539.488318552437704, 4441879.894590448588133 ], [ 499556.8649240010418, 4441804.529539212584496 ], [ 499550.982624309195671, 4441747.70165063533932 ], [ 499473.950804481341038, 4441622.062950493767858 ], [ 499409.190330465557054, 4441551.920392495580018 ], [ 499220.606364421953913, 4441300.428246197290719 ], [ 499109.30780637206044, 4441151.821486053057015 ] ] ] } },
{ "type": "Feature", "properties": { "geoid": "14000US42101036600", "name": "Census Tract 366, Philadelphia, PA", "income": 136250.0, "income_moe": 66891.0, "poverty_universe": 2319.0, "below_poverty": 87.0, "universe_moe": 356.0, "below_poverty_moe": 59.0, "poverty_pct": 3.7516170763260024 }, "geometry": { "type": "Polygon", "coordinates": [ [ [ 487440.173293625703081, 4419739.131335604935884 ], [ 487857.651560760801658, 4419666.423408836126328 ], [ 487881.304679964436218, 4419709.671568792313337 ], [ 487894.81917664501816, 4419718.085287299007177 ], [ 487960.570988577383105, 4419689.678993401117623 ], [ 487986.837048980174586, 4419601.956156561151147 ], [ 488014.508613582700491, 4419592.589542546309531 ], [ 488548.747930694720708, 4419533.055645841173828 ], [ 488449.25206806283677, 4419852.18841003999114 ], [ 488412.839531091391109, 4420069.671438926830888 ], [ 488387.166096318163909, 4420268.159204427152872 ], [ 488383.807025318732485, 4420418.887717895209789 ], [ 488406.774641328374855, 4421194.890140439383686 ], [ 488401.504108770925086, 4421324.533781330101192 ], [ 488362.366700946353376, 4421654.121087943203747 ], [ 488354.917699208599515, 4421755.021904406137764 ], [ 488357.436283878458198, 4421837.927214311435819 ], [ 488379.162693588237744, 4422024.467450280673802 ], [ 488402.939518228406087, 4422155.731875201687217 ], [ 488478.807954772317316, 4422446.853482498787344 ], [ 488580.025932952645235, 4422729.058755078352988 ], [ 488610.088806459505577, 4422783.731663785874844 ], [ 488765.124373050231952, 4423135.338811823166907 ], [ 488821.465440569329076, 4423230.818095450289547 ], [ 488747.955260166083463, 4423307.953170221298933 ], [ 488522.141637004213408, 4423314.727392266504467 ], [ 488525.40475430956576, 4423326.376401743851602 ], [ 488489.038405332656112, 4423338.418149032630026 ], [ 488495.218885240901727, 4423358.941920331679285 ], [ 488489.843473386426922, 4423362.501711249351501 ], [ 488436.060151889629196, 4423378.676665364764631 ], [ 488440.774987080832943, 4423390.101457430049777 ], [ 488329.966535998915788, 4423424.344233861193061 ], [ 488336.491387851245236, 4423446.421210038475692 ], [ 488456.949369073845446, 4423411.275982975959778 ], [ 488495.333454537205398, 4423378.253966484218836 ], [ 488508.678843705973122, 4423392.551507453434169 ], [ 488450.850759587425273, 4423444.804137672297657 ], [ 488419.867151028243825, 4423457.725980774499476 ], [ 488379.008832648920361, 4423491.973045378923416 ], [ 488365.276502025313675, 4423503.980900947935879 ], [ 488369.982218254997861, 4423509.412216442637146 ], [ 488340.530056497256737, 4423518.225424821488559 ], [ 488364.048301567090675, 4423594.550456242635846 ], [ 488320.294477660208941, 4423633.574831748381257 ], [ 488207.075211679853965, 4423652.617513021454215 ], [ 488046.063885799201671, 4422986.041840308345854 ], [ 487921.56446683726972, 4423007.215219745412469 ], [ 487903.134820015402511, 4422804.355250666849315 ], [ 487915.742254809418228, 4422405.771362797357142 ], [ 487875.3178210342885, 4422070.535971776582301 ], [ 487865.310619420139119, 4422008.952685175463557 ], [ 487829.954170367214829, 4422014.780509645119309 ], [ 487652.052092294557951, 4420982.753391031175852 ], [ 487707.740317942108959, 4420972.785358021967113 ], [ 487688.007038796087727, 4420868.487172244116664 ], [ 487623.350521601736546, 4420617.31193264760077 ], [ 487577.327511679497547, 4420372.988285223022103 ], [ 487550.851161540136673, 4420379.690815419889987 ], [ 487493.190953026758507, 4420023.287610710598528 ], [ 487485.378895025583915, 4420001.102576166391373 ], [ 487444.054704802460037, 4419761.100806863978505 ], [ 487440.173293625703081, 4419739.131335604935884 ] ] ] } },
{ "type": "Feature", "properties": { "geoid": "14000US42101036700", "name": "Census Tract 367, Philadelphia, PA", "income": 148947.0, "income_moe": 59063.0, "poverty_universe": 3970.0, "below_poverty": 477.0, "universe_moe": 659.0, "below_poverty_moe": 234.0, "poverty_pct": 12.015113350125944 }, "geometry": { "type": "Polygon", "coordinates": [ [ [ 487284.056831387453713, 4423068.963778957724571 ], [ 487352.114520785748027, 4423059.194401222281158 ], [ 487389.511074739973992, 4423050.586209277622402 ], [ 487406.06938821345102, 4423043.455479636788368 ], [ 487647.522657206398435, 4422985.123599992133677 ], [ 487661.943859709776007, 4422976.665016237646341 ], [ 487678.675208461005241, 4422970.644498666748405 ], [ 487769.170444514078554, 4422943.639197736978531 ], [ 487833.531187711923849, 4422917.675563118420541 ], [ 487856.058407361095306, 4422903.76591520383954 ], [ 487878.580059730040375, 4422886.304672454483807 ], [ 487906.462507686810568, 4422855.960181524045765 ], [ 487921.56446683726972, 4423007.215219745412469 ], [ 488046.063885799201671, 4422986.041840308345854 ], [ 488207.075211679853965, 4423652.617513021454215 ], [ 488176.952256643155124, 4423668.979705520905554 ], [ 488143.395764504675753, 4423674.137387152761221 ], [ 488099.98861341009615, 4423715.382296051830053 ], [ 487433.638054220820777, 4424118.901719863526523 ], [ 487376.024181230575778, 4423725.759682693518698 ], [ 487377.88286559144035, 4423713.54771531932056 ], [ 487285.609070654201787, 4423077.840371365658939 ], [ 487284.056831387453713, 4423068.963778957724571 ] ] ] } },
{ "type": "Feature", "properties": { "geoid": "14000US42101036901", "name": "Census Tract 369.01, Philadelphia, PA", "income": null, "income_moe": null, "poverty_universe": 8.0, "below_poverty": 0.0, "universe_moe": 5.0, "below_poverty_moe": 12.0, "poverty_pct": 0.0 }, "geometry": { "type": "Polygon", "coordinates": [ [ [ 482243.818377467629034, 4421261.247695287689567 ], [ 482306.95197554473998, 4421260.545979147776961 ], [ 482470.428380887722597, 4421241.855056593194604 ], [ 482485.981742575473618, 4421318.180300434119999 ], [ 482507.377359422156587, 4421371.739263152703643 ], [ 482544.2522095743916, 4421432.477171132341027 ], [ 482578.845942053245381, 4421467.248851059935987 ], [ 482644.39741551480256, 4421516.156849163584411 ], [ 482760.578090755036101, 4421551.853954360820353 ], [ 482833.043124764517415, 4421560.902590670622885 ], [ 482859.529508778767195, 4421562.285862876102328 ], [ 482899.582236492773518, 4421556.091477041132748 ], [ 483285.663718906289432, 4421371.991134549491107 ], [ 483343.302395776147023, 4421359.212160447612405 ], [ 483427.529150794493034, 4421354.921994050033391 ], [ 483437.169920867716428, 4421348.907598209567368 ], [ 483451.13506057910854, 4421367.190581022761762 ], [ 483640.492178483400494, 4421465.340808070264757 ], [ 483878.255474888777826, 4421792.809059369377792 ], [ 484005.704762164328713, 4421911.077683649025857 ], [ 483625.627414596732706, 4422260.836746946908534 ], [ 483315.402695084456354, 4422312.675866361707449 ], [ 483293.36416161613306, 4422195.851764631457627 ], [ 482956.751344973221421, 4422251.204047298058867 ], [ 482949.187057105591521, 4422230.132877327501774 ], [ 482944.42477295891149, 4422201.508129709400237 ], [ 482944.96312660042895, 4422174.869342579506338 ], [ 482954.279938649735413, 4422139.220736901275814 ], [ 482938.173748485394754, 4422156.571199673227966 ], [ 482902.947655196243431, 4422180.512966049835086 ], [ 482832.971167032315861, 4422211.747430827468634 ], [ 482813.145210343005601, 4422208.240431654267013 ], [ 482658.136072193621658, 4422147.65804962720722 ], [ 482485.391021013376303, 4422065.032545443624258 ], [ 482473.855994482059032, 4422063.838169417344034 ], [ 482312.889251357701141, 4421867.97976113576442 ], [ 482455.373832327430137, 4421679.411633892916143 ], [ 482463.00267486757366, 4421579.170229059644043 ], [ 482460.255403847375419, 4421573.294086616486311 ], [ 482469.568157479749061, 4421536.53502440918237 ], [ 482481.747124515590258, 4421520.191521408036351 ], [ 482385.162884820776526, 4421425.517747248522937 ], [ 482252.296899261709768, 4421270.107140673324466 ], [ 482243.818377467629034, 4421261.247695287689567 ] ] ] } },
{ "type": "Feature", "properties": { "geoid": "14000US42101036902", "name": "Census Tract 369.02, Philadelphia, PA", "income": 35284.0, "income_moe": 22056.0, "poverty_universe": 2082.0, "below_poverty": 914.0, "universe_moe": 300.0, "below_poverty_moe": 218.0, "poverty_pct": 43.900096061479346 }, "geometry": { "type": "Polygon", "coordinates": [ [ [ 482956.751344973221421, 4422251.204047298058867 ], [ 483293.36416161613306, 4422195.851764631457627 ], [ 483315.402695084456354, 4422312.675866361707449 ], [ 483625.627414596732706, 4422260.836746946908534 ], [ 484005.704762164328713, 4421911.077683649025857 ], [ 484142.324419827549718, 4422004.578630540519953 ], [ 484183.326798909984063, 4422045.004720747470856 ], [ 484343.07013573293807, 4422169.649452595971525 ], [ 484482.333133873704355, 4422391.011348403990269 ], [ 484547.071388886019122, 4422554.367875251919031 ], [ 484606.002382619888522, 4422719.623536504805088 ], [ 484344.791244659398217, 4422758.003213388845325 ], [ 483248.529213508765679, 4422939.693951222114265 ], [ 483187.12543364870362, 4422556.691681448370218 ], [ 483171.832886334159411, 4422478.144536501727998 ], [ 483151.367755468352698, 4422339.67429413087666 ], [ 482983.916150666074827, 4422366.239926848560572 ], [ 482964.659510030644014, 4422273.273366120643914 ], [ 482956.751344973221421, 4422251.204047298058867 ] ] ] } },
{ "type": "Feature", "properties": { "geoid": "14000US42101037200", "name": "Census Tract 372, Philadelphia, PA", "income": 72167.0, "income_moe": 17548.0, "poverty_universe": 3902.0, "below_poverty": 481.0, "universe_moe": 782.0, "below_poverty_moe": 382.0, "poverty_pct": 12.327011788826242 }, "geometry": { "type": "Polygon", "coordinates": [ [ [ 485277.757562954502646, 4418047.416486740112305 ], [ 486347.081583097518887, 4417867.957390636205673 ], [ 486613.025263758609071, 4417795.232536174356937 ], [ 486793.12918498768704, 4417754.40783831756562 ], [ 486942.788407980173361, 4417702.873498257249594 ], [ 487018.821433450095356, 4417680.657030275091529 ], [ 487248.998059991630726, 4417628.104297916404903 ], [ 487260.663483667187393, 4417703.890203026123345 ], [ 487273.361767564027105, 4417835.390825033187866 ], [ 487286.69291385525139, 4417936.590470801107585 ], [ 487340.287858605675865, 4418197.32533045951277 ], [ 486085.498325378051959, 4418407.503356387838721 ], [ 485362.536967287946027, 4418534.495463439263403 ], [ 485349.627533863880672, 4418532.189464938826859 ], [ 485306.21548694424564, 4418267.6749222939834 ], [ 485310.292873997124843, 4418254.681351341307163 ], [ 485279.142188838450238, 4418056.292939166538417 ], [ 485277.757562954502646, 4418047.416486740112305 ] ] ] } },
{ "type": "Feature", "properties": { "geoid": "14000US42101037300", "name": "Census Tract 373, Philadelphia, PA", "income": 120560.0, "income_moe": 13839.0, "poverty_universe": 5937.0, "below_poverty": 523.0, "universe_moe": 848.0, "below_poverty_moe": 332.0, "poverty_pct": 8.8091628768738417 }, "geometry": { "type": "Polygon", "coordinates": [ [ [ 483457.92274836753495, 4417128.380510536022484 ], [ 483462.640953674796037, 4417057.226336844265461 ], [ 483427.603779361932538, 4416786.045249195769429 ], [ 483433.594560009718407, 4416671.047702874988317 ], [ 483450.790059105260298, 4416598.201678933575749 ], [ 483471.69805936794728, 4416542.10699197743088 ], [ 483549.46170983830234, 4416409.751295889727771 ], [ 483591.246291378804017, 4416241.846235650591552 ], [ 483701.73817453783704, 4416300.433710822835565 ], [ 483757.863634256995283, 4416321.513001040555537 ], [ 483795.451093317591585, 4416308.558442201465368 ], [ 483881.850693587563001, 4416294.612976680509746 ], [ 483998.055518359935377, 4416306.799340473487973 ], [ 484848.31982483016327, 4416519.384332225658 ], [ 484906.461852298351005, 4416525.151591951958835 ], [ 485043.456919342221227, 4416505.12602705322206 ], [ 485095.920274120115209, 4416842.540430445224047 ], [ 485164.723095484427176, 4417232.976276012137532 ], [ 485166.591884464316536, 4417270.930851534940302 ], [ 484324.833032434864435, 4417408.796305050142109 ], [ 484375.596030060958583, 4417696.26477961987257 ], [ 485226.120795148832258, 4417554.72510673571378 ], [ 485242.289022137469146, 4417650.144341067411005 ], [ 485400.283558021590579, 4417626.088880171999335 ], [ 485424.534458899637684, 4417792.747969256713986 ], [ 485470.15981775970431, 4417784.003840691410005 ], [ 485486.675484729756135, 4417929.146020996384323 ], [ 485285.978588809666689, 4417967.04457448143512 ], [ 485305.526362538745161, 4418042.923411244526505 ], [ 484650.369367681909353, 4418152.538261672481894 ], [ 484392.655816062353551, 4418180.808210957795382 ], [ 483897.209405401546974, 4418266.41122738737613 ], [ 483846.066744269744959, 4418290.936928409151733 ], [ 483805.879106938431505, 4418322.543028828687966 ], [ 483766.930104785365984, 4418373.79179803095758 ], [ 483742.966774681466632, 4418438.549518452957273 ], [ 483564.222903557296377, 4417389.41909107286483 ], [ 483418.550783752696589, 4417301.497817744500935 ], [ 483457.92274836753495, 4417128.380510536022484 ] ] ] } },
{ "type": "Feature", "properties": { "geoid": "14000US42101037500", "name": "Census Tract 375, Philadelphia, PA", "income": 80463.0, "income_moe": 26348.0, "poverty_universe": 3240.0, "below_poverty": 488.0, "universe_moe": 520.0, "below_poverty_moe": 263.0, "poverty_pct": 15.061728395061728 }, "geometry": { "type": "Polygon", "coordinates": [ [ [ 477325.345159480057191, 4425774.516407980583608 ], [ 477445.002109, 4425584.588294938206673 ], [ 477524.486077538400423, 4425523.419190665706992 ], [ 477515.161382414458785, 4425517.453207191079855 ], [ 477689.965949692239519, 4425378.311286641284823 ], [ 477845.088637006469071, 4425545.232726706191897 ], [ 477819.553263518435415, 4425631.436072189360857 ], [ 477820.403197403880768, 4425659.403325964696705 ], [ 477880.98943548760144, 4425881.875033065676689 ], [ 478047.709527556609828, 4425989.608723420649767 ], [ 478159.153995503904298, 4425818.916997946798801 ], [ 478108.705421996535733, 4425763.899368479847908 ], [ 478090.322084275598172, 4425725.216396345756948 ], [ 478140.324504974123556, 4425357.026710684411228 ], [ 478224.464777983201202, 4425398.518206110224128 ], [ 478271.758026457973756, 4425424.465967308729887 ], [ 478318.06708893290488, 4425464.734650633297861 ], [ 478355.100829773873556, 4425516.351049421355128 ], [ 478388.861085884098429, 4425588.06627644598484 ], [ 478409.963242581987288, 4425622.413596699945629 ], [ 478465.456028226704802, 4425680.193706232123077 ], [ 478795.982439705810975, 4425896.364260211586952 ], [ 478769.019661944010295, 4426086.455919943749905 ], [ 478741.575237262994051, 4426134.147638497874141 ], [ 478810.07454054657137, 4426173.913413573056459 ], [ 478840.656190606765449, 4426179.71087112929672 ], [ 479041.970898612053134, 4426300.911065687425435 ], [ 478962.392964576138183, 4426483.932763794437051 ], [ 478982.326808439043816, 4426622.616486581973732 ], [ 478943.616643019893672, 4426640.482044407166541 ], [ 478912.363893333356827, 4426669.093268658965826 ], [ 478832.485820566886105, 4426803.059244550764561 ], [ 478133.696970156568568, 4426379.16183749679476 ], [ 477926.00466336752288, 4426182.863093019463122 ], [ 477846.333111271553207, 4426119.607638115994632 ], [ 477486.049942889716476, 4425865.718102489598095 ], [ 477330.049457945628092, 4425777.277175626717508 ], [ 477325.345159480057191, 4425774.516407980583608 ] ] ] } },
{ "type": "Feature", "properties": { "geoid": "14000US42101037600", "name": "Census Tract 376, Philadelphia, PA", "income": 107313.0, "income_moe": 22978.0, "poverty_universe": 3087.0, "below_poverty": 452.0, "universe_moe": 534.0, "below_poverty_moe": 128.0, "poverty_pct": 14.642047295108519 }, "geometry": { "type": "Polygon", "coordinates": [ [ [ 486134.266978120256681, 4423088.838601135648787 ], [ 486442.599977778096218, 4423037.339448948390782 ], [ 486807.797430794569664, 4422971.325465481728315 ], [ 486864.855212667549495, 4422972.114819283597171 ], [ 486940.892093200294767, 4422982.972122089937329 ], [ 487173.434266031370498, 4423061.157918443903327 ], [ 487228.623783826129511, 4423068.834504801779985 ], [ 487284.056831387453713, 4423068.963778957724571 ], [ 487357.333936703042127, 4423579.506016781553626 ], [ 486900.028089573548641, 4423607.69309950619936 ], [ 486464.652183240104932, 4423671.163452574051917 ], [ 486233.698912118328735, 4423709.868803552351892 ], [ 486214.608053629985079, 4423590.367150652222335 ], [ 486217.402378431870602, 4423577.043302856385708 ], [ 486135.996426575700752, 4423100.489389232359827 ], [ 486134.266978120256681, 4423088.838601135648787 ] ] ] } },
{ "type": "Feature", "properties": { "geoid": "14000US42101037700", "name": "Census Tract 377, Philadelphia, PA", "income": 21959.0, "income_moe": 5379.0, "poverty_universe": 4191.0, "below_poverty": 2432.0, "universe_moe": 749.0, "below_poverty_moe": 692.0, "poverty_pct": 58.029109997613936 }, "geometry": { "type": "Polygon", "coordinates": [ [ [ 486545.05045973014785, 4425574.057205399498343 ], [ 487618.12394039996434, 4425391.766518838703632 ], [ 487701.01359295216389, 4425960.346009952016175 ], [ 487692.314047527266666, 4426071.68330776039511 ], [ 486657.741256630397402, 4426246.460182348266244 ], [ 486573.173492734553292, 4425737.163259763270617 ], [ 486545.05045973014785, 4425574.057205399498343 ] ] ] } },
{ "type": "Feature", "properties": { "geoid": "14000US42101037800", "name": "Census Tract 378, Philadelphia, PA", "income": 74032.0, "income_moe": 35803.0, "poverty_universe": 2113.0, "below_poverty": 251.0, "universe_moe": 422.0, "below_poverty_moe": 177.0, "poverty_pct": 11.878845243729295 }, "geometry": { "type": "Polygon", "coordinates": [ [ [ 489453.595332451397553, 4424714.84975369554013 ], [ 489663.621521535213105, 4424808.792278930544853 ], [ 489694.625745253229979, 4424813.633820340968668 ], [ 489732.781973658595234, 4424802.927249204367399 ], [ 489785.499735050078016, 4424761.790080989710987 ], [ 489601.181901525997091, 4424545.942121650092304 ], [ 489571.356873648182955, 4424530.000352936796844 ], [ 489563.566753968072589, 4424453.760958238504827 ], [ 489626.194227346219122, 4424351.453717186115682 ], [ 489646.173445587686729, 4424285.720528963021934 ], [ 489823.977179518726189, 4423968.493963396176696 ], [ 490562.448183451546356, 4424378.982504202984273 ], [ 491026.942730357404798, 4424609.945949355140328 ], [ 491200.806609647814184, 4424683.218385043554008 ], [ 491770.592939317692071, 4424873.816931682638824 ], [ 492623.072731553867925, 4425059.961379606276751 ], [ 493064.897029788175132, 4425171.31299889460206 ], [ 493151.857416385319084, 4425209.747787931933999 ], [ 493304.741350846365094, 4425253.785806201398373 ], [ 493525.727322701597586, 4425356.704319840297103 ], [ 493747.160033389809541, 4425491.039029965177178 ], [ 494011.420885353349149, 4425700.042614951729774 ], [ 494209.834836939291563, 4425903.777688805945218 ], [ 493962.391167410532944, 4426105.527742155827582 ], [ 493316.476869098958559, 4426755.137479761615396 ], [ 493227.873986018530559, 4426864.874079251661897 ], [ 493103.569722936314065, 4427046.898622062057257 ], [ 493024.215298006718513, 4426994.805549906566739 ], [ 493052.093141254794318, 4426953.602685863152146 ], [ 492606.517044116451871, 4426652.795157584361732 ], [ 492654.675821892684326, 4426750.419871141202748 ], [ 491743.452315461239778, 4426146.679484777152538 ], [ 490331.706518209422939, 4425188.721384845674038 ], [ 489979.905632945883553, 4425708.38763765245676 ], [ 489950.620192208734807, 4425644.384952541440725 ], [ 489756.737834961677436, 4425090.913976109586656 ], [ 489651.534862512955442, 4425026.127063698135316 ], [ 489481.288865511247423, 4424795.390162467956543 ], [ 489454.810518245212734, 4424729.054784721694887 ], [ 489453.595332451397553, 4424714.84975369554013 ] ] ] } },
{ "type": "Feature", "properties": { "geoid": "14000US42101037900", "name": "Census Tract 379, Philadelphia, PA", "income": 87550.0, "income_moe": 38803.0, "poverty_universe": 4862.0, "below_poverty": 638.0, "universe_moe": 630.0, "below_poverty_moe": 369.0, "poverty_pct": 13.122171945701357 }, "geometry": { "type": "Polygon", "coordinates": [ [ [ 491339.046497858304065, 4425872.428370388224721 ], [ 491743.452315461239778, 4426146.679484777152538 ], [ 492654.675821892684326, 4426750.419871141202748 ], [ 492606.517044116451871, 4426652.795157584361732 ], [ 493052.093141254794318, 4426953.602685863152146 ], [ 493024.215298006718513, 4426994.805549906566739 ], [ 493103.569722936314065, 4427046.898622062057257 ], [ 492943.808177680941299, 4427281.678421799093485 ], [ 492854.712862437940203, 4427400.18816945515573 ], [ 492792.458713744883426, 4427465.065205407328904 ], [ 492721.412248165986966, 4427528.841261851601303 ], [ 492667.178824090980925, 4427588.05116662196815 ], [ 492627.363433482882101, 4427638.146274793893099 ], [ 491930.909310095361434, 4427162.482572061941028 ], [ 491718.713658946682699, 4427029.078247621655464 ], [ 491827.897301657416392, 4426868.135374644771218 ], [ 491030.076736381102819, 4426327.734623406082392 ], [ 491339.046497858304065, 4425872.428370388224721 ] ] ] } },
{ "type": "Feature", "properties": { "geoid": "14000US42101038000", "name": "Census Tract 380, Philadelphia, PA", "income": 49022.0, "income_moe": 6867.0, "poverty_universe": 2421.0, "below_poverty": 448.0, "universe_moe": 558.0, "below_poverty_moe": 198.0, "poverty_pct": 18.504750103263113 }, "geometry": { "type": "Polygon", "coordinates": [ [ [ 492362.445869935443625, 4428191.694625964388251 ], [ 492411.163248897064477, 4428171.334624943323433 ], [ 492439.908399887208361, 4428151.66070069372654 ], [ 492480.235835132712964, 4428105.448720366694033 ], [ 492494.374794423929416, 4428074.912396339699626 ], [ 492520.164938069414347, 4428000.856401929631829 ], [ 492526.361656976339873, 4427965.888340233825147 ], [ 492532.368714454583824, 4427824.591698633506894 ], [ 492534.474047779629473, 4427795.399168721400201 ], [ 492539.572318224760238, 4427771.642232664860785 ], [ 492560.956775026512332, 4427729.88892480917275 ], [ 492582.946023423457518, 4427695.349462509155273 ], [ 492627.363433482882101, 4427638.146274793893099 ], [ 493190.149599685508292, 4428019.650524873286486 ], [ 493735.183124213072006, 4428574.245199910365045 ], [ 493794.894421563716605, 4428637.016853734850883 ], [ 493813.264413372962736, 4428661.3088015075773 ], [ 494028.631852317485027, 4428699.872351787984371 ], [ 494078.407867062895093, 4428722.253512017428875 ], [ 494116.226448454253841, 4428733.878162928856909 ], [ 494106.966169569874182, 4428789.047596810385585 ], [ 494078.306585034180898, 4428921.037547932937741 ], [ 494067.752424345177133, 4428958.005610537715256 ], [ 492775.300820008968003, 4428543.79700221400708 ], [ 492692.908173249685206, 4428513.686293436214328 ], [ 492586.683602258563042, 4428464.953266132622957 ], [ 492511.785154226294253, 4428419.40954487491399 ], [ 492379.20348204812035, 4428304.88806773070246 ], [ 492304.946764026826713, 4428221.498004898428917 ], [ 492362.445869935443625, 4428191.694625964388251 ] ] ] } },
{ "type": "Feature", "properties": { "geoid": "14000US42101038100", "name": "Census Tract 381, Philadelphia, PA", "income": 39059.0, "income_moe": 8338.0, "poverty_universe": 702.0, "below_poverty": 144.0, "universe_moe": 247.0, "below_poverty_moe": 112.0, "poverty_pct": 20.512820512820515 }, "geometry": { "type": "Polygon", "coordinates": [ [ [ 494142.843613439239562, 4428607.883452186360955 ], [ 494221.93911280593602, 4428351.324096099473536 ], [ 494375.205729094857816, 4428429.45745952334255 ], [ 494488.053870577248745, 4428446.689357781782746 ], [ 494630.072618092992343, 4428436.709632185287774 ], [ 494661.832870123034809, 4428449.895136353559792 ], [ 494700.702650640276261, 4428499.591661687940359 ], [ 494752.091697307303548, 4428510.433095593936741 ], [ 494993.028149982565083, 4428365.095254606567323 ], [ 495030.238391381979454, 4428359.521335176192224 ], [ 495010.490989848854952, 4428312.474342088215053 ], [ 495395.54785271192668, 4428216.224877322092652 ], [ 495486.727988098049536, 4428396.196602485142648 ], [ 495531.323748501657974, 4428467.204118961468339 ], [ 495653.967437394952867, 4428604.650163035839796 ], [ 495832.358776310749818, 4428777.473406188189983 ], [ 495988.099473464535549, 4428901.476981529965997 ], [ 496289.987168678781018, 4429108.653926495462656 ], [ 496553.945140272262506, 4429268.800017893314362 ], [ 496767.346508859016467, 4429373.370367601513863 ], [ 497031.601547677768394, 4429469.380424757488072 ], [ 497359.761616103409324, 4429543.734059709124267 ], [ 497971.419890705088619, 4429651.984054399654269 ], [ 498257.831878137192689, 4429722.503036582842469 ], [ 498442.091328863869421, 4429797.936640726402402 ], [ 498610.904314843763132, 4429889.80413076095283 ], [ 498810.099336041603237, 4430026.066809046082199 ], [ 498670.28879116353346, 4430324.987772250548005 ], [ 498127.955024180177134, 4431137.221230169758201 ], [ 498079.588264537160285, 4431179.520798009820282 ], [ 498466.576981242222246, 4431460.128704726696014 ], [ 498411.638915692747105, 4431492.771303701214492 ], [ 498257.387832166918088, 4431507.899867334403098 ], [ 498172.58106038288679, 4431503.480152067728341 ], [ 498146.478512627189048, 4431522.576904410496354 ], [ 496544.14214441832155, 4430232.757752807810903 ], [ 495394.865257217083126, 4429485.290176772512496 ], [ 495118.087018870864995, 4429322.084723149426281 ], [ 494822.375989465741441, 4429196.306039229035378 ], [ 494067.752424345177133, 4428958.005610537715256 ], [ 494142.843613439239562, 4428607.883452186360955 ] ] ] } },
{ "type": "Feature", "properties": { "geoid": "14000US42101038200", "name": "Census Tract 382, Philadelphia, PA", "income": 44293.0, "income_moe": 22499.0, "poverty_universe": 2908.0, "below_poverty": 331.0, "universe_moe": 627.0, "below_poverty_moe": 200.0, "poverty_pct": 11.382393397524071 }, "geometry": { "type": "Polygon", "coordinates": [ [ [ 491030.076736381102819, 4426327.734623406082392 ], [ 491827.897301657416392, 4426868.135374644771218 ], [ 491718.713658946682699, 4427029.078247621655464 ], [ 491930.909310095361434, 4427162.482572061941028 ], [ 492627.363433482882101, 4427638.146274793893099 ], [ 492582.946023423457518, 4427695.349462509155273 ], [ 492539.572318224760238, 4427771.642232664860785 ], [ 492532.368714454583824, 4427824.591698633506894 ], [ 492526.361656976339873, 4427965.888340233825147 ], [ 492520.164938069414347, 4428000.856401929631829 ], [ 492480.235835132712964, 4428105.448720366694033 ], [ 492439.908399887208361, 4428151.66070069372654 ], [ 492411.163248897064477, 4428171.334624943323433 ], [ 492155.563272856874391, 4428291.796536475419998 ], [ 492135.779786621744279, 4428309.797416071407497 ], [ 492128.881651202158537, 4428324.788262255489826 ], [ 492079.783500230580103, 4428387.659826314076781 ], [ 492071.522913463821169, 4428405.537897820584476 ], [ 492069.920654292334802, 4428424.185968262143433 ], [ 492077.041539138299413, 4428459.362531268037856 ], [ 492122.082675044599455, 4428517.918730594217777 ], [ 492131.574112371832598, 4428534.779462072066963 ], [ 492136.890544089488685, 4428558.636921798810363 ], [ 492136.396797705616336, 4428576.395912538282573 ], [ 492126.947582763095852, 4428600.268645586445928 ], [ 492098.824984780570958, 4428641.697266463190317 ], [ 491105.972399117192253, 4427931.677284796722233 ], [ 491456.895477549929637, 4427870.452402861788869 ], [ 491464.301620268728584, 4427852.574635186232626 ], [ 491638.918654926063027, 4427594.883071430958807 ], [ 490634.224585767602548, 4426912.130950299091637 ], [ 491030.076736381102819, 4426327.734623406082392 ] ] ] } },
{ "type": "Feature", "properties": { "geoid": "14000US42101038301", "name": "Census Tract 383.01, Philadelphia, PA", "income": 33382.0, "income_moe": 20200.0, "poverty_universe": 2401.0, "below_poverty": 875.0, "universe_moe": 313.0, "below_poverty_moe": 393.0, "poverty_pct": 36.443148688046648 }, "geometry": { "type": "Polygon", "coordinates": [ [ [ 488249.238408697710838, 4428170.853178538382053 ], [ 488451.59871341753751, 4428271.877729876898229 ], [ 488532.650248032296076, 4428305.274287513457239 ], [ 488588.922136504959781, 4428321.061329142190516 ], [ 488646.211072661506478, 4428332.18566264025867 ], [ 488738.742684450699016, 4428337.819634560495615 ], [ 488789.735897456353996, 4428652.624756708741188 ], [ 488803.397188056027517, 4428714.204456706531346 ], [ 488909.55065021320479, 4429343.588322539813817 ], [ 488918.232787500775885, 4429386.529098309576511 ], [ 488931.698773859650828, 4429432.792646020650864 ], [ 488948.039228411624208, 4429519.230712885968387 ], [ 488948.394299567502458, 4429528.664415465667844 ], [ 488941.408206321531907, 4429536.776900794357061 ], [ 489001.625161647156347, 4429867.886221948079765 ], [ 488548.517566549358889, 4429943.362996337935328 ], [ 488261.300998923135921, 4428243.97737192735076 ], [ 488249.238408697710838, 4428170.853178538382053 ] ] ] } },
{ "type": "Feature", "properties": { "geoid": "14000US42101038400", "name": "Census Tract 384, Philadelphia, PA", "income": 114107.0, "income_moe": 8893.0, "poverty_universe": 2471.0, "below_poverty": 61.0, "universe_moe": 216.0, "below_poverty_moe": 44.0, "poverty_pct": 2.4686361796843381 }, "geometry": { "type": "Polygon", "coordinates": [ [ [ 479360.631271650781855, 4435770.968371024355292 ], [ 479430.677289422252215, 4435627.930757268331945 ], [ 479462.997930778365117, 4435534.27651032153517 ], [ 479506.738920553121716, 4435374.773013732396066 ], [ 479525.955749024113175, 4435259.399946674704552 ], [ 479551.576918653794564, 4434925.354575301520526 ], [ 479608.389442971500102, 4434613.75708937831223 ], [ 479629.924025722313672, 4434534.450734448619187 ], [ 479662.217158384737559, 4434459.666312795132399 ], [ 479686.583753330167383, 4434418.422926255501807 ], [ 480238.606973860587459, 4434897.340841952711344 ], [ 480177.817291967221536, 4434968.534447085112333 ], [ 480379.268089345132466, 4435141.270188139751554 ], [ 480538.360194125329144, 4434960.83102591522038 ], [ 480553.607814094983041, 4434920.723716504871845 ], [ 480562.553677297953982, 4434884.073336106725037 ], [ 480564.703365204040892, 4434824.353962458670139 ], [ 480544.314046914631035, 4434755.035992882214487 ], [ 480517.710596504737623, 4434723.582402161322534 ], [ 480650.885824175551534, 4434642.550420790910721 ], [ 480593.981722130673006, 4434534.589185736142099 ], [ 480513.073044113290962, 4434478.412349736317992 ], [ 480627.845969067828264, 4434336.492538730613887 ], [ 480686.950486333866138, 4434303.26628783531487 ], [ 480816.130568456370384, 4434257.653987071476877 ], [ 480942.499762703955639, 4434348.793329013511539 ], [ 480729.697632854105905, 4434680.087341985665262 ], [ 480828.652295831590891, 4434724.344714839011431 ], [ 480803.289872690394986, 4435115.767700048163533 ], [ 480937.638471354031935, 4435265.823762844316661 ], [ 480918.075930835853796, 4435320.037191747687757 ], [ 480673.029337846208364, 4435602.022967746481299 ], [ 480550.547773192753084, 4435623.535412112250924 ], [ 480630.525308795098681, 4435754.080000124871731 ], [ 480643.450829338631593, 4435840.399171547964215 ], [ 480797.603453835821711, 4436002.833538477309048 ], [ 480758.940416910103522, 4436089.283644084818661 ], [ 480567.230258451367263, 4436144.269495443440974 ], [ 480492.472444453742355, 4436251.902108795009553 ], [ 480354.298435311997309, 4436333.616154603660107 ], [ 480496.249104163842276, 4436427.482672923244536 ], [ 480731.991301480215043, 4436557.518652522005141 ], [ 480703.368048555334099, 4436634.287290117703378 ], [ 480668.645007374696434, 4436692.646810759790242 ], [ 480627.853519399417564, 4436744.917395946569741 ], [ 480608.458246473106556, 4436795.468600243330002 ], [ 480594.267753686057404, 4436814.151650495827198 ], [ 480525.590438045270275, 4436863.497380465269089 ], [ 480441.207213908433914, 4436905.33671366609633 ], [ 480391.215350596758071, 4436926.443381779827178 ], [ 480270.570318413316272, 4436957.168175639584661 ], [ 480160.677936297026463, 4437024.050399242900312 ], [ 480150.04474316095002, 4437033.179618822410703 ], [ 480139.553784232761245, 4437064.06305886618793 ], [ 479255.279736230208073, 4435942.739206698723137 ], [ 479360.631271650781855, 4435770.968371024355292 ] ] ] } },
{ "type": "Feature", "properties": { "geoid": "14000US42101038500", "name": "Census Tract 385, Philadelphia, PA", "income": 129155.0, "income_moe": 10607.0, "poverty_universe": 1805.0, "below_poverty": 85.0, "universe_moe": 177.0, "below_poverty_moe": 44.0, "poverty_pct": 4.7091412742382275 }, "geometry": { "type": "Polygon", "coordinates": [ [ [ 480586.06658068660181, 4437140.935109398327768 ], [ 480666.328781650809105, 4437021.634960377588868 ], [ 480624.611634969071019, 4437011.197086133994162 ], [ 480770.963930738973431, 4436863.426453033462167 ], [ 480889.993601114256307, 4436663.8939328212291 ], [ 480847.670787479029968, 4436616.828793175518513 ], [ 480885.680498739762697, 4436576.331635870970786 ], [ 480980.810393877793103, 4436499.507698057219386 ], [ 481103.576533101731911, 4436563.243670548312366 ], [ 481113.534135252120905, 4436556.004360467195511 ], [ 481049.461644855909981, 4436471.365798490121961 ], [ 481375.520988957898226, 4436199.403749139979482 ], [ 481480.692004290933255, 4436319.90617208275944 ], [ 481515.639125812449493, 4436315.270267556421459 ], [ 481535.429009772429708, 4436318.773844631388783 ], [ 481603.764631700585596, 4436264.443533036857843 ], [ 481536.26837633427931, 4436173.149669815786183 ], [ 481498.531791453482583, 4436083.115704851225019 ], [ 481653.958031293645035, 4435935.562394269742072 ], [ 481634.455632367404178, 4435910.303295742720366 ], [ 481970.052897862566169, 4435649.998415098525584 ], [ 481954.404682592081372, 4435631.72186965495348 ], [ 481990.132878815988079, 4435415.756950481794775 ], [ 481984.883742571517359, 4435395.790794300846756 ], [ 481987.135311605990864, 4435374.36393831577152 ], [ 481995.290598701452836, 4435361.247498881071806 ], [ 482182.981778438435867, 4435216.18168783467263 ], [ 482235.34101512550842, 4435288.758890851400793 ], [ 482449.666548079461791, 4435558.637454402633011 ], [ 482568.957346964161843, 4435481.777883764356375 ], [ 482590.150696567783598, 4435501.596855526790023 ], [ 482697.144871422613505, 4435640.647478391416371 ], [ 482586.23524826875655, 4435727.697116523981094 ], [ 482585.222953335265629, 4435732.472108290530741 ], [ 482720.253468541020993, 4435902.758639380335808 ], [ 482654.33064158889465, 4436010.349610691890121 ], [ 482639.446434154175222, 4436026.810514017008245 ], [ 482528.802011355757713, 4436115.192380526103079 ], [ 482266.400540260481648, 4436318.695186712779105 ], [ 481659.466238104330841, 4436626.921203983016312 ], [ 481459.252420998760499, 4436722.972416715696454 ], [ 481114.854025494190864, 4437017.730329397134483 ], [ 480901.906563310534693, 4437128.701141806319356 ], [ 480847.383529163373169, 4437144.710557346232235 ], [ 480806.219562052981928, 4437150.364232694730163 ], [ 480773.822246037307195, 4437150.224287527613342 ], [ 480646.829983005940448, 4437131.678445108234882 ], [ 480619.89115784590831, 4437132.413174911402166 ], [ 480586.06658068660181, 4437140.935109398327768 ] ] ] } },
{ "type": "Feature", "properties": { "geoid": "14000US42101038600", "name": "Census Tract 386, Philadelphia, PA", "income": 170893.0, "income_moe": 32146.0, "poverty_universe": 1352.0, "below_poverty": 49.0, "universe_moe": 240.0, "below_poverty_moe": 52.0, "poverty_pct": 3.6242603550295858 }, "geometry": { "type": "Polygon", "coordinates": [ [ [ 481024.165116494405083, 4435697.700335189700127 ], [ 481333.421277369314339, 4435306.795233773998916 ], [ 481482.586514067661483, 4435384.013503428548574 ], [ 481563.710916810901836, 4435465.728364730253816 ], [ 481582.468500358518213, 4435499.757474519312382 ], [ 481716.411432478402276, 4435419.852134939283133 ], [ 481649.884165755822323, 4435343.871950783766806 ], [ 481612.106817900843453, 4435378.925954869017005 ], [ 481366.613789624942001, 4435210.816311522386968 ], [ 481172.839434261608403, 4434891.192657810635865 ], [ 481250.563633038196713, 4434732.170377811416984 ], [ 481191.779554633249063, 4434653.400302319787443 ], [ 481337.88086291984655, 4434345.702376239933074 ], [ 481490.252226434764452, 4434331.011404280550778 ], [ 481464.444108980300371, 4434205.098282246850431 ], [ 481503.825364032527432, 4434126.086851959116757 ], [ 481530.16497626202181, 4434155.102671712636948 ], [ 481595.452204121509567, 4434066.594431520439684 ], [ 481747.303136698843446, 4434116.729299614205956 ], [ 481837.558316163893323, 4434196.09420995041728 ], [ 481870.422820516629145, 4434279.481731064617634 ], [ 481872.346259537036531, 4434263.494275126606226 ], [ 481848.129753808490932, 4434194.293057153001428 ], [ 481797.338579015922733, 4434104.511051853187382 ], [ 481745.095577503088862, 4434049.917370548471808 ], [ 481664.394705328973942, 4434007.712831491604447 ], [ 481596.357583744567819, 4434017.866708871908486 ], [ 481547.638241020089481, 4434010.215495090000331 ], [ 481512.277974733267911, 4433989.656974253244698 ], [ 481478.388311640766915, 4433942.678913837298751 ], [ 481448.734167241957039, 4433918.888002248480916 ], [ 481414.898129873094149, 4433928.960025722160935 ], [ 481412.237526389712002, 4433887.344506215304136 ], [ 481429.14743603032548, 4433756.88745404407382 ], [ 481462.836831932887435, 4433651.473693783394992 ], [ 481506.115473357669543, 4433595.53918872307986 ], [ 481615.92214296432212, 4433503.038230096921325 ], [ 481672.398493627493735, 4433436.639516151510179 ], [ 481735.679890388273634, 4433291.087602211162448 ], [ 481799.278825390269049, 4433241.432527032680809 ], [ 481849.535284399520606, 4433247.860788434743881 ], [ 481910.386722980008926, 4433190.221801219508052 ], [ 481972.595765553414822, 4433165.100717958062887 ], [ 482058.208175237057731, 4433080.76615184918046 ], [ 482088.054852520523127, 4433004.777266439981759 ], [ 482119.00819144048728, 4433000.042680356651545 ], [ 482252.875333061325364, 4433048.89812948834151 ], [ 482374.154033597791567, 4433040.5133340023458 ], [ 482342.245526484621223, 4433001.296327386051416 ], [ 482816.373941827449016, 4432483.098318752832711 ], [ 482851.291552059701644, 4432570.591892863623798 ], [ 482895.300263820623513, 4432642.193341041915119 ], [ 483075.018052894040011, 4432862.442415414378047 ], [ 482990.045521950523835, 4432933.888936361297965 ], [ 483237.916405484895222, 4433235.124607414938509 ], [ 482656.336254023073707, 4433715.471412422135472 ], [ 482623.606077445030678, 4433762.606820392422378 ], [ 482528.477490537741687, 4433862.162900547496974 ], [ 482629.642606044770218, 4433903.330828100442886 ], [ 482656.132509856950492, 4433925.024708542972803 ], [ 482667.36133653804427, 4433949.417307184077799 ], [ 482686.295069633808453, 4433949.041138379834592 ], [ 482704.252086375607178, 4433969.200758693739772 ], [ 482711.403704360185657, 4434001.039174072444439 ], [ 482783.829481194319669, 4434082.564731489866972 ], [ 482780.559086624940392, 4434107.212371749803424 ], [ 482787.312751165300142, 4434151.8158467868343 ], [ 482778.688870925689116, 4434185.133005623705685 ], [ 482787.33162720646942, 4434197.766498791985214 ], [ 482790.121713047206867, 4434224.620243925601244 ], [ 482784.447265487862751, 4434317.422447283752263 ], [ 482725.925860693445429, 4434423.441782489418983 ], [ 482668.459104676847346, 4434430.343261276371777 ], [ 482624.244905474304687, 4434451.754797009751201 ], [ 482334.622819977055769, 4434674.629362189210951 ], [ 482539.571801231941208, 4434940.425397821702063 ], [ 482419.884396152105182, 4435033.713082833215594 ], [ 482365.828374564822298, 4434964.912311598658562 ], [ 482128.237704709521495, 4435145.275346608832479 ], [ 482182.981778438435867, 4435216.18168783467263 ], [ 481987.135311605990864, 4435374.36393831577152 ], [ 481990.132878815988079, 4435415.756950481794775 ], [ 481954.404682592081372, 4435631.72186965495348 ], [ 481970.052897862566169, 4435649.998415098525584 ], [ 481634.455632367404178, 4435910.303295742720366 ], [ 481603.145112431666348, 4435868.202016851864755 ], [ 481233.92845317767933, 4435868.329083191230893 ], [ 481047.496696984278969, 4435889.436976593919098 ], [ 481125.771720343094785, 4435819.982611800543964 ], [ 481024.165116494405083, 4435697.700335189700127 ] ] ] } },
{ "type": "Feature", "properties": { "geoid": "14000US42101038700", "name": "Census Tract 387, Philadelphia, PA", "income": 132721.0, "income_moe": 26511.0, "poverty_universe": 1792.0, "below_poverty": 165.0, "universe_moe": 263.0, "below_poverty_moe": 69.0, "poverty_pct": 9.2075892857142865 }, "geometry": { "type": "Polygon", "coordinates": [ [ [ 480349.291748901188839, 4437330.343434381298721 ], [ 480511.029598352091853, 4437202.506494227796793 ], [ 480558.480458641482983, 4437155.212826119735837 ], [ 480586.06658068660181, 4437140.935109398327768 ], [ 480625.174972551874816, 4437131.622729054652154 ], [ 480773.822246037307195, 4437150.224287527613342 ], [ 480847.383529163373169, 4437144.710557346232235 ], [ 480901.906563310534693, 4437128.701141806319356 ], [ 481114.854025494190864, 4437017.730329397134483 ], [ 481459.252420998760499, 4436722.972416715696454 ], [ 481659.466238104330841, 4436626.921203983016312 ], [ 482266.400540260481648, 4436318.695186712779105 ], [ 482639.446434154175222, 4436026.810514017008245 ], [ 482654.33064158889465, 4436010.349610691890121 ], [ 482720.253468541020993, 4435902.758639380335808 ], [ 482871.872028271609452, 4436096.20752520672977 ], [ 482936.692785696533974, 4436142.123315364122391 ], [ 482955.715300018608104, 4436145.743312276899815 ], [ 482965.084573896892834, 4436141.282579900696874 ], [ 482989.837551882606931, 4436152.770256591029465 ], [ 482999.890975680376869, 4436187.26634672190994 ], [ 482995.725906701001804, 4436193.047281104139984 ], [ 482997.188846258854028, 4436199.037589891813695 ], [ 483008.290722506702878, 4436206.782186758704484 ], [ 483015.581485715403687, 4436226.078533881343901 ], [ 483063.072225422016345, 4436301.558179892599583 ], [ 483152.037416589271743, 4436432.220125935971737 ], [ 482376.641764292435255, 4437013.695248876698315 ], [ 482280.533856498484965, 4437076.518923391588032 ], [ 482148.176588426635135, 4437204.359712512232363 ], [ 482116.345512561616488, 4437227.299163262359798 ], [ 481937.735116893483792, 4437333.498317138291895 ], [ 481925.853811156877782, 4437320.429487011395395 ], [ 481894.487985496176407, 4437323.50108889117837 ], [ 481824.556451505224686, 4437420.231932800263166 ], [ 481792.919872974045575, 4437452.384684412740171 ], [ 480938.602825675799977, 4438093.025003409013152 ], [ 480411.566605266183615, 4437411.873044239357114 ], [ 480349.291748901188839, 4437330.343434381298721 ] ] ] } },
{ "type": "Feature", "properties": { "geoid": "14000US42101038800", "name": "Census Tract 388, Philadelphia, PA", "income": 120451.0, "income_moe": 11003.0, "poverty_universe": 3939.0, "below_poverty": 128.0, "universe_moe": 691.0, "below_poverty_moe": 61.0, "poverty_pct": 3.2495557248032494 }, "geometry": { "type": "Polygon", "coordinates": [ [ [ 482528.477490537741687, 4433862.162900547496974 ], [ 482623.606077445030678, 4433762.606820392422378 ], [ 482656.336254023073707, 4433715.471412422135472 ], [ 483237.916405484895222, 4433235.124607414938509 ], [ 483410.771648391440976, 4433487.584485629573464 ], [ 483424.904780249053147, 4433514.746631088666618 ], [ 483445.612682379840408, 4433506.044101095758379 ], [ 483499.337460991926491, 4433618.472926899790764 ], [ 483516.153895908093546, 4433663.943073578178883 ], [ 483518.33874986122828, 4433688.134559874422848 ], [ 483516.2519470633124, 4433709.116553824394941 ], [ 483506.694330576516222, 4433746.208594009280205 ], [ 483484.85253906348953, 4433782.328426789492369 ], [ 483457.530511441233102, 4433808.470990367233753 ], [ 483541.761853830190375, 4433909.179611152037978 ], [ 483645.146554471983109, 4433835.368617768399417 ], [ 483959.131596534920391, 4434089.314282599836588 ], [ 483933.585987608821597, 4434149.08194260392338 ], [ 483794.33540622680448, 4434320.971412578597665 ], [ 483685.861629651160911, 4434484.805896510370076 ], [ 483442.641153207456227, 4434920.421275112777948 ], [ 483430.647016016533598, 4434934.321456950157881 ], [ 483362.780028780980501, 4434980.42062452249229 ], [ 483308.777146162057761, 4435009.619106984697282 ], [ 483283.589437581540551, 4435034.536767007783055 ], [ 483252.932651140319649, 4435170.236734640784562 ], [ 483231.322810831887182, 4435154.523556580767035 ], [ 483196.259752952377312, 4435109.649274310097098 ], [ 483124.986858753196429, 4435041.658206716179848 ], [ 483101.796903276059311, 4435005.970325232483447 ], [ 483073.877282934321556, 4434952.756303131580353 ], [ 483058.49036342499312, 4434936.363791799172759 ], [ 483041.830382286279928, 4434922.748958627693355 ], [ 483008.278499015665147, 4434906.286157078109682 ], [ 482961.303391437511891, 4434874.647698525339365 ], [ 482927.541620408301242, 4434840.870952974073589 ], [ 482913.256561693327967, 4434821.701455108821392 ], [ 482841.314788280113135, 4434875.139941170811653 ], [ 482835.831013908144087, 4434863.720148270018399 ], [ 482732.594076387584209, 4434730.430736555717885 ], [ 482779.668960781593341, 4434654.849178708158433 ], [ 482786.440481218800414, 4434632.302426514215767 ], [ 482789.032164788863156, 4434609.3211874011904 ], [ 482786.158180748578161, 4434583.02257794700563 ], [ 482780.144289216841571, 4434563.612600713036954 ], [ 482739.198812632006593, 4434484.568226060830057 ], [ 482732.586217279720586, 4434464.493697104975581 ], [ 482725.925860693445429, 4434423.441782489418983 ], [ 482784.447265487862751, 4434317.422447283752263 ], [ 482787.398320559819695, 4434302.431831382215023 ], [ 482782.987046580237802, 4434275.248783890157938 ], [ 482790.121713047206867, 4434224.620243925601244 ], [ 482789.409979297313839, 4434211.635790354572237 ], [ 482787.33162720646942, 4434197.766498791985214 ], [ 482778.688870925689116, 4434185.133005623705685 ], [ 482786.236211395123973, 4434166.025264988653362 ], [ 482787.312751165300142, 4434151.8158467868343 ], [ 482786.846555962867569, 4434134.280165870673954 ], [ 482780.559086624940392, 4434107.212371749803424 ], [ 482783.829481194319669, 4434082.564731489866972 ], [ 482753.654146426881198, 4434052.554374928586185 ], [ 482711.403704360185657, 4434001.039174072444439 ], [ 482706.308405705087353, 4433973.302778901532292 ], [ 482691.676467208715621, 4433952.580614135600626 ], [ 482684.33212246192852, 4433948.49065425992012 ], [ 482672.656945758848451, 4433952.734981350600719 ], [ 482667.36133653804427, 4433949.417307184077799 ], [ 482660.690936547587626, 4433941.663096298463643 ], [ 482656.132509856950492, 4433925.024708542972803 ], [ 482629.642606044770218, 4433903.330828100442886 ], [ 482535.138650568784215, 4433865.810313328169286 ], [ 482528.477490537741687, 4433862.162900547496974 ] ] ] } },
{ "type": "Feature", "properties": { "geoid": "14000US42101038900", "name": "Census Tract 389, Philadelphia, PA", "income": 75735.0, "income_moe": 28012.0, "poverty_universe": 3201.0, "below_poverty": 313.0, "universe_moe": 531.0, "below_poverty_moe": 143.0, "poverty_pct": 9.7781943142767886 }, "geometry": { "type": "Polygon", "coordinates": [ [ [ 485253.190682569984347, 4433368.907169779762626 ], [ 485313.15899959160015, 4433238.819714524783194 ], [ 485349.388525369286072, 4433138.746263246051967 ], [ 485423.863326061342377, 4433231.835966335609555 ], [ 485694.959918880194891, 4433014.442921224050224 ], [ 486448.319524569204077, 4433959.043228890746832 ], [ 486187.779574088228401, 4434159.075830299407244 ], [ 486162.305757836613338, 4434174.106100027449429 ], [ 485617.747154419717845, 4434582.680083139799535 ], [ 485376.496024914784357, 4434281.132055239751935 ], [ 485195.573655635525938, 4434047.733852438628674 ], [ 485095.092611011932604, 4434129.620405434630811 ], [ 485052.238146084127948, 4434066.217317077331245 ], [ 484972.894145836995449, 4433967.480205496773124 ], [ 485010.576192790351342, 4433829.553910763934255 ], [ 485009.441546235408168, 4433816.459119315259159 ], [ 484886.572455710731447, 4433663.644987440668046 ], [ 485253.190682569984347, 4433368.907169779762626 ] ] ] } },
{ "type": "Feature", "properties": { "geoid": "14000US42101039001", "name": "Census Tract 390.01, Philadelphia, PA", "income": 59458.0, "income_moe": 32681.0, "poverty_universe": 4123.0, "below_poverty": 1919.0, "universe_moe": 726.0, "below_poverty_moe": 646.0, "poverty_pct": 46.543778801843317 }, "geometry": { "type": "Polygon", "coordinates": [ [ [ 491334.688857417670079, 4432012.322201948612928 ], [ 491603.664769203634933, 4431768.727731445804238 ], [ 491681.657376435236074, 4431860.209596963599324 ], [ 491737.628489383962005, 4431865.03213916439563 ], [ 491801.481005817709956, 4431821.010509737767279 ], [ 491846.94006926973816, 4431888.00021244212985 ], [ 491955.15248995408183, 4432001.539754900150001 ], [ 492148.956468799267896, 4432224.651159102097154 ], [ 492158.662407384777907, 4432205.883634446188807 ], [ 492186.437915667134803, 4432171.336779125966132 ], [ 492275.690919699962251, 4432105.538777431473136 ], [ 492210.108835061080754, 4432043.894676423631608 ], [ 492208.126521170372143, 4432024.251284345053136 ], [ 492372.650757801835425, 4431896.888571405783296 ], [ 492127.804800110985525, 4431570.824598797596991 ], [ 492615.388492470665369, 4431216.273946905508637 ], [ 492704.950774445664138, 4431279.341302093118429 ], [ 492715.252074928022921, 4431255.912330979481339 ], [ 492725.308206803980283, 4431243.693694818764925 ], [ 492740.909690748201683, 4431230.914819094352424 ], [ 492765.306888336897828, 4431226.118945709429681 ], [ 492791.251683004258666, 4431233.752667967230082 ], [ 492816.265976181370206, 4431249.933660756796598 ], [ 492823.6224084419664, 4431269.905080958269536 ], [ 492824.84434679109836, 4431298.983555757440627 ], [ 492809.858687168569304, 4431331.407077010720968 ], [ 492789.649093800631817, 4431343.191265242174268 ], [ 492762.183716297789942, 4431351.0977304847911 ], [ 492755.930488052486908, 4431414.479530957527459 ], [ 492721.269661231723148, 4431481.218227589502931 ], [ 492563.910523799131624, 4431622.218154825270176 ], [ 492484.587754865875468, 4431816.530499998480082 ], [ 492432.019446169724688, 4431973.080078444443643 ], [ 492430.174196496955119, 4432004.825366534292698 ], [ 492444.345608725387137, 4432100.263602817431092 ], [ 492472.548296052729711, 4432236.865670964121819 ], [ 492477.11805360094877, 4432285.697241864167154 ], [ 492458.648284462047741, 4432414.243298708461225 ], [ 492409.750366125721484, 4432653.699966651387513 ], [ 492410.034003542677965, 4432681.4474838078022 ], [ 492466.720980423153378, 4432812.582673657685518 ], [ 492164.376839296717662, 4433031.652285712771118 ], [ 491759.109203819418326, 4432477.346932624466717 ], [ 491599.312178670719732, 4432307.483454125933349 ], [ 491354.337017151177861, 4432035.496966450475156 ], [ 491334.688857417670079, 4432012.322201948612928 ] ] ] } },
{ "type": "Feature", "properties": { "geoid": "14000US42101039002", "name": "Census Tract 390.02, Philadelphia, PA", "income": 66278.0, "income_moe": 12758.0, "poverty_universe": 4826.0, "below_poverty": 722.0, "universe_moe": 1102.0, "below_poverty_moe": 439.0, "poverty_pct": 14.960629921259843 }, "geometry": { "type": "Polygon", "coordinates": [ [ [ 491098.232398909400217, 4431090.037858448922634 ], [ 491144.399307351268362, 4431096.421404897235334 ], [ 491192.351602149487007, 4431097.364604593254626 ], [ 491237.224220287869684, 4431091.319225379265845 ], [ 491280.212430222891271, 4431078.838796719908714 ], [ 491320.294233973312657, 4431061.478327817283571 ], [ 491358.492050172702875, 4431037.904719236306846 ], [ 491696.230614222353324, 4430752.836522503755987 ], [ 491746.713450472918339, 4430724.922828643582761 ], [ 491774.093517848523334, 4430715.90288811083883 ], [ 491805.402385941066314, 4430710.319527582265437 ], [ 491851.563855123356916, 4430710.047922825440764 ], [ 491873.83707259176299, 4430712.798851739615202 ], [ 491931.281785864208359, 4430731.495118328370154 ], [ 491967.226950471755117, 4430752.989280222915113 ], [ 492615.388492470665369, 4431216.273946905508637 ], [ 492127.804800110985525, 4431570.824598797596991 ], [ 492372.650757801835425, 4431896.888571405783296 ], [ 492258.843890505086165, 4431981.800846966914833 ], [ 492208.126521170372143, 4432024.251284345053136 ], [ 492210.108835061080754, 4432043.894676423631608 ], [ 492275.690919699962251, 4432105.538777431473136 ], [ 492186.437915667134803, 4432171.336779125966132 ], [ 492158.662407384777907, 4432205.883634446188807 ], [ 492148.956468799267896, 4432224.651159102097154 ], [ 491955.15248995408183, 4432001.539754900150001 ], [ 491846.94006926973816, 4431888.00021244212985 ], [ 491801.481005817709956, 4431821.010509737767279 ], [ 491737.628489383962005, 4431865.03213916439563 ], [ 491681.657376435236074, 4431860.209596963599324 ], [ 491603.664769203634933, 4431768.727731445804238 ], [ 491105.691813550016377, 4431121.106600501574576 ], [ 491098.232398909400217, 4431090.037858448922634 ] ] ] } },
{ "type": "Feature", "properties": { "geoid": "14000US42101039100", "name": "Census Tract 391, Philadelphia, PA", "income": 33328.0, "income_moe": 18572.0, "poverty_universe": 2152.0, "below_poverty": 1100.0, "universe_moe": 546.0, "below_poverty_moe": 496.0, "poverty_pct": 51.115241635687731 }, "geometry": { "type": "Polygon", "coordinates": [ [ [ 480971.555166336707771, 4420101.365302042104304 ], [ 481249.535977041348815, 4419798.118997812271118 ], [ 481772.324197518115398, 4419514.716321524232626 ], [ 481847.440481574449223, 4419480.130451328121126 ], [ 481948.711396684579086, 4419844.934848579578102 ], [ 482167.13093925389694, 4420178.721803762950003 ], [ 482272.485591229458805, 4420399.456599664874375 ], [ 482276.413625684101135, 4420398.448563128709793 ], [ 482327.484743667358998, 4420461.927130519412458 ], [ 482371.659940013079904, 4420536.520947088487446 ], [ 482381.797103678865824, 4420560.360304296016693 ], [ 482435.829287180153187, 4420797.420671474188566 ], [ 482461.799457186716609, 4421167.511737393215299 ], [ 482470.428380887722597, 4421241.855056593194604 ], [ 482306.95197554473998, 4421260.545979147776961 ], [ 482243.818377467629034, 4421261.247695287689567 ], [ 482171.45061083015753, 4421185.721513238735497 ], [ 482108.001506280270405, 4421125.047720009461045 ], [ 481001.100079871946946, 4420127.818196403793991 ], [ 480971.555166336707771, 4420101.365302042104304 ] ] ] } },
{ "type": "Feature", "properties": { "geoid": "14000US42101980001", "name": "Census Tract 9800.01, Philadelphia, PA", "income": null, "income_moe": null, "poverty_universe": 0.0, "below_poverty": 0.0, "universe_moe": 12.0, "below_poverty_moe": 12.0, "poverty_pct": null }, "geometry": { "type": "Polygon", "coordinates": [ [ [ 482546.73647416383028, 4425909.150844248011708 ], [ 482766.824658761790488, 4425596.544019694440067 ], [ 483037.620625873212703, 4425385.053987190127373 ], [ 483435.729365546198096, 4425126.124815879389644 ], [ 483456.041519517428242, 4425042.615887404419482 ], [ 483457.172851806972176, 4425013.089988831430674 ], [ 483688.142785999865737, 4424448.760978636331856 ], [ 484202.700743483845145, 4424014.25971338711679 ], [ 484343.469825260632206, 4423819.181432759389281 ], [ 484457.603921946079936, 4423835.707230902276933 ], [ 484506.336385047063231, 4423819.292420576326549 ], [ 484792.334272337146103, 4423851.236229460686445 ], [ 484810.072580538748298, 4423838.325991481542587 ], [ 484922.083603365521412, 4423818.458234365098178 ], [ 484970.214296980702784, 4423799.494816911406815 ], [ 484839.890392488741782, 4423930.055391965433955 ], [ 484655.020941387105267, 4424156.179439031518996 ], [ 484492.61147533840267, 4424335.091516603715718 ], [ 484466.307657297234982, 4424334.590162975713611 ], [ 484164.257992324302904, 4424665.852046864107251 ], [ 484122.489345437905286, 4424742.744276923127472 ], [ 483962.551159398397431, 4425150.635870170779526 ], [ 483946.464310081850272, 4425175.198637439869344 ], [ 483900.51500112580834, 4425210.923554884269834 ], [ 483804.089225259667728, 4425240.873454621061683 ], [ 483795.013863437285181, 4425269.639274246990681 ], [ 483786.508087367052212, 4425325.2635711543262 ], [ 483805.566268189286347, 4425373.281861864030361 ], [ 483842.21399815561017, 4425421.373847365379333 ], [ 483848.240942775737494, 4425444.891029458492994 ], [ 484108.757028866559267, 4426959.36365267727524 ], [ 484014.35952363233082, 4427213.17507918830961 ], [ 483987.127386951411609, 4427334.767179631628096 ], [ 483987.117959552269895, 4427614.241940981708467 ], [ 484049.69139633938903, 4427819.332504958845675 ], [ 484008.769548177951947, 4427802.880770355463028 ], [ 483914.279445723746903, 4427804.411840762943029 ], [ 483882.85118357418105, 4427796.930973826907575 ], [ 483817.73428203293588, 4427762.773022707551718 ], [ 483737.350348244828638, 4427734.752739015035331 ], [ 483712.486459773441311, 4427763.441557365469635 ], [ 483631.87065195426112, 4427746.854938489384949 ], [ 483440.28826526470948, 4427260.79677218478173 ], [ 483114.643524999264628, 4426811.000900235958397 ], [ 482830.464756321453024, 4426404.189805570058525 ], [ 482575.85086537321331, 4426207.315969374962151 ], [ 482564.154558042588178, 4426095.686162204481661 ], [ 482546.73647416383028, 4425909.150844248011708 ] ] ] } },
{ "type": "Feature", "properties": { "geoid": "14000US42101980002", "name": "Census Tract 9800.02, Philadelphia, PA", "income": null, "income_moe": null, "poverty_universe": 0.0, "below_poverty": 0.0, "universe_moe": 12.0, "below_poverty_moe": 12.0, "poverty_pct": null }, "geometry": { "type": "Polygon", "coordinates": [ [ [ 480613.580968757683877, 4425860.774479653686285 ], [ 480686.277110628376249, 4425740.386739196255803 ], [ 480774.998902047227602, 4425709.97271494101733 ], [ 480892.281083435344044, 4425730.099763201549649 ], [ 480946.204416944179684, 4425714.53691553324461 ], [ 482603.968162134289742, 4424911.548119919374585 ], [ 483023.461545866623055, 4424970.536253071390092 ], [ 483052.634341405064333, 4424726.292441390454769 ], [ 483038.896655228803866, 4424692.803935532458127 ], [ 483006.791509315546136, 4424617.735034761019051 ], [ 482974.936910928576253, 4424578.626583421602845 ], [ 482897.680835632781964, 4424514.758241387084126 ], [ 482816.539768974238541, 4424470.655724844895303 ], [ 483388.31555720261531, 4424254.510077310726047 ], [ 483683.079225537192542, 4424157.977404604665935 ], [ 483785.01072791335173, 4424100.488801079802215 ], [ 483899.685042495257221, 4424010.343520743772388 ], [ 483980.554618669964839, 4423926.042492013424635 ], [ 484017.453002685040701, 4423846.607040020637214 ], [ 484051.257277089753188, 4423716.677756370045245 ], [ 484144.647056283138227, 4423736.572032536379993 ], [ 484343.469825260632206, 4423819.181432759389281 ], [ 484202.700743483845145, 4424014.25971338711679 ], [ 483688.142785999865737, 4424448.760978636331856 ], [ 483457.172851806972176, 4425013.089988831430674 ], [ 483435.729365546198096, 4425126.124815879389644 ], [ 483037.620625873212703, 4425385.053987190127373 ], [ 482766.824658761790488, 4425596.544019694440067 ], [ 482546.73647416383028, 4425909.150844248011708 ], [ 482575.85086537321331, 4426207.315969374962151 ], [ 482830.464756321453024, 4426404.189805570058525 ], [ 483440.28826526470948, 4427260.79677218478173 ], [ 483631.87065195426112, 4427746.854938489384949 ], [ 483669.862017143808771, 4428187.07409468665719 ], [ 483603.745070830336772, 4428440.275642064400017 ], [ 483572.622849856619723, 4428494.395387486554682 ], [ 483509.142898646416143, 4428543.923726001754403 ], [ 482665.405360855569597, 4428902.192037926055491 ], [ 482420.78024902578909, 4429078.674465538933873 ], [ 482324.807301062042825, 4428986.108290139585733 ], [ 482309.271340942650568, 4428948.185436484403908 ], [ 482228.890396474744193, 4428882.000115970149636 ], [ 482404.831264872453175, 4428788.136544852517545 ], [ 482660.747176428209059, 4428693.31741551309824 ], [ 482371.2900420568767, 4428567.563907217234373 ], [ 482289.185690757120028, 4428495.832409794442356 ], [ 482640.845996462565381, 4428350.289476468227804 ], [ 482819.18025498528732, 4428439.232386022806168 ], [ 482844.694852782646194, 4428360.926140021532774 ], [ 482776.85075647191843, 4428328.55907525960356 ], [ 482753.658786194690038, 4428301.640804086811841 ], [ 482855.070285633963067, 4428268.447249794378877 ], [ 482576.455036330677103, 4427813.573326204903424 ], [ 482459.830265930737369, 4427877.550093608908355 ], [ 482360.051092331530526, 4427732.715608296915889 ], [ 482366.219116654072423, 4427705.397541774436831 ], [ 482356.355805722996593, 4427685.220057921484113 ], [ 482308.541351192514412, 4427680.003517180681229 ], [ 482302.809694779280107, 4427637.951284954324365 ], [ 482270.972017065796535, 4427565.659321417100728 ], [ 482146.067153377516661, 4427593.810092804022133 ], [ 481870.470754345296882, 4427466.711171332746744 ], [ 481597.82226446288405, 4427362.257224229164422 ], [ 481532.918839432066306, 4427316.353216979652643 ], [ 481438.455058135441504, 4427191.052304401993752 ], [ 481365.377117454831023, 4427119.75274720415473 ], [ 481191.134335435810499, 4426702.300694148987532 ], [ 480781.274395612766966, 4426403.205275533720851 ], [ 480741.539240504440386, 4426355.468651472590864 ], [ 480633.849378358281683, 4426041.526865518651903 ], [ 480616.645290554093663, 4425924.142404116690159 ], [ 480613.580968757683877, 4425860.774479653686285 ] ] ] } },
{ "type": "Feature", "properties": { "geoid": "14000US42101980003", "name": "Census Tract 9800.03, Philadelphia, PA", "income": null, "income_moe": null, "poverty_universe": 0.0, "below_poverty": 0.0, "universe_moe": 12.0, "below_poverty_moe": 12.0, "poverty_pct": null }, "geometry": { "type": "Polygon", "coordinates": [ [ [ 484021.860031690157484, 4422812.170598743483424 ], [ 484344.791244659398217, 4422758.003213388845325 ], [ 484606.002382619888522, 4422719.623536504805088 ], [ 484634.747198683558963, 4422826.55979241989553 ], [ 484649.345137124182656, 4422907.331032677553594 ], [ 484700.491281295078807, 4423111.449661446735263 ], [ 484631.675208897853736, 4423336.231862412765622 ], [ 484483.359939071699046, 4423566.392809900455177 ], [ 484343.469825260632206, 4423819.181432759389281 ], [ 484307.492742533562705, 4423808.600405497476459 ], [ 484258.943230496777687, 4423789.388286610133946 ], [ 484182.170062823803164, 4423751.033736143261194 ], [ 484144.647056283138227, 4423736.572032536379993 ], [ 484077.314238238206599, 4423720.618896379135549 ], [ 484051.257277089753188, 4423716.677756370045245 ], [ 484057.492726670228876, 4423676.264307778328657 ], [ 484059.566795289400034, 4423647.069572299718857 ], [ 484060.664446656417567, 4423559.385106932371855 ], [ 484057.857924402458593, 4423442.629425675608218 ], [ 484051.293303954764269, 4423325.88163167051971 ], [ 484050.023742961289827, 4423209.011787824332714 ], [ 484054.172352126915939, 4423150.733347367495298 ], [ 484059.92020818637684, 4423121.974909543059766 ], [ 484070.112330658361316, 4423094.539065341465175 ], [ 484088.856907318637241, 4423072.412893129512668 ], [ 484111.452340809686575, 4423053.719427636824548 ], [ 484135.589707998151425, 4423037.131629617884755 ], [ 484242.090897697024047, 4422991.404759825207293 ], [ 484214.724356841761619, 4422892.458354756236076 ], [ 484063.935476999322418, 4422918.188896960578859 ], [ 484052.058950323727913, 4422916.326913303695619 ], [ 484040.678864841116592, 4422906.805600591003895 ], [ 484034.158073980768677, 4422892.834523836150765 ], [ 484022.468411170877516, 4422817.163871090859175 ], [ 484021.860031690157484, 4422812.170598743483424 ] ] ] } },
{ "type": "Feature", "properties": { "geoid": "14000US42101980100", "name": "Census Tract 9801, Philadelphia, PA", "income": 111295.0, "income_moe": 392.0, "poverty_universe": 292.0, "below_poverty": 0.0, "universe_moe": 430.0, "below_poverty_moe": 12.0, "poverty_pct": 0.0 }, "geometry": { "type": "Polygon", "coordinates": [ [ [ 480160.677936297026463, 4437024.050399242900312 ], [ 480270.570318413316272, 4436957.168175639584661 ], [ 480441.207213908433914, 4436905.33671366609633 ], [ 480579.038605883484706, 4436826.732790478505194 ], [ 480703.368048555334099, 4436634.287290117703378 ], [ 480731.991301480215043, 4436557.518652522005141 ], [ 480354.298435311997309, 4436333.616154603660107 ], [ 480492.472444453742355, 4436251.902108795009553 ], [ 480567.230258451367263, 4436144.269495443440974 ], [ 480758.940416910103522, 4436089.283644084818661 ], [ 480797.603453835821711, 4436002.833538477309048 ], [ 480643.450829338631593, 4435840.399171547964215 ], [ 480630.525308795098681, 4435754.080000124871731 ], [ 480550.547773192753084, 4435623.535412112250924 ], [ 480673.029337846208364, 4435602.022967746481299 ], [ 480918.075930835853796, 4435320.037191747687757 ], [ 480937.638471354031935, 4435265.823762844316661 ], [ 480803.289872690394986, 4435115.767700048163533 ], [ 480828.652295831590891, 4434724.344714839011431 ], [ 480729.697632854105905, 4434680.087341985665262 ], [ 480942.499762703955639, 4434348.793329013511539 ], [ 480816.130568456370384, 4434257.653987071476877 ], [ 480627.845969067828264, 4434336.492538730613887 ], [ 480513.073044113290962, 4434478.412349736317992 ], [ 480412.107667668897193, 4434417.071454731747508 ], [ 480611.640870194823947, 4434069.042685693129897 ], [ 480212.007037355389912, 4433820.341151403263211 ], [ 480299.198737949249335, 4433730.432787394151092 ], [ 480624.464151730295271, 4433612.721258981153369 ], [ 481253.933510328817647, 4433229.772846568375826 ], [ 481361.457884601608384, 4433144.821361009962857 ], [ 481412.985138772753999, 4433042.693499795161188 ], [ 481416.757002292957623, 4432701.606149010360241 ], [ 481439.341758669237606, 4432588.228243016637862 ], [ 481475.220982870203443, 4432504.008852008730173 ], [ 481558.125675524177495, 4432392.815332662314177 ], [ 481953.463369995122775, 4432041.243061127141118 ], [ 482082.962713277840521, 4431894.427561252377927 ], [ 482128.23751632362837, 4431810.411240955814719 ], [ 482230.204690380487591, 4431525.256601511500776 ], [ 482277.672023659630213, 4431282.185195292346179 ], [ 482461.010781314224005, 4431386.20293796621263 ], [ 482644.722680041275453, 4431058.023241363465786 ], [ 482456.013662673649378, 4430958.564134771935642 ], [ 482592.821198338409886, 4430711.848568669520319 ], [ 482658.882418185821734, 4430644.880742714740336 ], [ 482721.454859800171107, 4430619.210234755650163 ], [ 482716.891601422976237, 4430601.240000795572996 ], [ 482776.155901964637451, 4430584.012815765105188 ], [ 482768.134074740344658, 4430545.960947887971997 ], [ 482730.266783021739684, 4430554.260242089629173 ], [ 482701.241372891701758, 4430510.817610776983202 ], [ 482679.474862313538324, 4430507.537431113421917 ], [ 482691.909252981829923, 4430422.156738514080644 ], [ 482659.099198370939121, 4430403.251983454450965 ], [ 482551.06078017980326, 4430101.602701471187174 ], [ 482627.085997514426708, 4429948.926542847417295 ], [ 482676.491368327173404, 4429722.391619523055851 ], [ 482612.267093473812565, 4429625.975820917636156 ], [ 482569.661173222586513, 4429653.821175522170961 ], [ 482452.542055279423948, 4429676.177803248167038 ], [ 482315.973783746943809, 4429628.32397052180022 ], [ 482337.464798224216793, 4429548.582298638299108 ], [ 482322.621265140769538, 4429514.32049407903105 ], [ 482342.669611810939386, 4429437.911943938583136 ], [ 482289.246768709097523, 4429255.122645024210215 ], [ 482247.859557447896805, 4429220.478893850930035 ], [ 482282.693213014747016, 4429189.542111276648939 ], [ 482319.31280355603667, 4429229.191736709326506 ], [ 482432.787361269060057, 4429473.553397406823933 ], [ 482510.808304387086537, 4429444.737826085649431 ], [ 482725.29668442212278, 4429530.931700071319938 ], [ 482824.041054833913222, 4429684.430868073366582 ], [ 482945.337826821894851, 4429926.22975866496563 ], [ 483135.127131994115189, 4430157.889176214113832 ], [ 483359.548392652184702, 4430350.18654493894428 ], [ 483550.265601010760292, 4430469.309121504426003 ], [ 483511.870211784029379, 4430549.417045075446367 ], [ 484004.94956516334787, 4430937.277186531573534 ], [ 484128.454935968096834, 4430834.129316460341215 ], [ 484156.144101796846371, 4430855.048913355916739 ], [ 484124.196513712638989, 4430919.601543026044965 ], [ 484175.599454316834453, 4430978.541753150522709 ], [ 483869.147492785064969, 4431315.489906762726605 ], [ 483721.695161338895559, 4431227.122138772159815 ], [ 483630.634970676270314, 4431335.645372381433845 ], [ 483504.015776614192873, 4431333.810309805907309 ], [ 483190.514523179619573, 4431472.459677523933351 ], [ 483146.805154008150566, 4431537.597516574896872 ], [ 483088.33836264378624, 4431833.519912119954824 ], [ 483057.959188387379982, 4431906.842036978341639 ], [ 482970.500480310001876, 4431863.417839348316193 ], [ 482695.101832956832368, 4432161.386653956957161 ], [ 482660.022016459261067, 4432004.41342665348202 ], [ 482667.500126514758449, 4431954.117149410769343 ], [ 482464.649007884145249, 4432112.41272550355643 ], [ 482431.108382053789683, 4432291.186848533339798 ], [ 482504.461122644133866, 4432396.459717472083867 ], [ 482488.609100932721049, 4432514.147485398687422 ], [ 482508.258294672705233, 4432563.604542375542223 ], [ 482450.101637427462265, 4432462.51418642513454 ], [ 482339.897695867577568, 4432394.953600507229567 ], [ 482241.29754993453389, 4432438.470219431445003 ], [ 482190.098633522924501, 4432577.995739752426744 ], [ 482091.251540895726066, 4432732.506729112938046 ], [ 482107.209989350230899, 4432843.904923168942332 ], [ 482098.4608956555021, 4432895.869720296934247 ], [ 482183.461093521851581, 4432912.318658050149679 ], [ 482085.247768070839811, 4433008.113642444834113 ], [ 482058.208175237057731, 4433080.76615184918046 ], [ 481972.595765553414822, 4433165.100717958062887 ], [ 481910.386722980008926, 4433190.221801219508052 ], [ 481849.535284399520606, 4433247.860788434743881 ], [ 481799.278825390269049, 4433241.432527032680809 ], [ 481735.679890388273634, 4433291.087602211162448 ], [ 481672.398493627493735, 4433436.639516151510179 ], [ 481479.491098152357154, 4433625.460925205610693 ], [ 481429.14743603032548, 4433756.88745404407382 ], [ 481414.898129873094149, 4433928.960025722160935 ], [ 481448.734167241957039, 4433918.888002248480916 ], [ 481547.638241020089481, 4434010.215495090000331 ], [ 481664.394705328973942, 4434007.712831491604447 ], [ 481745.095577503088862, 4434049.917370548471808 ], [ 481848.129753808490932, 4434194.293057153001428 ], [ 481870.422820516629145, 4434279.481731064617634 ], [ 481837.558316163893323, 4434196.09420995041728 ], [ 481747.303136698843446, 4434116.729299614205956 ], [ 481595.452204121509567, 4434066.594431520439684 ], [ 481530.16497626202181, 4434155.102671712636948 ], [ 481503.825364032527432, 4434126.086851959116757 ], [ 481464.444108980300371, 4434205.098282246850431 ], [ 481490.252226434764452, 4434331.011404280550778 ], [ 481337.88086291984655, 4434345.702376239933074 ], [ 481191.779554633249063, 4434653.400302319787443 ], [ 481250.563633038196713, 4434732.170377811416984 ], [ 481172.839434261608403, 4434891.192657810635865 ], [ 481366.613789624942001, 4435210.816311522386968 ], [ 481612.106817900843453, 4435378.925954869017005 ], [ 481649.884165755822323, 4435343.871950783766806 ], [ 481716.411432478402276, 4435419.852134939283133 ], [ 481582.468500358518213, 4435499.757474519312382 ], [ 481482.586514067661483, 4435384.013503428548574 ], [ 481333.421277369314339, 4435306.795233773998916 ], [ 481024.165116494405083, 4435697.700335189700127 ], [ 481125.771720343094785, 4435819.982611800543964 ], [ 481047.496696984278969, 4435889.436976593919098 ], [ 481233.92845317767933, 4435868.329083191230893 ], [ 481603.145112431666348, 4435868.202016851864755 ], [ 481653.958031293645035, 4435935.562394269742072 ], [ 481498.531791453482583, 4436083.115704851225019 ], [ 481536.26837633427931, 4436173.149669815786183 ], [ 481603.764631700585596, 4436264.443533036857843 ], [ 481535.429009772429708, 4436318.773844631388783 ], [ 481480.692004290933255, 4436319.90617208275944 ], [ 481375.520988957898226, 4436199.403749139979482 ], [ 481049.461644855909981, 4436471.365798490121961 ], [ 481113.534135252120905, 4436556.004360467195511 ], [ 480980.810393877793103, 4436499.507698057219386 ], [ 480885.680498739762697, 4436576.331635870970786 ], [ 480847.670787479029968, 4436616.828793175518513 ], [ 480889.993601114256307, 4436663.8939328212291 ], [ 480770.963930738973431, 4436863.426453033462167 ], [ 480624.611634969071019, 4437011.197086133994162 ], [ 480666.328781650809105, 4437021.634960377588868 ], [ 480586.06658068660181, 4437140.935109398327768 ], [ 480349.291748901188839, 4437330.343434381298721 ], [ 480139.553784232761245, 4437064.06305886618793 ], [ 480160.677936297026463, 4437024.050399242900312 ] ] ] } },
{ "type": "Feature", "properties": { "geoid": "14000US42101980200", "name": "Census Tract 9802, Philadelphia, PA", "income": null, "income_moe": null, "poverty_universe": 62.0, "below_poverty": 29.0, "universe_moe": 53.0, "below_poverty_moe": 17.0, "poverty_pct": 46.774193548387096 }, "geometry": { "type": "Polygon", "coordinates": [ [ [ 493954.053726121026557, 4437401.864879196509719 ], [ 494003.482012023334391, 4437379.627248927950859 ], [ 494182.712056424177717, 4437197.571876516565681 ], [ 494491.913318378501572, 4437178.028467936441302 ], [ 494543.500260001805145, 4437189.534345686435699 ], [ 494612.292681255203206, 4437179.051934733055532 ], [ 494689.672719489433803, 4437135.377550419420004 ], [ 494162.858242030721158, 4436656.94565455429256 ], [ 494236.578236560279038, 4436505.496449150145054 ], [ 494355.446041758696083, 4436408.622240150347352 ], [ 494270.01204775297083, 4436181.708100493997335 ], [ 494216.911324130138382, 4435983.517140074633062 ], [ 494119.983305950881913, 4435790.577047034166753 ], [ 494117.737306709226687, 4435753.17458922136575 ], [ 494136.214047282759566, 4435718.41989513579756 ], [ 494395.567564803350251, 4435550.071584502235055 ], [ 494662.184146223240532, 4435750.108331547118723 ], [ 495011.654825057892594, 4436061.424248432740569 ], [ 495237.161636567732785, 4435888.687277659773827 ], [ 495253.574687700951472, 4435955.050021828152239 ], [ 495792.492163494287524, 4436308.684652521274984 ], [ 495885.344216989353299, 4436308.411750790663064 ], [ 495986.443372541689314, 4436263.738925571553409 ], [ 496095.421878332097549, 4436119.059862485155463 ], [ 496235.302229928318411, 4435864.707244649529457 ], [ 496251.986608438310213, 4435807.427295015193522 ], [ 496154.104850604664534, 4435485.600572107359767 ], [ 496087.337904949905351, 4435489.075436602346599 ], [ 495959.737828454351984, 4435589.589689344167709 ], [ 495910.416230465169065, 4435525.573947533033788 ], [ 495982.357284890895244, 4435309.767889039590955 ], [ 495961.844359813665505, 4435221.540487141348422 ], [ 495909.886207398085389, 4435174.951857331208885 ], [ 496190.164738499734085, 4434954.820821023546159 ], [ 496316.216126646089833, 4434973.627160286530852 ], [ 496450.676868297567125, 4434922.728997428901494 ], [ 496713.244800330139697, 4434512.608362861908972 ], [ 496697.680199514667038, 4434021.700283291749656 ], [ 496588.153030601271894, 4433797.213283821940422 ], [ 496583.839505514653865, 4433688.443766767159104 ], [ 496458.96922760544112, 4433503.14556251000613 ], [ 496457.640982485376298, 4433398.481448842212558 ], [ 496423.14893734146608, 4433329.905041201040149 ], [ 495988.522798551712185, 4433098.372532077133656 ], [ 495909.017618749174289, 4433087.648792176507413 ], [ 495841.812974360305816, 4433108.995592365972698 ], [ 495695.757134980056435, 4433219.291212700307369 ], [ 495644.907891066221055, 4433199.452772673219442 ], [ 495654.707689355884213, 4433331.859680666588247 ], [ 495607.554029706632718, 4433358.968664624728262 ], [ 495581.706071302527562, 4433060.528299415484071 ], [ 495525.510679016995709, 4432945.352357033640146 ], [ 495587.993207463819999, 4433017.349076665006578 ], [ 495574.497852747095749, 4432986.723363823257387 ], [ 495788.07105733489152, 4432949.530888208188117 ], [ 495944.312832758587319, 4432892.39640948921442 ], [ 496138.474581707676407, 4432920.264994616620243 ], [ 496272.878938875219319, 4433030.412074862979352 ], [ 496475.115669558465015, 4433007.007390989921987 ], [ 496651.453603027330246, 4432861.529213906265795 ], [ 496929.323437270417344, 4432748.977808454073966 ], [ 497114.675311114813667, 4432714.608897254802287 ], [ 497309.549934201408178, 4432827.859296916052699 ], [ 497282.972621404915117, 4432931.756447155028582 ], [ 497301.95827104174532, 4433068.823741784319282 ], [ 497399.30676243751077, 4433130.389880509115756 ], [ 497535.36797818611376, 4433157.093383542262018 ], [ 497779.051752874511294, 4433103.187508631497622 ], [ 497925.365475009952206, 4433193.714924496598542 ], [ 498037.539493537566159, 4433217.881188777275383 ], [ 498179.452025665959809, 4433117.620827842503786 ], [ 498252.24920534476405, 4432906.276606691069901 ], [ 498242.25085270148702, 4432828.363154193386436 ], [ 498180.385118879086804, 4432739.806826396845281 ], [ 498144.439099597744644, 4432604.184424987062812 ], [ 498270.090017358073965, 4432587.50611412525177 ], [ 498334.498142887197901, 4432598.812809059396386 ], [ 498421.690852161613293, 4432649.961075729690492 ], [ 498375.898009058262687, 4432724.001776795834303 ], [ 498382.323365147749428, 4432853.416023443453014 ], [ 498344.377298754698131, 4432915.579222110100091 ], [ 498484.043686062621418, 4433052.513118010945618 ], [ 498543.517168330028653, 4433152.615497593767941 ], [ 498565.97789601131808, 4433295.900824131444097 ], [ 498543.486954289313871, 4433439.860683573409915 ], [ 498447.985196655441541, 4433585.056115395389497 ], [ 498006.413788030855358, 4433899.042486308142543 ], [ 497931.658483019156847, 4433750.001192118041217 ], [ 498044.13816545746522, 4433668.281824297271669 ], [ 498009.832117485464551, 4433599.143191315233707 ], [ 498061.086946307972539, 4433571.937079849652946 ], [ 497973.456451720383484, 4433447.87176922801882 ], [ 497868.355107953888364, 4433387.743305370211601 ], [ 497771.028149317833595, 4433375.340230298228562 ], [ 497483.178276248916518, 4433454.788879531435668 ], [ 497344.23262113641249, 4433458.054940490983427 ], [ 497296.562113743450027, 4433485.597583305090666 ], [ 497251.647181589214597, 4433584.395904421806335 ], [ 497224.016778588760644, 4433597.946885796263814 ], [ 497126.164233263581991, 4433544.707486504688859 ], [ 497033.156107598042581, 4433450.400702747516334 ], [ 496971.741845174343325, 4433447.206196288578212 ], [ 496927.744546695612371, 4433485.182866775430739 ], [ 496919.486468257324304, 4433523.589179345406592 ], [ 496940.759255981363822, 4433608.821857491508126 ], [ 496889.639618298504502, 4433747.470713107846677 ], [ 497009.62248688476393, 4434120.575298896990716 ], [ 496969.602689502527937, 4434285.191345640458167 ], [ 497081.238081653835252, 4434717.015171533450484 ], [ 496991.36692726315232, 4434971.664679861627519 ], [ 496581.748987917439081, 4435296.710263705812395 ], [ 496537.838402896595653, 4435310.049151712097228 ], [ 496414.419254415319301, 4435434.86097090691328 ], [ 496408.836995981168002, 4435531.648273123428226 ], [ 496443.828907307819463, 4435596.117916489951313 ], [ 496481.121975274640135, 4435659.365751945413649 ], [ 496610.709187353611924, 4435794.93854099791497 ], [ 496323.436237357964274, 4436322.837745373137295 ], [ 496257.718574965489097, 4436364.491773696616292 ], [ 496320.607245361083187, 4436467.128385730087757 ], [ 496290.51222958706785, 4436472.137668364681304 ], [ 496273.108287610986736, 4436450.7247877093032 ], [ 496112.654617207823321, 4436469.562903666868806 ], [ 496179.568571709678508, 4436605.826813372783363 ], [ 495968.568391704233363, 4436962.996675587259233 ], [ 495649.102208659751341, 4436647.290422584861517 ], [ 495586.870938434090931, 4436661.866291159763932 ], [ 495503.605471097922418, 4436574.231658806093037 ], [ 495293.047553805925418, 4436769.926936734467745 ], [ 495135.123504079296254, 4437395.354855437763035 ], [ 495242.458441782859154, 4437536.468538103625178 ], [ 495164.629673866613302, 4437677.144590423442423 ], [ 495135.072352510236669, 4437714.345809509046376 ], [ 495026.414452166471165, 4437765.028637820854783 ], [ 494551.281629681587219, 4437815.301505926065147 ], [ 494488.655730602622498, 4437857.301745101809502 ], [ 494362.354258309933357, 4438017.223137476481497 ], [ 494230.214997837494593, 4437891.790496718138456 ], [ 493846.358782445255201, 4437584.533310087397695 ], [ 493724.225456829299219, 4437516.706273432821035 ], [ 493668.84845207084436, 4437457.260584011673927 ], [ 493650.044676505960524, 4437399.227493399754167 ], [ 493954.053726121026557, 4437401.864879196509719 ] ] ] } },
{ "type": "Feature", "properties": { "geoid": "14000US42101980300", "name": "Census Tract 9803, Philadelphia, PA", "income": null, "income_moe": null, "poverty_universe": 0.0, "below_poverty": 0.0, "universe_moe": 12.0, "below_poverty_moe": 12.0, "poverty_pct": null }, "geometry": { "type": "Polygon", "coordinates": [ [ [ 498880.747411954274867, 4435756.527107840403914 ], [ 499380.146785784454551, 4435433.484401021152735 ], [ 499639.387582879746333, 4435629.145785744301975 ], [ 499692.513585560314823, 4435677.757762064225972 ], [ 499740.778906493855175, 4435738.135387893766165 ], [ 499789.811812622181606, 4435832.032772360369563 ], [ 499821.279479176155291, 4435975.988109038211405 ], [ 499849.078186936618295, 4436052.793725837953389 ], [ 500201.640792778751347, 4436603.091765269637108 ], [ 500235.914346361591015, 4436639.054081629030406 ], [ 500810.776382496929727, 4437069.186940396204591 ], [ 500931.062667013204191, 4437140.235526749864221 ], [ 500983.829649084422272, 4437182.308097418397665 ], [ 501124.049419140443206, 4437336.495281704701483 ], [ 501206.378710952936672, 4437489.121782256290317 ], [ 501275.916542091465089, 4437646.741688476875424 ], [ 501307.96184244932374, 4437694.251696755178273 ], [ 501348.617753566650208, 4437736.10278080124408 ], [ 500386.630914648296311, 4438763.77898464910686 ], [ 500156.40264247142477, 4439034.591580589301884 ], [ 500084.379518892732449, 4439142.25285196211189 ], [ 499885.792508464248385, 4439352.694469127804041 ], [ 499846.928896036290098, 4439403.529595923610032 ], [ 498955.921202916360926, 4438604.789316188544035 ], [ 498793.346123698574957, 4438438.658292973414063 ], [ 497531.587357445445377, 4436744.339183990843594 ], [ 498880.747411954274867, 4435756.527107840403914 ] ] ] } },
{ "type": "Feature", "properties": { "geoid": "14000US42101980400", "name": "Census Tract 9804, Philadelphia, PA", "income": null, "income_moe": null, "poverty_universe": 0.0, "below_poverty": 0.0, "universe_moe": 12.0, "below_poverty_moe": 12.0, "poverty_pct": null }, "geometry": { "type": "Polygon", "coordinates": [ [ [ 478428.487845895520877, 4414018.031988315284252 ], [ 478755.833968223945703, 4414077.936903271824121 ], [ 478900.516070346464403, 4413920.264843923971057 ], [ 479286.013553846045397, 4413664.93493702635169 ], [ 479342.640920064703096, 4413638.477338425815105 ], [ 479395.450857237738091, 4413623.351305892691016 ], [ 479435.380829985660966, 4413620.580035024322569 ], [ 479467.001572083216161, 4413644.46859030239284 ], [ 479467.387233390822075, 4413692.525684407912195 ], [ 479526.816509222087916, 4413722.2222338039428 ], [ 479562.209054259641562, 4413781.728471550159156 ], [ 479588.242597618082073, 4413795.310515655204654 ], [ 479637.858652718947269, 4413865.54504070058465 ], [ 479693.591649849782698, 4413888.815382339991629 ], [ 479682.441638736869209, 4413908.601018382236362 ], [ 479690.166921018098947, 4413919.457384226843715 ], [ 479738.750133202353027, 4413923.324022532440722 ], [ 479787.124033620289993, 4414042.064908226951957 ], [ 479858.522012240893673, 4414104.47407279536128 ], [ 479902.452403890376445, 4414127.999025431461632 ], [ 479979.64807577006286, 4414151.880962216295302 ], [ 480333.318133109249175, 4414113.892337710596621 ], [ 480678.114413367991801, 4414048.528324945829809 ], [ 480865.104979900119361, 4414002.774446295574307 ], [ 481209.451079385180492, 4413959.189377007074654 ], [ 481279.113307914172765, 4413980.772184469737113 ], [ 481354.968392145994585, 4413982.140581404790282 ], [ 481442.312019278062508, 4413995.690573947504163 ], [ 481552.785931142338086, 4414026.499919985421002 ], [ 481546.950155982282013, 4413911.64078913256526 ], [ 481637.939020246616565, 4413982.898294042795897 ], [ 481675.189589773421176, 4414040.079007214866579 ], [ 481690.979538206418511, 4414098.865131394937634 ], [ 481686.880360450129956, 4414136.833065859042108 ], [ 481675.997015530010685, 4414162.830496357753873 ], [ 481838.127381164988037, 4414413.832736771553755 ], [ 481878.888698423863389, 4414510.629075637087226 ], [ 481883.588276984519325, 4414581.3177270591259 ], [ 481866.933907248952892, 4414733.744732992723584 ], [ 481851.690731890965253, 4414796.045603087171912 ], [ 481822.115729714685585, 4414836.182847767136991 ], [ 481771.223966955731157, 4414865.272166985087097 ], [ 481704.71288936882047, 4414870.203665751032531 ], [ 481129.422909785644151, 4414726.651582506485283 ], [ 481084.43461998028215, 4414721.879322656430304 ], [ 481036.99992428405676, 4414730.543042805977166 ], [ 480989.694749244896229, 4414756.853955374099314 ], [ 480959.078953057061881, 4414789.338925912044942 ], [ 480905.437740249850322, 4414880.372645452618599 ], [ 480547.821589801926166, 4414665.290509467944503 ], [ 480466.817634170874953, 4414587.250045836903155 ], [ 480447.994870467344299, 4414582.969624667428434 ], [ 480416.006853678147309, 4414613.24050728790462 ], [ 480372.63042894739192, 4414670.511061564087868 ], [ 480341.234935007814784, 4414731.413667026907206 ], [ 480144.466834120568819, 4415251.12865315657109 ], [ 480097.574033255397808, 4415367.678119585849345 ], [ 480042.643288700259291, 4415483.249999687075615 ], [ 479987.969267371110618, 4415533.005136849358678 ], [ 479943.234939633577596, 4415558.316979015246034 ], [ 479827.874901499657426, 4415581.595495686866343 ], [ 479758.704648761020508, 4415580.446613482199609 ], [ 479710.716595955425873, 4415571.361839438788593 ], [ 479645.928763584175613, 4415546.450678586028516 ], [ 479545.195598974009044, 4415476.241711410693824 ], [ 479484.938355160178617, 4415419.687898791395128 ], [ 479403.083201772766188, 4415312.470770444720984 ], [ 479324.121860907005612, 4415169.619210693985224 ], [ 479261.807434225629549, 4415018.177118942141533 ], [ 479143.883133700699545, 4414605.508136828429997 ], [ 479078.898785607307218, 4414481.267191772349179 ], [ 478998.069652705569752, 4414379.712081726640463 ], [ 478921.683335234585684, 4414308.556534436531365 ], [ 478869.503182502929121, 4414271.075405052863061 ], [ 478754.7381748680491, 4414206.68707824498415 ], [ 478551.209483920189086, 4414112.249116792343557 ], [ 478320.935630841879174, 4414026.99347114469856 ], [ 478428.487845895520877, 4414018.031988315284252 ] ] ] } },
{ "type": "Feature", "properties": { "geoid": "14000US42101980500", "name": "Census Tract 9805, Philadelphia, PA", "income": null, "income_moe": null, "poverty_universe": 0.0, "below_poverty": 0.0, "universe_moe": 12.0, "below_poverty_moe": 12.0, "poverty_pct": null }, "geometry": { "type": "Polygon", "coordinates": [ [ [ 487436.769084441533778, 4429428.566954975016415 ], [ 487479.687257799902, 4429423.390592911280692 ], [ 487499.81737445993349, 4429417.03099768795073 ], [ 487779.068788558361121, 4429266.517489545978606 ], [ 487902.971244856831618, 4429202.943638389930129 ], [ 487928.715904534736183, 4429345.858906046487391 ], [ 487956.30502248328412, 4429522.4015973219648 ], [ 488044.235121221165173, 4430029.713234167546034 ], [ 487980.507030630949885, 4430040.357852029614151 ], [ 487945.685560913174413, 4430037.194242126308382 ], [ 487917.673201374651399, 4430076.640494584105909 ], [ 487909.725859803904314, 4430069.549706892110407 ], [ 487880.265846586145926, 4430057.165623555891216 ], [ 487508.995829431281891, 4430120.920382549986243 ], [ 487446.631085646222346, 4430129.458414037711918 ], [ 487443.399005830695387, 4429877.51424350682646 ], [ 487440.011764848604798, 4429790.058974614366889 ], [ 487439.630709336488508, 4429611.031249540857971 ], [ 487437.022752707882319, 4429530.456165780313313 ], [ 487437.860283207264729, 4429469.187813264317811 ], [ 487436.859926389995962, 4429431.896531107835472 ], [ 487436.769084441533778, 4429428.566954975016415 ] ] ] } },
{ "type": "Feature", "properties": { "geoid": "14000US42101980600", "name": "Census Tract 9806, Philadelphia, PA", "income": null, "income_moe": null, "poverty_universe": 0.0, "below_poverty": 0.0, "universe_moe": 12.0, "below_poverty_moe": 12.0, "poverty_pct": null }, "geometry": { "type": "Polygon", "coordinates": [ [ [ 484324.833032434864435, 4417408.796305050142109 ], [ 485114.887327360222116, 4417275.804013572633266 ], [ 485166.591884464316536, 4417270.930851534940302 ], [ 485164.723095484427176, 4417232.976276012137532 ], [ 485125.881438479176722, 4416995.868600660935044 ], [ 485095.920274120115209, 4416842.540430445224047 ], [ 485056.515399351716042, 4416581.793717300519347 ], [ 485213.756758927484043, 4416554.961291752755642 ], [ 485307.60315059160348, 4416546.123018650338054 ], [ 485391.803463120420929, 4416544.407629012130201 ], [ 485623.431137884792406, 4416569.051477457396686 ], [ 485782.054111765464768, 4416594.392876381985843 ], [ 485838.616929725045338, 4416625.142638615332544 ], [ 486034.763947218481917, 4417770.9631487717852 ], [ 486041.820514066843316, 4417843.869979400187731 ], [ 486031.263138540496584, 4417866.309062239713967 ], [ 486010.775582317728549, 4417880.220204358920455 ], [ 485900.777184987615328, 4417927.925883214920759 ], [ 485853.612306351715233, 4417935.893371757119894 ], [ 485856.290258763474412, 4417951.204888402484357 ], [ 485305.526362538745161, 4418042.923411244526505 ], [ 485285.978588809666689, 4417967.04457448143512 ], [ 485486.675484729756135, 4417929.146020996384323 ], [ 485470.15981775970431, 4417784.003840691410005 ], [ 485424.534458899637684, 4417792.747969256713986 ], [ 485400.283558021590579, 4417626.088880171999335 ], [ 485242.289022137469146, 4417650.144341067411005 ], [ 485226.120795148832258, 4417554.72510673571378 ], [ 484375.596030060958583, 4417696.26477961987257 ], [ 484346.032053982664365, 4417534.281368959695101 ], [ 484324.833032434864435, 4417408.796305050142109 ] ] ] } },
{ "type": "Feature", "properties": { "geoid": "14000US42101980701", "name": "Census Tract 9807.01, Philadelphia, PA", "income": null, "income_moe": null, "poverty_universe": 0.0, "below_poverty": 0.0, "universe_moe": 12.0, "below_poverty_moe": 12.0, "poverty_pct": null }, "geometry": { "type": "Polygon", "coordinates": [ [ [ 485043.456919342221227, 4416505.12602705322206 ], [ 485213.256849114142824, 4416473.385508012957871 ], [ 485348.391112029145006, 4416418.296580392867327 ], [ 485433.927818710100837, 4416399.375842741690576 ], [ 486776.754408177512232, 4416343.879916711710393 ], [ 487665.836112742312253, 4416189.005916428752244 ], [ 487900.310272969771177, 4416119.81791695766151 ], [ 488458.790321357257199, 4415874.223881081677973 ], [ 488612.64311407180503, 4416252.130742855370045 ], [ 488770.197131764842197, 4416715.71862050332129 ], [ 488852.568520442175213, 4416984.523340497165918 ], [ 488915.879105112631805, 4417257.79623937793076 ], [ 488375.511352364032064, 4417384.683118582703173 ], [ 487018.821433450095356, 4417680.657030275091529 ], [ 486793.12918498768704, 4417754.40783831756562 ], [ 486347.081583097518887, 4417867.957390636205673 ], [ 485856.290258763474412, 4417951.204888402484357 ], [ 485853.612306351715233, 4417935.893371757119894 ], [ 485900.777184987615328, 4417927.925883214920759 ], [ 486010.775582317728549, 4417880.220204358920455 ], [ 486031.263138540496584, 4417866.309062239713967 ], [ 486041.820514066843316, 4417843.869979400187731 ], [ 486034.763947218481917, 4417770.9631487717852 ], [ 485838.616929725045338, 4416625.142638615332544 ], [ 485782.054111765464768, 4416594.392876381985843 ], [ 485391.803463120420929, 4416544.407629012130201 ], [ 485213.756758927484043, 4416554.961291752755642 ], [ 485056.515399351716042, 4416581.793717300519347 ], [ 485046.986840952653438, 4416517.882824597880244 ], [ 485043.456919342221227, 4416505.12602705322206 ] ] ] } },
{ "type": "Feature", "properties": { "geoid": "14000US42101980702", "name": "Census Tract 9807.02, Philadelphia, PA", "income": null, "income_moe": null, "poverty_universe": 0.0, "below_poverty": 0.0, "universe_moe": 12.0, "below_poverty_moe": 12.0, "poverty_pct": null }, "geometry": { "type": "Polygon", "coordinates": [ [ [ 487248.998059991630726, 4417628.104297916404903 ], [ 488375.511352364032064, 4417384.683118582703173 ], [ 488915.879105112631805, 4417257.79623937793076 ], [ 488939.765417124028318, 4417402.046901984140277 ], [ 488949.460984180448577, 4417486.495273772627115 ], [ 488957.175399531959556, 4417678.71660734526813 ], [ 488941.79235089343274, 4418034.124976133927703 ], [ 488890.488128965604119, 4418429.430796031840146 ], [ 488859.967066182987764, 4418598.067436840385199 ], [ 488772.458767920208629, 4418892.20541752781719 ], [ 488548.747930694720708, 4419533.055645841173828 ], [ 488014.508613582700491, 4419592.589542546309531 ], [ 487986.837048980174586, 4419601.956156561151147 ], [ 487960.570988577383105, 4419689.678993401117623 ], [ 487894.81917664501816, 4419718.085287299007177 ], [ 487881.304679964436218, 4419709.671568792313337 ], [ 487857.651560760801658, 4419666.423408836126328 ], [ 487440.173293625703081, 4419739.131335604935884 ], [ 487366.271976491087116, 4419334.142921191640198 ], [ 487397.368170572561212, 4419328.542033367790282 ], [ 487378.297857747005764, 4419216.807517284527421 ], [ 487366.433492231997661, 4419173.652392147108912 ], [ 487348.554153635923285, 4419059.141274997033179 ], [ 487333.742876943026204, 4418939.852594560943544 ], [ 487333.00135119369952, 4418905.003260572440922 ], [ 487345.10258751740912, 4418781.452372423373163 ], [ 487476.761666439415421, 4418759.592295987531543 ], [ 487380.531631167978048, 4418190.488355807960033 ], [ 487340.287858605675865, 4418197.32533045951277 ], [ 487338.049511808319949, 4418187.562017554417253 ], [ 487286.69291385525139, 4417936.590470801107585 ], [ 487260.663483667187393, 4417703.890203026123345 ], [ 487248.998059991630726, 4417628.104297916404903 ] ] ] } },
{ "type": "Feature", "properties": { "geoid": "14000US42101980800", "name": "Census Tract 9808, Philadelphia, PA", "income": null, "income_moe": null, "poverty_universe": 0.0, "below_poverty": 0.0, "universe_moe": 12.0, "below_poverty_moe": 12.0, "poverty_pct": null }, "geometry": { "type": "Polygon", "coordinates": [ [ [ 476094.195322216779459, 4424956.060315760783851 ], [ 476165.063724044419359, 4424899.121759556233883 ], [ 476189.82308460312197, 4424815.690047587268054 ], [ 476194.185870838060509, 4424763.510631687007844 ], [ 476208.383298597182147, 4424715.851125591434538 ], [ 476263.016598142217845, 4424654.746600840240717 ], [ 476298.324917047109921, 4424640.096821247600019 ], [ 476300.823918881709687, 4424619.888687140308321 ], [ 476284.571130582829937, 4424611.059999207034707 ], [ 476299.277561566326767, 4424589.481972682289779 ], [ 476328.467408231459558, 4424584.396601939573884 ], [ 476365.926594840537291, 4424602.260807931423187 ], [ 476386.073090868769214, 4424599.97849933616817 ], [ 476390.568442341405898, 4424590.086367703974247 ], [ 476373.16767642920604, 4424569.05204457603395 ], [ 476395.444874990032986, 4424510.268758708611131 ], [ 476460.20711593539454, 4424492.642752077430487 ], [ 476492.863744199974462, 4424393.205018147826195 ], [ 476513.248200320464093, 4424384.817816599272192 ], [ 476690.023626906913705, 4424384.718741957098246 ], [ 476769.595789973740466, 4424350.290451448410749 ], [ 476788.476798692718148, 4424324.815981242805719 ], [ 476858.110594727157149, 4424307.62250112183392 ], [ 476891.264580556249712, 4424313.848324874415994 ], [ 476904.115388702834025, 4424299.158555875532329 ], [ 476948.820501052658074, 4424171.605654290877283 ], [ 476963.99996778042987, 4424164.345330881886184 ], [ 477013.893649972393177, 4424170.743067910894752 ], [ 477046.515530500968453, 4424113.595421678386629 ], [ 477073.079838652396575, 4424086.655649425461888 ], [ 477195.604644309263676, 4424020.470335683785379 ], [ 477249.320278212951962, 4424019.532787507399917 ], [ 477278.92437222704757, 4424009.233281176537275 ], [ 477335.058060492039658, 4423931.150554593652487 ], [ 477406.355534095549956, 4423926.16616293694824 ], [ 477479.68814885255415, 4423974.008011078462005 ], [ 477526.779666389222257, 4423956.665379326790571 ], [ 477553.142612694529817, 4423976.565983926877379 ], [ 477585.508249402453657, 4423975.804739519022405 ], [ 477623.590681926172692, 4424031.410127359442413 ], [ 477647.26234562380705, 4424036.557195030152798 ], [ 477685.80388131266227, 4424015.910915826447308 ], [ 477715.944994972262066, 4424043.015412017703056 ], [ 477753.630235349410214, 4424050.785605853423476 ], [ 477833.8100580231403, 4424016.921688823029399 ], [ 477842.415338043414522, 4424009.904239559546113 ], [ 477846.610890449548606, 4423984.253184963949025 ], [ 477882.979478006251156, 4423979.707880781032145 ], [ 477898.061922452237923, 4423968.01008387003094 ], [ 477906.266476977558341, 4423940.571584038436413 ], [ 477905.618538702139631, 4423893.84638581238687 ], [ 477922.239263689029031, 4423852.953631688840687 ], [ 477967.794281863607466, 4423835.285222698003054 ], [ 477964.344103793380782, 4423764.483162784948945 ], [ 477977.620760554389562, 4423748.351128627546132 ], [ 478015.254123581456952, 4423767.33282648678869 ], [ 478072.621334168245085, 4423758.510225027799606 ], [ 478152.638872527342755, 4423845.186006798408926 ], [ 478244.482974735903554, 4423886.988623082637787 ], [ 478295.729513215424959, 4423948.331263314932585 ], [ 478374.060067472048104, 4423923.690553775988519 ], [ 478512.381666602625046, 4423942.38952989410609 ], [ 478532.417897378327325, 4423930.457044248469174 ], [ 478534.583023359708022, 4423910.80560346506536 ], [ 478559.616942899941932, 4423884.208349537104368 ], [ 478637.834080785338301, 4423909.96041811350733 ], [ 478814.910300007846672, 4423799.252279233187437 ], [ 478846.503861771896482, 4423766.200290894135833 ], [ 478870.278718480840325, 4423716.18856362067163 ], [ 478869.126580486423336, 4423701.097044300287962 ], [ 478845.951794866414275, 4423659.650892657227814 ], [ 478925.772133101650979, 4423646.998740115202963 ], [ 478954.26706927124178, 4423821.286121022887528 ], [ 478887.399804136832245, 4423823.025006289593875 ], [ 478867.104371877154335, 4423834.180335669778287 ], [ 478891.23402294004336, 4424004.705966875888407 ], [ 478554.042291443562135, 4424057.924371792934835 ], [ 478609.482935628853738, 4424397.62191045563668 ], [ 478213.248925003921613, 4424462.675634736195207 ], [ 478245.403941302967723, 4424628.070945323444903 ], [ 478233.134355010581203, 4424757.188282836228609 ], [ 478090.322084275598172, 4425725.216396345756948 ], [ 478108.705421996535733, 4425763.899368479847908 ], [ 478159.153995503904298, 4425818.916997946798801 ], [ 478047.709527556609828, 4425989.608723420649767 ], [ 477880.98943548760144, 4425881.875033065676689 ], [ 477820.403197403880768, 4425659.403325964696705 ], [ 477819.553263518435415, 4425631.436072189360857 ], [ 477845.088637006469071, 4425545.232726706191897 ], [ 477689.965949692239519, 4425378.311286641284823 ], [ 477515.161382414458785, 4425517.453207191079855 ], [ 477524.486077538400423, 4425523.419190665706992 ], [ 477445.002109, 4425584.588294938206673 ], [ 477325.345159480057191, 4425774.516407980583608 ], [ 477119.470967427070718, 4425655.816922562196851 ], [ 477189.058559013414197, 4425570.034019527025521 ], [ 477294.436262914503459, 4425488.140641712583601 ], [ 477554.175244293583091, 4425341.084419703111053 ], [ 477724.960282624815591, 4425256.562760652974248 ], [ 477736.137426854518708, 4425224.342703414149582 ], [ 477742.754555277817417, 4425092.688134792260826 ], [ 477789.362915000820067, 4425058.255865857936442 ], [ 477814.300548938219436, 4425000.800886012613773 ], [ 477814.57456642750185, 4424948.30140371248126 ], [ 477803.915805317519698, 4424953.549033179879189 ], [ 477802.832227429724298, 4424933.351852906867862 ], [ 477635.342863934289198, 4424747.15523502137512 ], [ 477316.803596959158313, 4424454.748450285755098 ], [ 477140.827848880901001, 4424606.888080418109894 ], [ 477150.081388122809585, 4424645.596131630241871 ], [ 477065.442596930020954, 4424726.87389109749347 ], [ 477065.73855252424255, 4424740.080918364226818 ], [ 477025.766399548621848, 4424765.951285521499813 ], [ 477002.374600813549478, 4424796.322407986037433 ], [ 476803.521087111323141, 4424693.925887191668153 ], [ 476697.012357273779344, 4424854.632960737682879 ], [ 476443.903638134652283, 4425268.076310409232974 ], [ 476067.826848793542013, 4425016.078309072181582 ], [ 476094.195322216779459, 4424956.060315760783851 ] ] ] } },
{ "type": "Feature", "properties": { "geoid": "14000US42101980901", "name": "Census Tract 9809.01, Philadelphia, PA", "income": null, "income_moe": null, "poverty_universe": 0.0, "below_poverty": 0.0, "universe_moe": 12.0, "below_poverty_moe": 12.0, "poverty_pct": null }, "geometry": { "type": "Polygon", "coordinates": [ [ [ 477660.064294591895305, 4414080.950648028403521 ], [ 478320.935630841879174, 4414026.99347114469856 ], [ 478551.209483920189086, 4414112.249116792343557 ], [ 478869.503182502929121, 4414271.075405052863061 ], [ 479026.889679792744573, 4414411.930700214579701 ], [ 479125.042366993206087, 4414563.605767107568681 ], [ 479282.050208165310323, 4415073.283733576536179 ], [ 479418.621127043908928, 4415335.625601609237492 ], [ 479515.713235046772752, 4415449.794332147575915 ], [ 479618.955462324665859, 4415530.87314444500953 ], [ 479710.716595955425873, 4415571.361839438788593 ], [ 479789.917362122097984, 4415582.80572346970439 ], [ 479943.234939633577596, 4415558.316979015246034 ], [ 480042.643288700259291, 4415483.249999687075615 ], [ 480341.234935007814784, 4414731.413667026907206 ], [ 480372.63042894739192, 4414670.511061564087868 ], [ 480447.994870467344299, 4414582.969624667428434 ], [ 480547.821589801926166, 4414665.290509467944503 ], [ 480905.437740249850322, 4414880.372645452618599 ], [ 480973.571198941033799, 4414771.766590383835137 ], [ 481075.457575134292711, 4414722.345507881604135 ], [ 481711.640875532932114, 4414871.074988763779402 ], [ 481784.039587066217791, 4414861.024027599953115 ], [ 481838.489388544170652, 4414817.941754155792296 ], [ 481866.933907248952892, 4414733.744732992723584 ], [ 481878.888698423863389, 4414510.629075637087226 ], [ 481838.127381164988037, 4414413.832736771553755 ], [ 481675.997015530010685, 4414162.830496357753873 ], [ 481690.979538206418511, 4414098.865131394937634 ], [ 481664.539284522819798, 4414020.68154461402446 ], [ 481546.950155982282013, 4413911.64078913256526 ], [ 481524.344068091770168, 4413474.733396435156465 ], [ 481870.936622892215382, 4413068.684566922485828 ], [ 482326.684909618226811, 4413469.173472383059561 ], [ 483305.493904982344247, 4414146.888152544386685 ], [ 483284.676370161119848, 4415770.919569890014827 ], [ 483008.844299082586076, 4415912.927968450821936 ], [ 482207.584628374490421, 4416198.995205506682396 ], [ 481897.118762695929036, 4416429.694047787226737 ], [ 481627.585686142148916, 4416859.75450721476227 ], [ 481527.503263770078775, 4417750.240345457568765 ], [ 481717.376666526659392, 4417909.052803537808359 ], [ 482321.254560764064081, 4417920.282979000359774 ], [ 482552.412311865540687, 4418351.166307456791401 ], [ 482729.174882953928318, 4418737.229019721969962 ], [ 482762.825399560562801, 4418879.10831708740443 ], [ 482618.182617404847406, 4419009.627000585198402 ], [ 482179.789424738672096, 4419013.524028045125306 ], [ 481986.590690516866744, 4419131.848515098914504 ], [ 481878.703747306368314, 4419294.925591129809618 ], [ 481847.440481574449223, 4419480.130451328121126 ], [ 481477.040328969887923, 4419672.588845502585173 ], [ 480520.099578250548802, 4417875.721052197739482 ], [ 480403.968273178325035, 4417685.449558446183801 ], [ 480298.519389515335206, 4417927.122927161864936 ], [ 480132.520570177352056, 4417757.406442615203559 ], [ 479915.629202419368085, 4417447.20375918969512 ], [ 479810.608006172289606, 4417328.944150155410171 ], [ 479639.330157446907833, 4417207.976682205684483 ], [ 479456.741617174877319, 4417142.427157297730446 ], [ 479599.422518700361252, 4416540.260625342838466 ], [ 479160.959358064981643, 4415912.579680567607284 ], [ 479325.398012254270725, 4415799.034836894832551 ], [ 478979.856056198303122, 4415560.685394670814276 ], [ 478335.605748489266261, 4414646.825317783281207 ], [ 478159.497694687335752, 4414420.7980793165043 ], [ 477972.269538050983101, 4414256.516835617832839 ], [ 477674.383951944415458, 4414094.227480745874345 ], [ 477660.064294591895305, 4414080.950648028403521 ] ] ] } },
{ "type": "Feature", "properties": { "geoid": "14000US42101980902", "name": "Census Tract 9809.02, Philadelphia, PA", "income": null, "income_moe": null, "poverty_universe": 0.0, "below_poverty": 0.0, "universe_moe": 12.0, "below_poverty_moe": 12.0, "poverty_pct": null }, "geometry": { "type": "Polygon", "coordinates": [ [ [ 482276.413625684101135, 4420398.448563128709793 ], [ 482347.711639812798239, 4420378.194075647741556 ], [ 482488.353029674617574, 4420341.798213128000498 ], [ 482514.41090207581874, 4420340.739519377239048 ], [ 482550.516286923899315, 4420324.452339606359601 ], [ 482651.529890014324337, 4420558.188073573634028 ], [ 482805.961644094786607, 4420727.319553080946207 ], [ 482842.575375795480795, 4420785.617662273347378 ], [ 482874.530057295167353, 4420823.948265836574137 ], [ 482928.736632488085888, 4420879.432558945380151 ], [ 482968.761201519169845, 4420935.503849246539176 ], [ 482896.184750383254141, 4420955.533455681987107 ], [ 482882.669354356708936, 4420910.168990285135806 ], [ 482815.092653703060932, 4420836.179860203526914 ], [ 482804.327765715657733, 4420836.315117414109409 ], [ 482630.488799469603691, 4420885.87755735963583 ], [ 482445.545327820989769, 4420935.469532760791481 ], [ 482435.829287180153187, 4420797.420671474188566 ], [ 482393.177007868827786, 4420604.396930763497949 ], [ 482381.797103678865824, 4420560.360304296016693 ], [ 482371.659940013079904, 4420536.520947088487446 ], [ 482352.098235716402996, 4420501.493449283763766 ], [ 482327.484743667358998, 4420461.927130519412458 ], [ 482276.413625684101135, 4420398.448563128709793 ] ] ] } },
{ "type": "Feature", "properties": { "geoid": "14000US42101980903", "name": "Census Tract 9809.03, Philadelphia, PA", "income": null, "income_moe": null, "poverty_universe": 0.0, "below_poverty": 0.0, "universe_moe": 12.0, "below_poverty_moe": 12.0, "poverty_pct": null }, "geometry": { "type": "Polygon", "coordinates": [ [ [ 482578.369043654063717, 4420323.611737677827477 ], [ 482706.875730350089725, 4420285.582803760655224 ], [ 482878.76965811336413, 4420238.69034537859261 ], [ 482941.100800213811453, 4420219.238488554954529 ], [ 482932.010148181114346, 4420242.455650714226067 ], [ 482924.572061006911099, 4420278.654907667078078 ], [ 482923.685109837853815, 4420302.297678313218057 ], [ 482925.447156067704782, 4420326.045508590526879 ], [ 482934.602245529938955, 4420369.865913525223732 ], [ 482954.219685692398343, 4420507.338185990229249 ], [ 482975.195296554360539, 4420641.144843677058816 ], [ 482993.432988708664197, 4420735.223384888842702 ], [ 482997.309159908967558, 4420749.31042983289808 ], [ 483002.722713649563957, 4420763.17207071185112 ], [ 483013.450726539245807, 4420784.791152958758175 ], [ 483043.452807883964851, 4420829.12025245372206 ], [ 483055.72884572885232, 4420855.397519996389747 ], [ 483090.006434149399865, 4420901.604130077175796 ], [ 483067.380453204852529, 4420908.313720939680934 ], [ 483020.925824156787712, 4420918.739060843363404 ], [ 482980.966728569823317, 4420930.149091631174088 ], [ 482968.761201519169845, 4420935.503849246539176 ], [ 482928.736632488085888, 4420879.432558945380151 ], [ 482874.530057295167353, 4420823.948265836574137 ], [ 482842.575375795480795, 4420785.617662273347378 ], [ 482805.961644094786607, 4420727.319553080946207 ], [ 482651.529890014324337, 4420558.188073573634028 ], [ 482550.516286923899315, 4420324.452339606359601 ], [ 482578.369043654063717, 4420323.611737677827477 ] ] ] } },
{ "type": "Feature", "properties": { "geoid": "14000US42101980904", "name": "Census Tract 9809.04, Philadelphia, PA", "income": null, "income_moe": null, "poverty_universe": 0.0, "below_poverty": 0.0, "universe_moe": 12.0, "below_poverty_moe": 12.0, "poverty_pct": null }, "geometry": { "type": "Polygon", "coordinates": [ [ [ 481878.703747306368314, 4419294.925591129809618 ], [ 481986.590690516866744, 4419131.848515098914504 ], [ 482179.789424738672096, 4419013.524028045125306 ], [ 482618.182617404847406, 4419009.627000585198402 ], [ 482762.825399560562801, 4418879.10831708740443 ], [ 483331.843931123556104, 4419008.478535762056708 ], [ 483357.21022357721813, 4419158.369785195216537 ], [ 483364.487326032482088, 4419164.458330095745623 ], [ 483384.486762087792158, 4419165.635632510297 ], [ 483454.369074314367026, 4419155.827689357101917 ], [ 483490.521450804255437, 4419355.197284740395844 ], [ 483494.134091794316191, 4419405.578654618002474 ], [ 483471.03580076887738, 4419433.15403744392097 ], [ 483483.601280441333074, 4419434.902653643861413 ], [ 483499.266357556451112, 4419447.410558314993978 ], [ 483506.387043278198689, 4419460.380921047180891 ], [ 483269.637106733163819, 4419790.979098726995289 ], [ 483173.349943715729751, 4419913.834293414838612 ], [ 483066.732278733514249, 4420039.1554408762604 ], [ 482946.457747187872883, 4420207.572602394968271 ], [ 482941.100800213811453, 4420219.238488554954529 ], [ 482578.369043654063717, 4420323.611737677827477 ], [ 482550.516286923899315, 4420324.452339606359601 ], [ 482514.41090207581874, 4420340.739519377239048 ], [ 482488.353029674617574, 4420341.798213128000498 ], [ 482272.485591229458805, 4420399.456599664874375 ], [ 482167.13093925389694, 4420178.721803762950003 ], [ 481948.711396684579086, 4419844.934848579578102 ], [ 481847.440481574449223, 4419480.130451328121126 ], [ 481878.703747306368314, 4419294.925591129809618 ] ] ] } },
{ "type": "Feature", "properties": { "geoid": "14000US42101980905", "name": "Census Tract 9809.05, Philadelphia, PA", "income": null, "income_moe": null, "poverty_universe": 0.0, "below_poverty": 0.0, "universe_moe": 12.0, "below_poverty_moe": 12.0, "poverty_pct": null }, "geometry": { "type": "Polygon", "coordinates": [ [ [ 481897.118762695929036, 4416429.694047787226737 ], [ 482207.584628374490421, 4416198.995205506682396 ], [ 482405.730934065009933, 4416116.29333418700844 ], [ 483008.844299082586076, 4415912.927968450821936 ], [ 483135.593959896010347, 4415857.596583963371813 ], [ 483284.676370161119848, 4415770.919569890014827 ], [ 483299.866550633858424, 4415836.36972978617996 ], [ 483229.244564485677984, 4415912.440822076052427 ], [ 483223.064790152246132, 4415940.312588542699814 ], [ 483294.37307370750932, 4416568.908242206089199 ], [ 483250.39551826484967, 4416668.56166032794863 ], [ 483166.427685453905724, 4416774.962752604857087 ], [ 483186.595093053590972, 4416771.921614297665656 ], [ 483370.60974492947571, 4416953.762515971437097 ], [ 483446.404501508222893, 4416941.167040409520268 ], [ 483462.640953674796037, 4417057.226336844265461 ], [ 483457.92274836753495, 4417128.380510536022484 ], [ 483430.212213137361687, 4417239.540614566765726 ], [ 483418.550783752696589, 4417301.497817744500935 ], [ 483242.663748675724491, 4417196.4422792121768 ], [ 483064.499367741344031, 4417107.378256984055042 ], [ 481937.011357995390426, 4416453.129251047968864 ], [ 481897.118762695929036, 4416429.694047787226737 ] ] ] } },
{ "type": "Feature", "properties": { "geoid": "14000US42101980906", "name": "Census Tract 9809.06, Philadelphia, PA", "income": null, "income_moe": null, "poverty_universe": 0.0, "below_poverty": 0.0, "universe_moe": 12.0, "below_poverty_moe": 12.0, "poverty_pct": null }, "geometry": { "type": "Polygon", "coordinates": [ [ [ 481627.585686142148916, 4416859.75450721476227 ], [ 481897.118762695929036, 4416429.694047787226737 ], [ 483064.499367741344031, 4417107.378256984055042 ], [ 483242.663748675724491, 4417196.4422792121768 ], [ 483564.222903557296377, 4417389.41909107286483 ], [ 483742.966774681466632, 4418438.549518452957273 ], [ 483736.432064297317993, 4418500.273449751548469 ], [ 483810.135465017752722, 4418959.057326273992658 ], [ 483813.15831699577393, 4419014.32358724437654 ], [ 483805.226095296791755, 4419061.843846610747278 ], [ 483792.821451643074397, 4419095.832919402047992 ], [ 483549.908462314924691, 4419036.307553419843316 ], [ 483331.843931123556104, 4419008.478535762056708 ], [ 482762.825399560562801, 4418879.10831708740443 ], [ 482729.174882953928318, 4418737.229019721969962 ], [ 482552.412311865540687, 4418351.166307456791401 ], [ 482417.629139960859902, 4418089.984896624460816 ], [ 482321.254560764064081, 4417920.282979000359774 ], [ 481867.569046589545906, 4417917.46267369017005 ], [ 481717.376666526659392, 4417909.052803537808359 ], [ 481527.503263770078775, 4417750.240345457568765 ], [ 481627.585686142148916, 4416859.75450721476227 ] ] ] } },
{ "type": "Feature", "properties": { "geoid": "14000US42101989100", "name": "Census Tract 9891, Philadelphia, PA", "income": null, "income_moe": null, "poverty_universe": 29.0, "below_poverty": 20.0, "universe_moe": 16.0, "below_poverty_moe": 23.0, "poverty_pct": 68.965517241379317 }, "geometry": { "type": "Polygon", "coordinates": [ [ [ 498127.955024180177134, 4431137.221230169758201 ], [ 498670.28879116353346, 4430324.987772250548005 ], [ 498810.099336041603237, 4430026.066809046082199 ], [ 498925.228282135620248, 4430118.393860499374568 ], [ 499172.977018715173472, 4430361.432398163713515 ], [ 499468.408266926533543, 4430606.473446380347013 ], [ 500020.562800738611259, 4431043.092496300116181 ], [ 500105.884580126148649, 4431118.122982759028673 ], [ 501051.359120381413959, 4432195.028636480681598 ], [ 500827.306406993186101, 4432460.713418177329004 ], [ 500801.458471959165763, 4432460.155692256055772 ], [ 500769.80787427717587, 4432477.245038753375411 ], [ 500318.172340966935735, 4432996.206994198262691 ], [ 499326.651061667886097, 4432218.071858611889184 ], [ 499157.895812686940189, 4432102.658066594041884 ], [ 499032.564517722465098, 4432027.754088354296982 ], [ 498930.098063492914662, 4431977.932886177673936 ], [ 498778.352838844351936, 4432136.006904222071171 ], [ 498690.387841437070165, 4432079.083186280913651 ], [ 498616.954620521981269, 4432187.423395074903965 ], [ 498139.652061256987508, 4431866.761379043571651 ], [ 498179.468029450858012, 4431760.422425892204046 ], [ 498183.129930482711643, 4431732.673820243217051 ], [ 498178.171543934498914, 4431690.49846123624593 ], [ 498131.052077936590649, 4431587.732331596314907 ], [ 498127.378973827755544, 4431569.530730145052075 ], [ 498132.320944851264358, 4431543.446656127460301 ], [ 498146.478512627189048, 4431522.576904410496354 ], [ 498172.58106038288679, 4431503.480152067728341 ], [ 498257.387832166918088, 4431507.899867334403098 ], [ 498411.638915692747105, 4431492.771303701214492 ], [ 498466.576981242222246, 4431460.128704726696014 ], [ 498079.588264537160285, 4431179.520798009820282 ], [ 498127.955024180177134, 4431137.221230169758201 ] ] ] } },
{ "type": "Feature", "properties": { "geoid": "14000US42101989200", "name": "Census Tract 9892, Philadelphia, PA", "income": null, "income_moe": null, "poverty_universe": 0.0, "below_poverty": 0.0, "universe_moe": 12.0, "below_poverty_moe": 12.0, "poverty_pct": null }, "geometry": { "type": "Polygon", "coordinates": [ [ [ 483166.427685453905724, 4416774.962752604857087 ], [ 483250.39551826484967, 4416668.56166032794863 ], [ 483294.37307370750932, 4416568.908242206089199 ], [ 483223.064790152246132, 4415940.312588542699814 ], [ 483229.244564485677984, 4415912.440822076052427 ], [ 483299.866550633858424, 4415836.36972978617996 ], [ 483284.676370161119848, 4415770.919569890014827 ], [ 483305.493904982344247, 4414146.888152544386685 ], [ 483840.515345441468526, 4414454.95199500862509 ], [ 483953.409897245350294, 4414506.212747167795897 ], [ 484072.76774850289803, 4414541.257364466786385 ], [ 484217.991821964969859, 4414556.161451387219131 ], [ 484669.525510328065138, 4414538.593880056403577 ], [ 485032.306133465375751, 4414566.176667326129973 ], [ 485493.311475025257096, 4414627.773982184939086 ], [ 486072.438490834494587, 4414760.770375256426632 ], [ 486321.596174455771688, 4414805.048572366125882 ], [ 487502.415100176353008, 4414904.247141677886248 ], [ 487635.672362699406222, 4414930.112580325454473 ], [ 487829.320993152039591, 4415026.472486471757293 ], [ 487934.273278868291527, 4415106.217626318335533 ], [ 488224.422777933184989, 4415466.144146444275975 ], [ 488348.147769560688175, 4415640.650188012979925 ], [ 488385.254291859979276, 4415697.75271850451827 ], [ 488458.790321357257199, 4415874.223881081677973 ], [ 487900.310272969771177, 4416119.81791695766151 ], [ 487665.836112742312253, 4416189.005916428752244 ], [ 486776.754408177512232, 4416343.879916711710393 ], [ 485433.927818710100837, 4416399.375842741690576 ], [ 485348.391112029145006, 4416418.296580392867327 ], [ 485213.256849114142824, 4416473.385508012957871 ], [ 484906.461852298351005, 4416525.151591951958835 ], [ 484819.75496325653512, 4416513.114703436382115 ], [ 483998.055518359935377, 4416306.799340473487973 ], [ 483881.850693587563001, 4416294.612976680509746 ], [ 483757.863634256995283, 4416321.513001040555537 ], [ 483591.246291378804017, 4416241.846235650591552 ], [ 483549.46170983830234, 4416409.751295889727771 ], [ 483471.69805936794728, 4416542.10699197743088 ], [ 483435.536619961843826, 4416659.944596315734088 ], [ 483427.424141034134664, 4416782.050036759115756 ], [ 483446.404501508222893, 4416941.167040409520268 ], [ 483370.60974492947571, 4416953.762515971437097 ], [ 483186.595093053590972, 4416771.921614297665656 ], [ 483166.427685453905724, 4416774.962752604857087 ] ] ] } },
{ "type": "Feature", "properties": { "geoid": "14000US42101989300", "name": "Census Tract 9893, Philadelphia, PA", "income": null, "income_moe": null, "poverty_universe": 0.0, "below_poverty": 0.0, "universe_moe": 12.0, "below_poverty_moe": 12.0, "poverty_pct": null }, "geometry": { "type": "Polygon", "coordinates": [ [ [ 488850.641372812213376, 4428337.987782278098166 ], [ 489054.963791516784113, 4428328.367856846190989 ], [ 489420.492186507035512, 4428298.882191815413535 ], [ 489380.806377267581411, 4428056.97808170504868 ], [ 489390.36893150024116, 4428058.851579287089407 ], [ 489840.777917312690988, 4427981.653347707353532 ], [ 489919.11408433446195, 4428029.497042328119278 ], [ 490073.829382306372281, 4428001.324008126743138 ], [ 490091.034657948708627, 4428104.078780348412693 ], [ 490255.649816853168886, 4428075.452587886713445 ], [ 490427.657683158526197, 4429104.560812877491117 ], [ 489806.659085277293343, 4429209.810020699165761 ], [ 489966.455062835069839, 4429493.289821391925216 ], [ 489974.677145408815704, 4429515.588118893094361 ], [ 489948.925274358189199, 4429531.382800371386111 ], [ 489972.16903195658233, 4429878.642291175201535 ], [ 489524.939853032235987, 4429953.387153467163444 ], [ 489516.331348874722607, 4429899.013502385467291 ], [ 489477.706188157666475, 4429922.15295322611928 ], [ 489474.113491729018278, 4429915.942438405007124 ], [ 489453.88926412462024, 4429916.192444622516632 ], [ 489439.713690322008915, 4429909.108705244958401 ], [ 489429.969685856020078, 4429897.801178171299398 ], [ 489423.028151196136605, 4429876.72257034946233 ], [ 489424.981127835751977, 4429808.3494973173365 ], [ 489417.934699319011997, 4429773.28619830403477 ], [ 489407.066569645365234, 4429751.547129273414612 ], [ 489378.208406273159198, 4429741.487221491523087 ], [ 489325.003584318445064, 4429774.193032920360565 ], [ 489330.943242824461777, 4429810.811671909876168 ], [ 489001.625161647156347, 4429867.886221948079765 ], [ 488941.408206321531907, 4429536.776900794357061 ], [ 488948.394299567502458, 4429528.664415465667844 ], [ 488948.039228411624208, 4429519.230712885968387 ], [ 488931.698773859650828, 4429432.792646020650864 ], [ 488909.55065021320479, 4429343.588322539813817 ], [ 488738.742684450699016, 4428337.819634560495615 ], [ 488850.641372812213376, 4428337.987782278098166 ] ] ] } }
]
}
