{"features":[{"geometry":{"coordinates":[[[-75.152212,39.949968],[-75.152027,39.950857],[-75.151959,39.951043],[-75.151539,39.952948],[-75.141469,39.951698],[-75.141502,39.951379],[-75.141773,39.949841],[-75.141936,39.948677],[-75.142052,39.948122],[-75.14758,39.94884],[-75.152337,39.949421],[-75.152212,39.949968]]],"type":"Polygon"},"properties":{"2013_population_estimate":1947,"aland":"351883","awater":"0","geoid":"14000US42101000101","name":"Census Tract 1.01, Philadelphia, PA"},"type":"Feature"},{"geometry":{"coordinates":[[[-75.15155,39.955435],[-75.151481,39.955694],[-75.151321,39.95658],[-75.151201,39.95692],[-75.151102,39.957139],[-75.150881,39.957421],[-75.150172,39.957592],[-75.149526,39.957662],[-75.149133,39.957674],[-75.14878,39.95766],[-75.14808,39.957577],[-75.147642,39.9575],[-75.147448,39.957436],[-75.14462,39.956914],[-75.144451,39.956838],[-75.143195,39.956542],[-75.142441,39.956309],[-75.142177,39.956184],[-75.141913,39.956027],[-75.141586,39.955754],[-75.141624,39.955289],[-75.141616,39.95436],[-75.141586,39.953765],[-75.141455,39.952168],[-75.141469,39.951698],[-75.151539,39.952948],[-75.151125,39.954848],[-75.151669,39.954913],[-75.15155,39.955435]]],"type":"Polygon"},"properties":{"2013_population_estimate":2897,"aland":"444406","awater":"0","geoid":"14000US42101000102","name":"Census Tract 1.02, Philadelphia, PA"},"type":"Feature"},{"geometry":{"coordinates":[[[-75.162886,39.955329],[-75.162339,39.957825],[-75.158728,39.957366],[-75.154451,39.956777],[-75.153783,39.956785],[-75.152893,39.956884],[-75.150881,39.957421],[-75.151102,39.957139],[-75.151321,39.95658],[-75.151481,39.955694],[-75.151669,39.954913],[-75.151125,39.954848],[-75.151539,39.952948],[-75.163093,39.9544],[-75.162886,39.955329]]],"type":"Polygon"},"properties":{"2013_population_estimate":3486,"aland":"386232","awater":"0","geoid":"14000US42101000200","name":"Census Tract 2, Philadelphia, PA"},"type":"Feature"},{"geometry":{"coordinates":[[[-75.179937,39.960028],[-75.172191,39.959029],[-75.162339,39.957825],[-75.163093,39.9544],[-75.177377,39.956176],[-75.177527,39.95549],[-75.178227,39.955654],[-75.17887,39.955898],[-75.17972,39.956164],[-75.179126,39.958004],[-75.179937,39.960028]]],"type":"Polygon"},"properties":{"2013_population_estimate":3914,"aland":"546267","awater":"22673","geoid":"14000US42101000300","name":"Census Tract 3, Philadelphia, PA"},"type":"Feature"},{"geometry":{"coordinates":[[[-75.180909,39.952982],[-75.180223,39.954472],[-75.179889,39.955436],[-75.17972,39.956164],[-75.17887,39.955898],[-75.178227,39.955654],[-75.177527,39.95549],[-75.177377,39.956176],[-75.175757,39.955969],[-75.174631,39.955844],[-75.172783,39.955604],[-75.172944,39.954882],[-75.173291,39.952934],[-75.173489,39.952052],[-75.180909,39.952982]]],"type":"Polygon"},"properties":{"2013_population_estimate":2675,"aland":"216838","awater":"15884","geoid":"14000US42101000401","name":"Census Tract 4.01, Philadelphia, PA"},"type":"Feature"},{"geometry":{"coordinates":[[[-75.168673,39.951885],[-75.168444,39.952975],[-75.167989,39.955008],[-75.166365,39.954816],[-75.163215,39.954424],[-75.163093,39.9544],[-75.163323,39.953355],[-75.165063,39.953608],[-75.165226,39.952576],[-75.165299,39.952284],[-75.165244,39.952],[-75.16518,39.951884],[-75.165055,39.95181],[-75.164896,39.951759],[-75.164716,39.951723],[-75.164194,39.951643],[-75.163996,39.951625],[-75.163917,39.951564],[-75.163877,39.95152],[-75.163871,39.951495],[-75.164011,39.950876],[-75.167195,39.951263],[-75.168767,39.951468],[-75.168673,39.951885]]],"type":"Polygon"},"properties":{"2013_population_estimate":1047,"aland":"139616","awater":"0","geoid":"14000US42101000403","name":"Census Tract 4.03, Philadelphia, PA"},"type":"Feature"},{"geometry":{"coordinates":[[[-75.173371,39.95256],[-75.173291,39.952934],[-75.172908,39.955069],[-75.172783,39.955604],[-75.167989,39.955008],[-75.168444,39.952975],[-75.168574,39.952331],[-75.168767,39.951468],[-75.173489,39.952052],[-75.173371,39.95256]]],"type":"Polygon"},"properties":{"2013_population_estimate":3130,"aland":"164084","awater":"0","geoid":"14000US42101000404","name":"Census Tract 4.04, Philadelphia, PA"},"type":"Feature"},{"geometry":{"coordinates":[[[-75.165299,39.952284],[-75.165226,39.952576],[-75.165063,39.953608],[-75.163323,39.953355],[-75.163093,39.9544],[-75.151539,39.952948],[-75.151959,39.951043],[-75.152027,39.950857],[-75.152337,39.949421],[-75.164011,39.950876],[-75.163871,39.951495],[-75.163917,39.951564],[-75.163996,39.951625],[-75.164716,39.951723],[-75.165055,39.95181],[-75.16518,39.951884],[-75.165244,39.952],[-75.165299,39.952284]]],"type":"Polygon"},"properties":{"2013_population_estimate":3057,"aland":"428760","awater":"0","geoid":"14000US42101000500","name":"Census Tract 5, Philadelphia, PA"},"type":"Feature"},{"geometry":{"coordinates":[[[-75.164338,39.949346],[-75.164011,39.950876],[-75.162803,39.950714],[-75.152337,39.949421],[-75.152671,39.947899],[-75.164338,39.949346]]],"type":"Polygon"},"properties":{"2013_population_estimate":1536,"aland":"172652","awater":"0","geoid":"14000US42101000600","name":"Census Tract 6, Philadelphia, PA"},"type":"Feature"},{"geometry":{"coordinates":[[[-75.173722,39.950974],[-75.173489,39.952052],[-75.164011,39.950876],[-75.164338,39.949346],[-75.16673,39.949655],[-75.170667,39.950131],[-75.173813,39.950531],[-75.173722,39.950974]]],"type":"Polygon"},"properties":{"2013_population_estimate":1807,"aland":"140499","awater":"0","geoid":"14000US42101000701","name":"Census Tract 7.01, Philadelphia, PA"},"type":"Feature"},{"geometry":{"coordinates":[[[-75.181663,39.951509],[-75.180909,39.952982],[-75.179182,39.952758],[-75.173489,39.952052],[-75.173813,39.950531],[-75.178479,39.951104],[-75.181663,39.951509]]],"type":"Polygon"},"properties":{"2013_population_estimate":2248,"aland":"106191","awater":"7087","geoid":"14000US42101000702","name":"Census Tract 7.02, Philadelphia, PA"},"type":"Feature"},{"geometry":{"coordinates":[[[-75.183288,39.949512],[-75.181663,39.951509],[-75.177323,39.950964],[-75.177755,39.948974],[-75.177843,39.94861],[-75.181134,39.949008],[-75.182214,39.949222],[-75.182576,39.949285],[-75.182751,39.949369],[-75.183288,39.949512]]],"type":"Polygon"},"properties":{"2013_population_estimate":1735,"aland":"99957","awater":"12755","geoid":"14000US42101000801","name":"Census Tract 8.01, Philadelphia, PA"},"type":"Feature"},{"geometry":{"coordinates":[[[-75.177755,39.948974],[-75.177323,39.950964],[-75.172244,39.950338],[-75.170667,39.950131],[-75.170912,39.948993],[-75.171024,39.948542],[-75.171041,39.948409],[-75.17118,39.947784],[-75.172748,39.947971],[-75.177039,39.94852],[-75.177843,39.94861],[-75.177755,39.948974]]],"type":"Polygon"},"properties":{"2013_population_estimate":2998,"aland":"152822","awater":"0","geoid":"14000US42101000803","name":"Census Tract 8.03, Philadelphia, PA"},"type":"Feature"},{"geometry":{"coordinates":[[[-75.171095,39.948159],[-75.171041,39.948409],[-75.171024,39.948542],[-75.170912,39.948993],[-75.170667,39.950131],[-75.167517,39.949744],[-75.167634,39.949235],[-75.16803,39.947386],[-75.169614,39.94758],[-75.17118,39.947784],[-75.171095,39.948159]]],"type":"Polygon"},"properties":{"2013_population_estimate":2582,"aland":"72237","awater":"0","geoid":"14000US42101000805","name":"Census Tract 8.05, Philadelphia, PA"},"type":"Feature"},{"geometry":{"coordinates":[[[-75.167868,39.948149],[-75.167634,39.949235],[-75.167517,39.949744],[-75.16673,39.949655],[-75.164338,39.949346],[-75.164845,39.946999],[-75.16803,39.947386],[-75.167868,39.948149]]],"type":"Polygon"},"properties":{"2013_population_estimate":2253,"aland":"73208","awater":"0","geoid":"14000US42101000806","name":"Census Tract 8.06, Philadelphia, PA"},"type":"Feature"},{"geometry":{"coordinates":[[[-75.164845,39.946999],[-75.164338,39.949346],[-75.162114,39.94908],[-75.159751,39.948783],[-75.160267,39.946422],[-75.163648,39.946836],[-75.16471,39.946971],[-75.164845,39.946999]]],"type":"Polygon"},"properties":{"2013_population_estimate":2166,"aland":"105511","awater":"0","geoid":"14000US42101000901","name":"Census Tract 9.01, Philadelphia, PA"},"type":"Feature"},{"geometry":{"coordinates":[[[-75.160172,39.946857],[-75.159751,39.948783],[-75.153174,39.947962],[-75.1535,39.94644],[-75.153463,39.946377],[-75.153426,39.946353],[-75.153024,39.946299],[-75.153184,39.945536],[-75.160267,39.946422],[-75.160172,39.946857]]],"type":"Polygon"},"properties":{"2013_population_estimate":2736,"aland":"155167","awater":"0","geoid":"14000US42101000902","name":"Census Tract 9.02, Philadelphia, PA"},"type":"Feature"},{"geometry":{"coordinates":[[[-75.153837,39.942556],[-75.153024,39.946299],[-75.153426,39.946353],[-75.153463,39.946377],[-75.1535,39.94644],[-75.153302,39.947398],[-75.153174,39.947962],[-75.152671,39.947899],[-75.152337,39.949421],[-75.149186,39.949032],[-75.149666,39.94681],[-75.150148,39.944665],[-75.150755,39.941818],[-75.153916,39.942205],[-75.153837,39.942556]]],"type":"Polygon"},"properties":{"2013_population_estimate":2717,"aland":"229399","awater":"0","geoid":"14000US42101001001","name":"Census Tract 10.01, Philadelphia, PA"},"type":"Feature"},{"geometry":{"coordinates":[[[-75.150651,39.94234],[-75.149186,39.949032],[-75.14758,39.94884],[-75.142466,39.948174],[-75.143105,39.945255],[-75.143335,39.944306],[-75.14406,39.940972],[-75.150755,39.941818],[-75.150651,39.94234]]],"type":"Polygon"},"properties":{"2013_population_estimate":3583,"aland":"471655","awater":"0","geoid":"14000US42101001002","name":"Census Tract 10.02, Philadelphia, PA"},"type":"Feature"},{"geometry":{"coordinates":[[[-75.165575,39.943664],[-75.165466,39.944076],[-75.164937,39.946637],[-75.164845,39.946999],[-75.16471,39.946971],[-75.163648,39.946836],[-75.159481,39.946325],[-75.160205,39.942997],[-75.163354,39.943378],[-75.165575,39.943664]]],"type":"Polygon"},"properties":{"2013_population_estimate":4598,"aland":"174011","awater":"0","geoid":"14000US42101001101","name":"Census Tract 11.01, Philadelphia, PA"},"type":"Feature"},{"geometry":{"coordinates":[[[-75.160117,39.9434],[-75.159481,39.946325],[-75.156337,39.945923],[-75.153184,39.945536],[-75.153916,39.942205],[-75.160205,39.942997],[-75.160117,39.9434]]],"type":"Polygon"},"properties":{"2013_population_estimate":2722,"aland":"204063","awater":"0","geoid":"14000US42101001102","name":"Census Tract 11.02, Philadelphia, PA"},"type":"Feature"},{"geometry":{"coordinates":[[[-75.187141,39.947222],[-75.185634,39.948021],[-75.185155,39.948386],[-75.184259,39.948904],[-75.183288,39.949512],[-75.182751,39.949369],[-75.182576,39.949285],[-75.181134,39.949008],[-75.174323,39.948177],[-75.175054,39.944832],[-75.185685,39.946159],[-75.185912,39.946218],[-75.187231,39.947176],[-75.187141,39.947222]]],"type":"Polygon"},"properties":{"2013_population_estimate":4323,"aland":"327555","awater":"30728","geoid":"14000US42101001201","name":"Census Tract 12.01, Philadelphia, PA"},"type":"Feature"},{"geometry":{"coordinates":[[[-75.174991,39.945117],[-75.174778,39.946126],[-75.174627,39.946753],[-75.174566,39.947066],[-75.174323,39.948177],[-75.172748,39.947971],[-75.17118,39.947784],[-75.171411,39.946725],[-75.171554,39.946013],[-75.171693,39.945456],[-75.171775,39.945016],[-75.171906,39.944443],[-75.175054,39.944832],[-75.174991,39.945117]]],"type":"Polygon"},"properties":{"2013_population_estimate":1949,"aland":"102414","awater":"0","geoid":"14000US42101001203","name":"Census Tract 12.03, Philadelphia, PA"},"type":"Feature"},{"geometry":{"coordinates":[[[-75.171833,39.944755],[-75.171693,39.945456],[-75.171554,39.946013],[-75.17118,39.947784],[-75.169614,39.94758],[-75.164845,39.946999],[-75.164937,39.946637],[-75.165466,39.944076],[-75.165575,39.943664],[-75.167181,39.943848],[-75.171906,39.944443],[-75.171833,39.944755]]],"type":"Polygon"},"properties":{"2013_population_estimate":3134,"aland":"206147","awater":"0","geoid":"14000US42101001204","name":"Census Tract 12.04, Philadelphia, PA"},"type":"Feature"},{"geometry":{"coordinates":[[[-75.186849,39.940815],[-75.186626,39.940985],[-75.184474,39.942274],[-75.181002,39.941863],[-75.177761,39.941461],[-75.178251,39.939268],[-75.18314,39.939895],[-75.185824,39.940176],[-75.187445,39.940364],[-75.186849,39.940815]]],"type":"Polygon"},"properties":{"2013_population_estimate":1867,"aland":"170288","awater":"0","geoid":"14000US42101001301","name":"Census Tract 13.01, Philadelphia, PA"},"type":"Feature"},{"geometry":{"coordinates":[[[-75.193709,39.942265],[-75.191495,39.943153],[-75.18872,39.946108],[-75.187231,39.947176],[-75.185912,39.946218],[-75.185685,39.946159],[-75.176985,39.94508],[-75.177761,39.941461],[-75.184474,39.942274],[-75.186626,39.940985],[-75.187445,39.940364],[-75.187981,39.940057],[-75.188712,39.939567],[-75.18901,39.939424],[-75.192343,39.941454],[-75.192927,39.941646],[-75.193872,39.9421],[-75.193709,39.942265]]],"type":"Polygon"},"properties":{"2013_population_estimate":4762,"aland":"556886","awater":"60583","geoid":"14000US42101001302","name":"Census Tract 13.02, Philadelphia, PA"},"type":"Feature"},{"geometry":{"coordinates":[[[-75.177554,39.942487],[-75.177374,39.943231],[-75.176985,39.94508],[-75.167181,39.943848],[-75.165575,39.943664],[-75.166204,39.940813],[-75.177598,39.942228],[-75.177554,39.942487]]],"type":"Polygon"},"properties":{"2013_population_estimate":4001,"aland":"315833","awater":"0","geoid":"14000US42101001400","name":"Census Tract 14, Philadelphia, PA"},"type":"Feature"},{"geometry":{"coordinates":[[[-75.165988,39.94182],[-75.165575,39.943664],[-75.152334,39.942015],[-75.152546,39.941148],[-75.152771,39.940039],[-75.155888,39.94056],[-75.165988,39.94182]]],"type":"Polygon"},"properties":{"2013_population_estimate":3251,"aland":"239383","awater":"0","geoid":"14000US42101001500","name":"Census Tract 15, Philadelphia, PA"},"type":"Feature"},{"geometry":{"coordinates":[[[-75.15271,39.940345],[-75.152546,39.941148],[-75.152334,39.942015],[-75.146743,39.94131],[-75.145787,39.9412],[-75.14406,39.940972],[-75.144356,39.939609],[-75.144646,39.938373],[-75.146229,39.938629],[-75.146246,39.938567],[-75.151773,39.939548],[-75.151559,39.939826],[-75.152771,39.940039],[-75.15271,39.940345]]],"type":"Polygon"},"properties":{"2013_population_estimate":2428,"aland":"196389","awater":"0","geoid":"14000US42101001600","name":"Census Tract 16, Philadelphia, PA"},"type":"Feature"},{"geometry":{"coordinates":[[[-75.153214,39.938108],[-75.153129,39.938388],[-75.153065,39.938763],[-75.152771,39.940039],[-75.151559,39.939826],[-75.151773,39.939548],[-75.146246,39.938567],[-75.146229,39.938629],[-75.144646,39.938373],[-75.144529,39.938873],[-75.143877,39.938784],[-75.144106,39.937844],[-75.144517,39.936553],[-75.144888,39.935465],[-75.148694,39.936486],[-75.150229,39.936921],[-75.153286,39.937736],[-75.153214,39.938108]]],"type":"Polygon"},"properties":{"2013_population_estimate":2978,"aland":"212720","awater":"0","geoid":"14000US42101001700","name":"Census Tract 17, Philadelphia, PA"},"type":"Feature"},{"geometry":{"coordinates":[[[-75.16636,39.94003],[-75.165988,39.94182],[-75.155888,39.94056],[-75.152771,39.940039],[-75.153286,39.937736],[-75.157848,39.938982],[-75.166225,39.940033],[-75.16636,39.94003]]],"type":"Polygon"},"properties":{"2013_population_estimate":3300,"aland":"242440","awater":"0","geoid":"14000US42101001800","name":"Census Tract 18, Philadelphia, PA"},"type":"Feature"},{"geometry":{"coordinates":[[[-75.17807,39.94008],[-75.177598,39.942228],[-75.166204,39.940813],[-75.166816,39.937869],[-75.168446,39.938085],[-75.171602,39.938447],[-75.173731,39.93872],[-75.17475,39.938826],[-75.178251,39.939268],[-75.17807,39.94008]]],"type":"Polygon"},"properties":{"2013_population_estimate":3643,"aland":"328328","awater":"0","geoid":"14000US42101001900","name":"Census Tract 19, Philadelphia, PA"},"type":"Feature"},{"geometry":{"coordinates":[[[-75.188803,39.937266],[-75.188639,39.937991],[-75.18833,39.939509],[-75.18824,39.939878],[-75.187981,39.940057],[-75.187445,39.940364],[-75.185824,39.940176],[-75.18314,39.939895],[-75.179839,39.939478],[-75.180621,39.935816],[-75.188885,39.936887],[-75.188803,39.937266]]],"type":"Polygon"},"properties":{"2013_population_estimate":2028,"aland":"290083","awater":"0","geoid":"14000US42101002000","name":"Census Tract 20, Philadelphia, PA"},"type":"Feature"},{"geometry":{"coordinates":[[[-75.180535,39.936212],[-75.179942,39.938951],[-75.179839,39.939478],[-75.17631,39.939021],[-75.17475,39.938826],[-75.173731,39.93872],[-75.173173,39.938641],[-75.173697,39.93623],[-75.17385,39.93545],[-75.17397,39.934974],[-75.180621,39.935816],[-75.180535,39.936212]]],"type":"Polygon"},"properties":{"2013_population_estimate":2363,"aland":"237519","awater":"0","geoid":"14000US42101002100","name":"Census Tract 21, Philadelphia, PA"},"type":"Feature"},{"geometry":{"coordinates":[[[-75.17385,39.93545],[-75.173697,39.93623],[-75.173173,39.938641],[-75.171602,39.938447],[-75.168446,39.938085],[-75.166816,39.937869],[-75.166967,39.937188],[-75.167083,39.936742],[-75.16764,39.93415],[-75.171857,39.934698],[-75.173417,39.934888],[-75.17397,39.934974],[-75.17385,39.93545]]],"type":"Polygon"},"properties":{"2013_population_estimate":2418,"aland":"228697","awater":"0","geoid":"14000US42101002200","name":"Census Tract 22, Philadelphia, PA"},"type":"Feature"},{"geometry":{"coordinates":[[[-75.16764,39.93415],[-75.167083,39.936742],[-75.166954,39.936732],[-75.160199,39.9356],[-75.157351,39.934897],[-75.158733,39.933735],[-75.159517,39.9331],[-75.16764,39.93415]]],"type":"Polygon"},"properties":{"2013_population_estimate":2971,"aland":"212379","awater":"0","geoid":"14000US42101002300","name":"Census Tract 23, Philadelphia, PA"},"type":"Feature"},{"geometry":{"coordinates":[[[-75.167083,39.936742],[-75.166816,39.937869],[-75.16636,39.94003],[-75.166225,39.940033],[-75.157848,39.938982],[-75.153286,39.937736],[-75.154454,39.93242],[-75.159517,39.9331],[-75.157351,39.934897],[-75.160199,39.9356],[-75.167083,39.936742]]],"type":"Polygon"},"properties":{"2013_population_estimate":4707,"aland":"535423","awater":"0","geoid":"14000US42101002400","name":"Census Tract 24, Philadelphia, PA"},"type":"Feature"},{"geometry":{"coordinates":[[[-75.154372,39.932827],[-75.153286,39.937736],[-75.150229,39.936921],[-75.148694,39.936486],[-75.144888,39.935465],[-75.145113,39.934589],[-75.145392,39.933378],[-75.145702,39.933438],[-75.14617,39.931321],[-75.154454,39.93242],[-75.154372,39.932827]]],"type":"Polygon"},"properties":{"2013_population_estimate":4349,"aland":"393627","awater":"0","geoid":"14000US42101002500","name":"Census Tract 25, Philadelphia, PA"},"type":"Feature"},{"geometry":{"coordinates":[[[-75.155997,39.925532],[-75.155635,39.92712],[-75.155463,39.927956],[-75.155092,39.929551],[-75.154644,39.931625],[-75.154454,39.93242],[-75.151309,39.932007],[-75.151598,39.930782],[-75.151852,39.929555],[-75.15259,39.926327],[-75.152938,39.924679],[-75.156095,39.925103],[-75.155997,39.925532]]],"type":"Polygon"},"properties":{"2013_population_estimate":3821,"aland":"224842","awater":"0","geoid":"14000US42101002701","name":"Census Tract 27.01, Philadelphia, PA"},"type":"Feature"},{"geometry":{"coordinates":[[[-75.152846,39.925113],[-75.15259,39.926327],[-75.151852,39.929555],[-75.151598,39.930782],[-75.151309,39.932007],[-75.14617,39.931321],[-75.14637,39.930226],[-75.146461,39.930026],[-75.146693,39.928987],[-75.146705,39.928872],[-75.147139,39.926977],[-75.147363,39.926044],[-75.147484,39.92562],[-75.147842,39.924015],[-75.149405,39.924207],[-75.152938,39.924679],[-75.152846,39.925113]]],"type":"Polygon"},"properties":{"2013_population_estimate":4407,"aland":"367675","awater":"0","geoid":"14000US42101002702","name":"Census Tract 27.02, Philadelphia, PA"},"type":"Feature"},{"geometry":{"coordinates":[[[-75.159102,39.925932],[-75.158666,39.927955],[-75.157578,39.932837],[-75.155572,39.93258],[-75.154454,39.93242],[-75.154644,39.931625],[-75.155092,39.929551],[-75.155463,39.927956],[-75.155635,39.92712],[-75.156095,39.925103],[-75.159204,39.925511],[-75.159102,39.925932]]],"type":"Polygon"},"properties":{"2013_population_estimate":4234,"aland":"222950","awater":"0","geoid":"14000US42101002801","name":"Census Tract 28.01, Philadelphia, PA"},"type":"Feature"},{"geometry":{"coordinates":[[[-75.167074,39.926798],[-75.166933,39.926968],[-75.166803,39.927036],[-75.165005,39.92855],[-75.164884,39.928737],[-75.164718,39.928805],[-75.163504,39.92983],[-75.1634,39.929893],[-75.162226,39.930873],[-75.161047,39.931817],[-75.160857,39.932012],[-75.160759,39.932074],[-75.159517,39.9331],[-75.157578,39.932837],[-75.159204,39.925511],[-75.16735,39.926579],[-75.167074,39.926798]]],"type":"Polygon"},"properties":{"2013_population_estimate":5720,"aland":"362691","awater":"0","geoid":"14000US42101002802","name":"Census Tract 28.02, Philadelphia, PA"},"type":"Feature"},{"geometry":{"coordinates":[[[-75.169494,39.925596],[-75.167879,39.932934],[-75.16764,39.93415],[-75.159517,39.9331],[-75.160759,39.932074],[-75.160857,39.932012],[-75.161047,39.931817],[-75.162226,39.930873],[-75.1634,39.929893],[-75.163504,39.92983],[-75.164718,39.928805],[-75.164884,39.928737],[-75.165005,39.92855],[-75.166803,39.927036],[-75.166933,39.926968],[-75.167074,39.926798],[-75.16735,39.926579],[-75.168147,39.925875],[-75.168269,39.925796],[-75.169362,39.92559],[-75.169499,39.925531],[-75.169494,39.925596]]],"type":"Polygon"},"properties":{"2013_population_estimate":3891,"aland":"370256","awater":"0","geoid":"14000US42101002900","name":"Census Tract 29, Philadelphia, PA"},"type":"Feature"},{"geometry":{"coordinates":[[[-75.175468,39.928065],[-75.174764,39.931307],[-75.169258,39.930595],[-75.168423,39.930465],[-75.169228,39.926806],[-75.169882,39.926914],[-75.175562,39.927642],[-75.175468,39.928065]]],"type":"Polygon"},"properties":{"2013_population_estimate":3431,"aland":"226545","awater":"0","geoid":"14000US42101003001","name":"Census Tract 30.01, Philadelphia, PA"},"type":"Feature"},{"geometry":{"coordinates":[[[-75.174706,39.931567],[-75.1744,39.932963],[-75.174165,39.934114],[-75.17397,39.934974],[-75.173417,39.934888],[-75.171857,39.934698],[-75.16764,39.93415],[-75.167879,39.932934],[-75.168423,39.930465],[-75.169258,39.930595],[-75.174764,39.931307],[-75.174706,39.931567]]],"type":"Polygon"},"properties":{"2013_population_estimate":3171,"aland":"226952","awater":"0","geoid":"14000US42101003002","name":"Census Tract 30.02, Philadelphia, PA"},"type":"Feature"},{"geometry":{"coordinates":[[[-75.181846,39.930151],[-75.181162,39.933385],[-75.180621,39.935816],[-75.17397,39.934974],[-75.175289,39.928867],[-75.176871,39.929061],[-75.181944,39.929729],[-75.181846,39.930151]]],"type":"Polygon"},"properties":{"2013_population_estimate":5017,"aland":"395912","awater":"0","geoid":"14000US42101003100","name":"Census Tract 31, Philadelphia, PA"},"type":"Feature"},{"geometry":{"coordinates":[[[-75.190127,39.931219],[-75.188885,39.936887],[-75.180621,39.935816],[-75.181162,39.933385],[-75.181944,39.929729],[-75.183822,39.929955],[-75.187027,39.930381],[-75.190222,39.930779],[-75.190127,39.931219]]],"type":"Polygon"},"properties":{"2013_population_estimate":4196,"aland":"491790","awater":"0","geoid":"14000US42101003200","name":"Census Tract 32, Philadelphia, PA"},"type":"Feature"},{"geometry":{"coordinates":[[[-75.205431,39.93877],[-75.205284,39.940446],[-75.205185,39.941116],[-75.205005,39.941804],[-75.204901,39.942046],[-75.204577,39.942549],[-75.204149,39.942991],[-75.203156,39.943591],[-75.20237,39.943798],[-75.201315,39.943977],[-75.200639,39.944011],[-75.20017,39.943956],[-75.195646,39.942305],[-75.194971,39.942191],[-75.193985,39.942154],[-75.192927,39.941646],[-75.192343,39.941454],[-75.18901,39.939424],[-75.188712,39.939567],[-75.18824,39.939878],[-75.190222,39.930779],[-75.193353,39.931185],[-75.192826,39.933628],[-75.199503,39.934508],[-75.199261,39.935714],[-75.199005,39.936689],[-75.198817,39.937009],[-75.198467,39.937409],[-75.198324,39.937646],[-75.197924,39.938063],[-75.200194,39.938545],[-75.200351,39.938136],[-75.20114,39.937468],[-75.201266,39.937469],[-75.205468,39.938355],[-75.205431,39.93877]]],"type":"Polygon"},"properties":{"2013_population_estimate":6286,"aland":"1063815","awater":"96702","geoid":"14000US42101003300","name":"Census Tract 33, Philadelphia, PA"},"type":"Feature"},{"geometry":{"coordinates":[[[-75.199855,39.93266],[-75.199503,39.934508],[-75.192826,39.933628],[-75.193353,39.931185],[-75.18524,39.930146],[-75.186937,39.922318],[-75.188901,39.921969],[-75.190059,39.921716],[-75.192494,39.921266],[-75.195045,39.921011],[-75.194752,39.922362],[-75.194667,39.922417],[-75.194433,39.922428],[-75.193615,39.922341],[-75.193197,39.924138],[-75.193156,39.924592],[-75.193427,39.92484],[-75.19328,39.924856],[-75.193097,39.924969],[-75.193014,39.925086],[-75.195793,39.92806],[-75.196923,39.929165],[-75.198174,39.930292],[-75.199586,39.931807],[-75.199756,39.932121],[-75.199844,39.932447],[-75.199855,39.93266]]],"type":"Polygon"},"properties":{"2013_population_estimate":6915,"aland":"964586","awater":"0","geoid":"14000US42101003600","name":"Census Tract 36, Philadelphia, PA"},"type":"Feature"},{"geometry":{"coordinates":[[[-75.185773,39.927695],[-75.185679,39.928207],[-75.185505,39.928923],[-75.18524,39.930146],[-75.175289,39.928867],[-75.175664,39.92722],[-75.176088,39.925198],[-75.17767,39.92539],[-75.180397,39.925758],[-75.186029,39.926481],[-75.185773,39.927695]]],"type":"Polygon"},"properties":{"2013_population_estimate":5396,"aland":"355619","awater":"0","geoid":"14000US42101003701","name":"Census Tract 37.01, Philadelphia, PA"},"type":"Feature"},{"geometry":{"coordinates":[[[-75.186851,39.922751],[-75.186588,39.923994],[-75.186295,39.925243],[-75.186029,39.926481],[-75.180397,39.925758],[-75.17767,39.92539],[-75.176088,39.925198],[-75.176295,39.92425],[-75.177398,39.924089],[-75.177982,39.923951],[-75.178576,39.923835],[-75.180901,39.923446],[-75.183434,39.922939],[-75.184044,39.922846],[-75.186937,39.922318],[-75.186851,39.922751]]],"type":"Polygon"},"properties":{"2013_population_estimate":3742,"aland":"247351","awater":"0","geoid":"14000US42101003702","name":"Census Tract 37.02, Philadelphia, PA"},"type":"Feature"},{"geometry":{"coordinates":[[[-75.190298,39.91644],[-75.189447,39.920575],[-75.189413,39.921073],[-75.189438,39.921244],[-75.189507,39.921501],[-75.189653,39.921807],[-75.188901,39.921969],[-75.183434,39.922939],[-75.180901,39.923446],[-75.178576,39.923835],[-75.177398,39.924089],[-75.176295,39.92425],[-75.177168,39.920218],[-75.177082,39.920207],[-75.177438,39.91897],[-75.178268,39.915053],[-75.17763,39.914983],[-75.17718,39.91489],[-75.177302,39.914653],[-75.177619,39.913162],[-75.177806,39.91309],[-75.179596,39.913324],[-75.182612,39.913574],[-75.188144,39.914281],[-75.188411,39.914336],[-75.18901,39.914556],[-75.189481,39.91484],[-75.189938,39.915301],[-75.190081,39.915517],[-75.19025,39.915962],[-75.190298,39.91644]]],"type":"Polygon"},"properties":{"2013_population_estimate":3851,"aland":"1089240","awater":"0","geoid":"14000US42101003800","name":"Census Tract 38, Philadelphia, PA"},"type":"Feature"},{"geometry":{"coordinates":[[[-75.177129,39.920388],[-75.177002,39.921043],[-75.175562,39.927642],[-75.169882,39.926914],[-75.169228,39.926806],[-75.170023,39.923138],[-75.170581,39.920653],[-75.173748,39.92106],[-75.174033,39.919809],[-75.177168,39.920218],[-75.177129,39.920388]]],"type":"Polygon"},"properties":{"2013_population_estimate":5813,"aland":"420397","awater":"0","geoid":"14000US42101003901","name":"Census Tract 39.01, Philadelphia, PA"},"type":"Feature"},{"geometry":{"coordinates":[[[-75.178184,39.915487],[-75.177438,39.91897],[-75.177082,39.920207],[-75.174033,39.919809],[-75.173748,39.92106],[-75.170581,39.920653],[-75.171925,39.914373],[-75.171877,39.914256],[-75.172253,39.912388],[-75.177806,39.91309],[-75.177619,39.913162],[-75.177302,39.914653],[-75.177258,39.914773],[-75.17718,39.91489],[-75.17763,39.914983],[-75.178268,39.915053],[-75.178184,39.915487]]],"type":"Polygon"},"properties":{"2013_population_estimate":5419,"aland":"452952","awater":"0","geoid":"14000US42101003902","name":"Census Tract 39.02, Philadelphia, PA"},"type":"Feature"},{"geometry":{"coordinates":[[[-75.170309,39.921885],[-75.169499,39.925531],[-75.169362,39.92559],[-75.168269,39.925796],[-75.168147,39.925875],[-75.16735,39.926579],[-75.162338,39.92592],[-75.162711,39.924282],[-75.163412,39.921015],[-75.169568,39.921809],[-75.170178,39.921885],[-75.170309,39.921885]]],"type":"Polygon"},"properties":{"2013_population_estimate":4029,"aland":"314911","awater":"0","geoid":"14000US42101004001","name":"Census Tract 40.01, Philadelphia, PA"},"type":"Feature"},{"geometry":{"coordinates":[[[-75.171395,39.916885],[-75.170309,39.921885],[-75.170178,39.921885],[-75.169568,39.921809],[-75.163412,39.921015],[-75.16453,39.915875],[-75.166559,39.916149],[-75.167681,39.916283],[-75.171272,39.916778],[-75.171423,39.916757],[-75.171395,39.916885]]],"type":"Polygon"},"properties":{"2013_population_estimate":5272,"aland":"344839","awater":"0","geoid":"14000US42101004002","name":"Census Tract 40.02, Philadelphia, PA"},"type":"Feature"},{"geometry":{"coordinates":[[[-75.163318,39.921471],[-75.162711,39.924282],[-75.162338,39.92592],[-75.154526,39.924895],[-75.155597,39.920013],[-75.159276,39.92048],[-75.159424,39.920524],[-75.159741,39.920508],[-75.159958,39.920566],[-75.160275,39.920611],[-75.163412,39.921015],[-75.163318,39.921471]]],"type":"Polygon"},"properties":{"2013_population_estimate":5001,"aland":"374000","awater":"0","geoid":"14000US42101004101","name":"Census Tract 41.01, Philadelphia, PA"},"type":"Feature"},{"geometry":{"coordinates":[[[-75.163904,39.918744],[-75.163695,39.91975],[-75.163412,39.921015],[-75.160275,39.920611],[-75.159958,39.920566],[-75.159741,39.920508],[-75.159424,39.920524],[-75.159276,39.92048],[-75.155597,39.920013],[-75.156139,39.917515],[-75.161832,39.918236],[-75.163956,39.918518],[-75.163904,39.918744]]],"type":"Polygon"},"properties":{"2013_population_estimate":5000,"aland":"190517","awater":"0","geoid":"14000US42101004103","name":"Census Tract 41.03, Philadelphia, PA"},"type":"Feature"},{"geometry":{"coordinates":[[[-75.164231,39.917263],[-75.163956,39.918518],[-75.161832,39.918236],[-75.156139,39.917515],[-75.156708,39.914869],[-75.157484,39.914959],[-75.158805,39.915154],[-75.160193,39.915333],[-75.161525,39.915485],[-75.16453,39.915875],[-75.164231,39.917263]]],"type":"Polygon"},"properties":{"2013_population_estimate":3697,"aland":"201337","awater":"0","geoid":"14000US42101004104","name":"Census Tract 41.04, Philadelphia, PA"},"type":"Feature"},{"geometry":{"coordinates":[[[-75.1555,39.92045],[-75.154526,39.924895],[-75.149405,39.924207],[-75.147478,39.923965],[-75.147699,39.922958],[-75.147756,39.922761],[-75.147837,39.922569],[-75.148044,39.921537],[-75.148215,39.920462],[-75.148223,39.920148],[-75.148158,39.919503],[-75.148079,39.919035],[-75.155597,39.920013],[-75.1555,39.92045]]],"type":"Polygon"},"properties":{"2013_population_estimate":4916,"aland":"337995","awater":"0","geoid":"14000US42101004201","name":"Census Tract 42.01, Philadelphia, PA"},"type":"Feature"},{"geometry":{"coordinates":[[[-75.156633,39.915246],[-75.1564,39.916263],[-75.155597,39.920013],[-75.146538,39.91884],[-75.147653,39.913711],[-75.156708,39.914869],[-75.156633,39.915246]]],"type":"Polygon"},"properties":{"2013_population_estimate":5522,"aland":"453345","awater":"0","geoid":"14000US42101004202","name":"Census Tract 42.02, Philadelphia, PA"},"type":"Feature"},{"geometry":{"coordinates":[[[-75.265147,39.887317],[-75.265113,39.887524],[-75.264878,39.887927],[-75.264613,39.888205],[-75.264276,39.888401],[-75.26374,39.888473],[-75.262692,39.888343],[-75.262485,39.888406],[-75.262306,39.888537],[-75.262212,39.888692],[-75.262108,39.889141],[-75.262112,39.890465],[-75.261743,39.891774],[-75.261512,39.891938],[-75.261107,39.892076],[-75.260147,39.892296],[-75.259112,39.892436],[-75.258962,39.892522],[-75.25839,39.892978],[-75.256741,39.894726],[-75.256659,39.894933],[-75.256789,39.895189],[-75.257272,39.89556],[-75.257389,39.895704],[-75.257362,39.895844],[-75.257147,39.89615],[-75.256761,39.896495],[-75.256235,39.897097],[-75.255618,39.897943],[-75.255506,39.898183],[-75.255095,39.898666],[-75.255093,39.898756],[-75.25365,39.898254],[-75.252349,39.897618],[-75.241825,39.892006],[-75.242943,39.891306],[-75.244807,39.890498],[-75.24528,39.890253],[-75.245859,39.88985],[-75.246231,39.889505],[-75.253364,39.8816],[-75.254385,39.88051],[-75.255416,39.879559],[-75.256412,39.878806],[-75.2576,39.878074],[-75.258454,39.87764],[-75.260553,39.876826],[-75.261078,39.876604],[-75.261245,39.876484],[-75.262528,39.876561],[-75.265003,39.880983],[-75.265112,39.881657],[-75.264563,39.882123],[-75.264336,39.882258],[-75.263082,39.882356],[-75.262263,39.882572],[-75.261946,39.882889],[-75.261886,39.883069],[-75.261965,39.88324],[-75.262433,39.883634],[-75.264184,39.884163],[-75.264408,39.88432],[-75.264602,39.884737],[-75.264227,39.885002],[-75.263153,39.885301],[-75.26273,39.885554],[-75.262617,39.885805],[-75.262683,39.886026],[-75.26296,39.886181],[-75.263807,39.886166],[-75.264088,39.886094],[-75.264549,39.886226],[-75.264817,39.886431],[-75.265056,39.886819],[-75.265123,39.886967],[-75.265147,39.887317]]],"type":"Polygon"},"properties":{"2013_population_estimate":1739,"aland":"1862632","awater":"530013","geoid":"14000US42101005400","name":"Census Tract 54, Philadelphia, PA"},"type":"Feature"},{"geometry":{"coordinates":[[[-75.255597,39.899596],[-75.253563,39.901826],[-75.251288,39.904403],[-75.253492,39.905585],[-75.25248,39.906633],[-75.251759,39.906744],[-75.250319,39.907626],[-75.250205,39.907915],[-75.250168,39.908565],[-75.249901,39.909268],[-75.249929,39.909352],[-75.250045,39.909459],[-75.250158,39.9095],[-75.250656,39.909568],[-75.251107,39.909708],[-75.251298,39.909855],[-75.251288,39.909983],[-75.251498,39.910051],[-75.251268,39.910031],[-75.251123,39.910248],[-75.250401,39.911042],[-75.250194,39.911196],[-75.249332,39.911553],[-75.24898,39.911749],[-75.248762,39.911983],[-75.248685,39.912302],[-75.24851,39.912722],[-75.248377,39.912934],[-75.248056,39.913165],[-75.2472,39.913578],[-75.247116,39.913678],[-75.247063,39.913907],[-75.247117,39.914043],[-75.247323,39.914286],[-75.247592,39.914362],[-75.247594,39.914611],[-75.247706,39.914722],[-75.247715,39.914837],[-75.247056,39.915851],[-75.246752,39.916232],[-75.246787,39.916448],[-75.246974,39.916939],[-75.247187,39.917094],[-75.24721,39.917182],[-75.247172,39.917236],[-75.247347,39.917785],[-75.247357,39.917993],[-75.247341,39.918541],[-75.247238,39.918642],[-75.246856,39.918759],[-75.246923,39.918313],[-75.246868,39.918099],[-75.246787,39.917915],[-75.246308,39.917176],[-75.24338,39.913488],[-75.243226,39.913112],[-75.243367,39.913005],[-75.243217,39.91249],[-75.240576,39.904062],[-75.243197,39.903572],[-75.244985,39.903178],[-75.246308,39.902735],[-75.247308,39.902282],[-75.248199,39.90178],[-75.249109,39.901113],[-75.24975,39.900548],[-75.252349,39.897618],[-75.25365,39.898254],[-75.255093,39.898756],[-75.255115,39.898882],[-75.25525,39.899137],[-75.255597,39.899596]]],"type":"Polygon"},"properties":{"2013_population_estimate":5897,"aland":"1168597","awater":"12010","geoid":"14000US42101005500","name":"Census Tract 55, Philadelphia, PA"},"type":"Feature"},{"geometry":{"coordinates":[[[-75.252323,39.897656],[-75.250995,39.899181],[-75.24975,39.900548],[-75.249109,39.901113],[-75.248199,39.90178],[-75.247308,39.902282],[-75.246308,39.902735],[-75.244985,39.903178],[-75.243197,39.903572],[-75.240331,39.904113],[-75.239152,39.900275],[-75.238643,39.898691],[-75.243752,39.893025],[-75.252069,39.897466],[-75.252349,39.897618],[-75.252323,39.897656]]],"type":"Polygon"},"properties":{"2013_population_estimate":1138,"aland":"840413","awater":"0","geoid":"14000US42101005600","name":"Census Tract 56, Philadelphia, PA"},"type":"Feature"},{"geometry":{"coordinates":[[[-75.244668,39.91558],[-75.243821,39.916027],[-75.243016,39.916515],[-75.239511,39.918979],[-75.23463,39.914848],[-75.23374,39.914073],[-75.23349,39.913818],[-75.232825,39.913228],[-75.232217,39.912755],[-75.231662,39.912252],[-75.230792,39.911549],[-75.230507,39.911203],[-75.23185,39.910208],[-75.232444,39.90967],[-75.232926,39.909178],[-75.234972,39.90687],[-75.235285,39.906555],[-75.236197,39.905802],[-75.236579,39.905536],[-75.237336,39.905112],[-75.237849,39.904861],[-75.238611,39.904543],[-75.239402,39.904307],[-75.240576,39.904062],[-75.241335,39.906562],[-75.243217,39.91249],[-75.243367,39.913005],[-75.243226,39.913112],[-75.24338,39.913488],[-75.244935,39.91545],[-75.244668,39.91558]]],"type":"Polygon"},"properties":{"2013_population_estimate":6440,"aland":"1071395","awater":"0","geoid":"14000US42101006000","name":"Census Tract 60, Philadelphia, PA"},"type":"Feature"},{"geometry":{"coordinates":[[[-75.234162,39.915185],[-75.227538,39.91984],[-75.226637,39.919085],[-75.225879,39.91852],[-75.22421,39.917832],[-75.223236,39.917589],[-75.225713,39.914018],[-75.227913,39.910745],[-75.228587,39.90983],[-75.229266,39.909028],[-75.230507,39.911203],[-75.230635,39.911381],[-75.230792,39.911549],[-75.231662,39.912252],[-75.232217,39.912755],[-75.232825,39.913228],[-75.23349,39.913818],[-75.23374,39.914073],[-75.23463,39.914848],[-75.234162,39.915185]]],"type":"Polygon"},"properties":{"2013_population_estimate":2919,"aland":"535234","awater":"0","geoid":"14000US42101006100","name":"Census Tract 61, Philadelphia, PA"},"type":"Feature"},{"geometry":{"coordinates":[[[-75.239511,39.918979],[-75.232438,39.92397],[-75.22801,39.920255],[-75.227538,39.91984],[-75.233267,39.915825],[-75.23463,39.914848],[-75.236924,39.916799],[-75.238347,39.917975],[-75.239511,39.918979]]],"type":"Polygon"},"properties":{"2013_population_estimate":4394,"aland":"509635","awater":"0","geoid":"14000US42101006200","name":"Census Tract 62, Philadelphia, PA"},"type":"Feature"},{"geometry":{"coordinates":[[[-75.246898,39.918574],[-75.246856,39.918759],[-75.24634,39.919077],[-75.245853,39.919414],[-75.238891,39.924312],[-75.238443,39.924655],[-75.235594,39.92664],[-75.232438,39.92397],[-75.243016,39.916515],[-75.243821,39.916027],[-75.244935,39.91545],[-75.246308,39.917176],[-75.246787,39.917915],[-75.246868,39.918099],[-75.246923,39.918313],[-75.246898,39.918574]]],"type":"Polygon"},"properties":{"2013_population_estimate":4415,"aland":"555597","awater":"0","geoid":"14000US42101006300","name":"Census Tract 63, Philadelphia, PA"},"type":"Feature"},{"geometry":{"coordinates":[[[-75.247623,39.919668],[-75.247581,39.919982],[-75.247487,39.920206],[-75.247465,39.920454],[-75.247459,39.921343],[-75.247516,39.921656],[-75.247506,39.921773],[-75.247392,39.922048],[-75.246521,39.92289],[-75.246267,39.923171],[-75.246188,39.923306],[-75.246141,39.923611],[-75.24613,39.923907],[-75.245993,39.924369],[-75.245725,39.924823],[-75.245437,39.925164],[-75.245127,39.925661],[-75.244991,39.925841],[-75.244625,39.926003],[-75.2444,39.926134],[-75.244301,39.926353],[-75.244329,39.926476],[-75.244507,39.926649],[-75.244576,39.926754],[-75.244596,39.926858],[-75.244579,39.927177],[-75.244498,39.927406],[-75.244055,39.928149],[-75.243965,39.928645],[-75.243981,39.929713],[-75.244009,39.929793],[-75.244278,39.929964],[-75.244355,39.930041],[-75.244427,39.930287],[-75.244381,39.930399],[-75.244274,39.930486],[-75.243813,39.93073],[-75.243694,39.930821],[-75.243643,39.930897],[-75.243069,39.930742],[-75.240747,39.930258],[-75.237726,39.92932],[-75.235478,39.928877],[-75.236986,39.927821],[-75.235594,39.92664],[-75.238443,39.924655],[-75.238891,39.924312],[-75.245853,39.919414],[-75.246856,39.918759],[-75.247238,39.918642],[-75.247341,39.918541],[-75.247423,39.918825],[-75.247601,39.919076],[-75.247456,39.919079],[-75.24745,39.919159],[-75.247583,39.919399],[-75.247622,39.919517],[-75.247623,39.919668]]],"type":"Polygon"},"properties":{"2013_population_estimate":4717,"aland":"642367","awater":"12217","geoid":"14000US42101006400","name":"Census Tract 64, Philadelphia, PA"},"type":"Feature"},{"geometry":{"coordinates":[[[-75.247028,39.943414],[-75.243417,39.94469],[-75.240266,39.945866],[-75.233572,39.940257],[-75.23242,39.938995],[-75.227252,39.934661],[-75.235478,39.928877],[-75.237726,39.92932],[-75.240747,39.930258],[-75.243643,39.930897],[-75.243451,39.931577],[-75.243423,39.931837],[-75.243133,39.932085],[-75.242229,39.933378],[-75.241952,39.933535],[-75.241909,39.933544],[-75.241847,39.93347],[-75.241774,39.933482],[-75.241736,39.933579],[-75.240944,39.933649],[-75.2405,39.933604],[-75.239647,39.933315],[-75.238759,39.932704],[-75.23795,39.932472],[-75.237436,39.932557],[-75.237217,39.932694],[-75.23691,39.933073],[-75.236657,39.933547],[-75.236651,39.934205],[-75.23632,39.935326],[-75.235263,39.93596],[-75.234979,39.936222],[-75.23492,39.936333],[-75.234915,39.936592],[-75.234773,39.936753],[-75.234742,39.936884],[-75.2348,39.937337],[-75.234967,39.93775],[-75.235002,39.938127],[-75.235161,39.938271],[-75.235293,39.938321],[-75.236498,39.938461],[-75.236878,39.938432],[-75.237964,39.938226],[-75.239006,39.93814],[-75.239428,39.938155],[-75.23957,39.938039],[-75.240145,39.938238],[-75.240711,39.938727],[-75.240763,39.938794],[-75.240738,39.938967],[-75.240626,39.939191],[-75.24024,39.939568],[-75.239879,39.940072],[-75.239527,39.940432],[-75.239411,39.940608],[-75.239398,39.940744],[-75.239561,39.941298],[-75.239735,39.941593],[-75.240149,39.942086],[-75.240367,39.942171],[-75.241179,39.942264],[-75.242953,39.942253],[-75.243026,39.942211],[-75.243364,39.942355],[-75.243542,39.942306],[-75.243424,39.942405],[-75.243531,39.942442],[-75.244659,39.942589],[-75.24619,39.942613],[-75.246469,39.942667],[-75.246661,39.942765],[-75.246822,39.94297],[-75.247028,39.943414]]],"type":"Polygon"},"properties":{"2013_population_estimate":4672,"aland":"1114276","awater":"25678","geoid":"14000US42101006500","name":"Census Tract 65, Philadelphia, PA"},"type":"Feature"},{"geometry":{"coordinates":[[[-75.236986,39.927821],[-75.227252,39.934661],[-75.222696,39.930808],[-75.232438,39.92397],[-75.236986,39.927821]]],"type":"Polygon"},"properties":{"2013_population_estimate":3396,"aland":"651243","awater":"0","geoid":"14000US42101006600","name":"Census Tract 66, Philadelphia, PA"},"type":"Feature"},{"geometry":{"coordinates":[[[-75.232438,39.92397],[-75.222696,39.930808],[-75.219434,39.928082],[-75.216768,39.926956],[-75.219196,39.923409],[-75.223236,39.917589],[-75.22421,39.917832],[-75.225879,39.91852],[-75.226637,39.919085],[-75.232438,39.92397]]],"type":"Polygon"},"properties":{"2013_population_estimate":7868,"aland":"1001468","awater":"0","geoid":"14000US42101006700","name":"Census Tract 67, Philadelphia, PA"},"type":"Feature"},{"geometry":{"coordinates":[[[-75.226761,39.935006],[-75.224778,39.936423],[-75.223919,39.937],[-75.220278,39.939572],[-75.217255,39.937037],[-75.215682,39.935691],[-75.222696,39.930808],[-75.227252,39.934661],[-75.226761,39.935006]]],"type":"Polygon"},"properties":{"2013_population_estimate":3521,"aland":"469586","awater":"0","geoid":"14000US42101007000","name":"Census Tract 70, Philadelphia, PA"},"type":"Feature"},{"geometry":{"coordinates":[[[-75.229227,39.937091],[-75.222753,39.941654],[-75.221545,39.940652],[-75.220278,39.939572],[-75.223919,39.937],[-75.224778,39.936423],[-75.224906,39.93632],[-75.227252,39.934661],[-75.229726,39.936743],[-75.229227,39.937091]]],"type":"Polygon"},"properties":{"2013_population_estimate":2317,"aland":"253257","awater":"0","geoid":"14000US42101007101","name":"Census Tract 71.01, Philadelphia, PA"},"type":"Feature"},{"geometry":{"coordinates":[[[-75.233632,39.940292],[-75.228184,39.944134],[-75.226805,39.945083],[-75.22498,39.943534],[-75.224129,39.942836],[-75.222753,39.941654],[-75.229726,39.936743],[-75.231115,39.937925],[-75.23242,39.938995],[-75.233572,39.940257],[-75.233632,39.940292]]],"type":"Polygon"},"properties":{"2013_population_estimate":4584,"aland":"415761","awater":"0","geoid":"14000US42101007102","name":"Census Tract 71.02, Philadelphia, PA"},"type":"Feature"},{"geometry":{"coordinates":[[[-75.240052,39.945917],[-75.23934,39.946075],[-75.237271,39.946463],[-75.236137,39.946733],[-75.235822,39.946835],[-75.235049,39.946992],[-75.234361,39.947174],[-75.231703,39.947805],[-75.231289,39.94782],[-75.229449,39.947779],[-75.229594,39.947438],[-75.228202,39.94627],[-75.228686,39.945913],[-75.228433,39.945743],[-75.228297,39.945702],[-75.228145,39.94568],[-75.227804,39.945697],[-75.227569,39.945662],[-75.227308,39.945509],[-75.226805,39.945083],[-75.228184,39.944134],[-75.233632,39.940292],[-75.237821,39.943829],[-75.239696,39.945363],[-75.240266,39.945866],[-75.240052,39.945917]]],"type":"Polygon"},"properties":{"2013_population_estimate":4525,"aland":"502743","awater":"0","geoid":"14000US42101007200","name":"Census Tract 72, Philadelphia, PA"},"type":"Feature"},{"geometry":{"coordinates":[[[-75.229449,39.947779],[-75.224946,39.947744],[-75.223315,39.947925],[-75.22214,39.946957],[-75.219002,39.944283],[-75.219138,39.944186],[-75.217136,39.94374],[-75.221545,39.940652],[-75.227308,39.945509],[-75.227569,39.945662],[-75.227804,39.945697],[-75.228145,39.94568],[-75.228297,39.945702],[-75.228433,39.945743],[-75.228686,39.945913],[-75.228202,39.94627],[-75.229594,39.947438],[-75.229449,39.947779]]],"type":"Polygon"},"properties":{"2013_population_estimate":3295,"aland":"386471","awater":"0","geoid":"14000US42101007300","name":"Census Tract 73, Philadelphia, PA"},"type":"Feature"},{"geometry":{"coordinates":[[[-75.221079,39.940976],[-75.217136,39.94374],[-75.214999,39.943265],[-75.211401,39.945802],[-75.207797,39.942774],[-75.207649,39.942475],[-75.208799,39.941644],[-75.208364,39.941277],[-75.207838,39.941286],[-75.208683,39.940604],[-75.209424,39.940056],[-75.215682,39.935691],[-75.221545,39.940652],[-75.221079,39.940976]]],"type":"Polygon"},"properties":{"2013_population_estimate":3955,"aland":"676057","awater":"0","geoid":"14000US42101007400","name":"Census Tract 74, Philadelphia, PA"},"type":"Feature"},{"geometry":{"coordinates":[[[-75.21292,39.949065],[-75.211259,39.949246],[-75.210458,39.949353],[-75.208044,39.949748],[-75.205759,39.949832],[-75.205656,39.948053],[-75.207046,39.946754],[-75.205373,39.945058],[-75.205281,39.944155],[-75.205313,39.944102],[-75.205203,39.943771],[-75.20506,39.943624],[-75.205473,39.943335],[-75.206188,39.942769],[-75.206643,39.942375],[-75.20751,39.94156],[-75.207838,39.941286],[-75.208364,39.941277],[-75.208799,39.941644],[-75.207649,39.942475],[-75.207797,39.942774],[-75.211401,39.945802],[-75.210103,39.946697],[-75.212578,39.948798],[-75.21292,39.949065]]],"type":"Polygon"},"properties":{"2013_population_estimate":1815,"aland":"322266","awater":"0","geoid":"14000US42101007700","name":"Census Tract 77, Philadelphia, PA"},"type":"Feature"},{"geometry":{"coordinates":[[[-75.223315,39.947925],[-75.219234,39.948368],[-75.21445,39.948917],[-75.21292,39.949065],[-75.212578,39.948798],[-75.210103,39.946697],[-75.214,39.943983],[-75.214999,39.943265],[-75.219138,39.944186],[-75.219002,39.944283],[-75.22214,39.946957],[-75.223315,39.947925]]],"type":"Polygon"},"properties":{"2013_population_estimate":4191,"aland":"426722","awater":"0","geoid":"14000US42101007800","name":"Census Tract 78, Philadelphia, PA"},"type":"Feature"},{"geometry":{"coordinates":[[[-75.223329,39.948012],[-75.222279,39.95304],[-75.212393,39.951811],[-75.212947,39.949129],[-75.21292,39.949065],[-75.21445,39.948917],[-75.219234,39.948368],[-75.223315,39.947925],[-75.223329,39.948012]]],"type":"Polygon"},"properties":{"2013_population_estimate":3952,"aland":"377951","awater":"0","geoid":"14000US42101007900","name":"Census Tract 79, Philadelphia, PA"},"type":"Feature"},{"geometry":{"coordinates":[[[-75.231266,39.947935],[-75.229999,39.953996],[-75.222279,39.95304],[-75.223329,39.948012],[-75.223315,39.947925],[-75.224946,39.947744],[-75.225236,39.947743],[-75.225399,39.947757],[-75.229449,39.947779],[-75.231289,39.94782],[-75.231266,39.947935]]],"type":"Polygon"},"properties":{"2013_population_estimate":3867,"aland":"430891","awater":"0","geoid":"14000US42101008000","name":"Census Tract 80, Philadelphia, PA"},"type":"Feature"},{"geometry":{"coordinates":[[[-75.239958,39.94641],[-75.239118,39.950446],[-75.230959,39.949438],[-75.231289,39.94782],[-75.231703,39.947805],[-75.234361,39.947174],[-75.235049,39.946992],[-75.235822,39.946835],[-75.235917,39.946793],[-75.236137,39.946733],[-75.237271,39.946463],[-75.23934,39.946075],[-75.240052,39.945917],[-75.239958,39.94641]]],"type":"Polygon"},"properties":{"2013_population_estimate":3119,"aland":"243881","awater":"0","geoid":"14000US42101008101","name":"Census Tract 81.01, Philadelphia, PA"},"type":"Feature"},{"geometry":{"coordinates":[[[-75.239009,39.950948],[-75.238166,39.955011],[-75.229999,39.953996],[-75.230635,39.950922],[-75.230959,39.949438],[-75.239118,39.950446],[-75.239009,39.950948]]],"type":"Polygon"},"properties":{"2013_population_estimate":4902,"aland":"362526","awater":"0","geoid":"14000US42101008102","name":"Census Tract 81.02, Philadelphia, PA"},"type":"Feature"},{"geometry":{"coordinates":[[[-75.251647,39.951846],[-75.251643,39.951954],[-75.251577,39.952127],[-75.251186,39.952664],[-75.251152,39.95275],[-75.251152,39.952849],[-75.251206,39.953031],[-75.251149,39.953161],[-75.251047,39.953295],[-75.250816,39.953475],[-75.2476,39.953021],[-75.238796,39.951942],[-75.240052,39.945917],[-75.240266,39.945866],[-75.243417,39.94469],[-75.247028,39.943414],[-75.247076,39.943616],[-75.247208,39.943904],[-75.247377,39.944138],[-75.247421,39.94429],[-75.247508,39.944405],[-75.248176,39.94501],[-75.248222,39.9451],[-75.24824,39.945228],[-75.248421,39.945454],[-75.248902,39.945828],[-75.249431,39.946312],[-75.249714,39.946451],[-75.249921,39.946626],[-75.250118,39.94697],[-75.250205,39.947244],[-75.250365,39.947978],[-75.250415,39.948092],[-75.250473,39.948178],[-75.250721,39.948377],[-75.250661,39.948437],[-75.251442,39.949139],[-75.251496,39.949251],[-75.251512,39.949455],[-75.251468,39.949655],[-75.251368,39.949856],[-75.25127,39.949991],[-75.251165,39.950289],[-75.251127,39.950439],[-75.251122,39.950701],[-75.251256,39.950968],[-75.251418,39.951148],[-75.251534,39.951218],[-75.25158,39.951282],[-75.251647,39.951846]]],"type":"Polygon"},"properties":{"2013_population_estimate":7503,"aland":"832282","awater":"11202","geoid":"14000US42101008200","name":"Census Tract 82, Philadelphia, PA"},"type":"Feature"},{"geometry":{"coordinates":[[[-75.250883,39.959024],[-75.25085,39.959099],[-75.250605,39.959239],[-75.250291,39.959397],[-75.249552,39.959682],[-75.249122,39.95999],[-75.248546,39.960269],[-75.248459,39.960333],[-75.248383,39.960425],[-75.248282,39.960621],[-75.247975,39.960997],[-75.247892,39.961181],[-75.247867,39.961493],[-75.247807,39.961765],[-75.247707,39.961977],[-75.247702,39.962056],[-75.247776,39.962303],[-75.247688,39.962817],[-75.242735,39.962202],[-75.24441,39.954226],[-75.244719,39.952676],[-75.24874,39.953169],[-75.250816,39.953475],[-75.250487,39.953737],[-75.250047,39.954151],[-75.249953,39.95433],[-75.249837,39.954431],[-75.249767,39.95457],[-75.249746,39.95464],[-75.249766,39.954761],[-75.24975,39.954826],[-75.249596,39.955239],[-75.249494,39.955352],[-75.249234,39.955429],[-75.249163,39.955514],[-75.249122,39.955656],[-75.249134,39.955756],[-75.249262,39.956043],[-75.249274,39.956123],[-75.249234,39.956216],[-75.248987,39.956427],[-75.248926,39.956628],[-75.249006,39.956907],[-75.249064,39.956958],[-75.249314,39.957067],[-75.249532,39.957213],[-75.250177,39.957791],[-75.250359,39.958014],[-75.250666,39.958328],[-75.250793,39.958529],[-75.250875,39.958728],[-75.250883,39.959024]]],"type":"Polygon"},"properties":{"2013_population_estimate":4111,"aland":"510556","awater":"6714","geoid":"14000US42101008301","name":"Census Tract 83.01, Philadelphia, PA"},"type":"Feature"},{"geometry":{"coordinates":[[[-75.244564,39.953455],[-75.242735,39.962202],[-75.238785,39.961715],[-75.240137,39.955252],[-75.238166,39.955011],[-75.238796,39.951942],[-75.244719,39.952676],[-75.244564,39.953455]]],"type":"Polygon"},"properties":{"2013_population_estimate":4844,"aland":"425236","awater":"0","geoid":"14000US42101008302","name":"Census Tract 83.02, Philadelphia, PA"},"type":"Feature"},{"geometry":{"coordinates":[[[-75.240023,39.955768],[-75.238785,39.961715],[-75.230801,39.960722],[-75.232153,39.954262],[-75.240137,39.955252],[-75.240023,39.955768]]],"type":"Polygon"},"properties":{"2013_population_estimate":5403,"aland":"501763","awater":"0","geoid":"14000US42101008400","name":"Census Tract 84, Philadelphia, PA"},"type":"Feature"},{"geometry":{"coordinates":[[[-75.232045,39.95478],[-75.230801,39.960722],[-75.224868,39.960005],[-75.224772,39.959975],[-75.224212,39.959899],[-75.22092,39.959505],[-75.222279,39.95304],[-75.232153,39.954262],[-75.232045,39.95478]]],"type":"Polygon"},"properties":{"2013_population_estimate":6515,"aland":"621445","awater":"0","geoid":"14000US42101008500","name":"Census Tract 85, Philadelphia, PA"},"type":"Feature"},{"geometry":{"coordinates":[[[-75.222191,39.953413],[-75.221798,39.955319],[-75.214882,39.954464],[-75.214643,39.955607],[-75.211677,39.95524],[-75.212393,39.951811],[-75.222279,39.95304],[-75.222191,39.953413]]],"type":"Polygon"},"properties":{"2013_population_estimate":3376,"aland":"252482","awater":"0","geoid":"14000US42101008601","name":"Census Tract 86.01, Philadelphia, PA"},"type":"Feature"},{"geometry":{"coordinates":[[[-75.221686,39.955854],[-75.221493,39.95683],[-75.22092,39.959505],[-75.211039,39.958276],[-75.211677,39.95524],[-75.214643,39.955607],[-75.214882,39.954464],[-75.221798,39.955319],[-75.221686,39.955854]]],"type":"Polygon"},"properties":{"2013_population_estimate":3168,"aland":"369141","awater":"0","geoid":"14000US42101008602","name":"Census Tract 86.02, Philadelphia, PA"},"type":"Feature"},{"geometry":{"coordinates":[[[-75.212947,39.949129],[-75.212716,39.950292],[-75.211039,39.958276],[-75.208128,39.957915],[-75.208279,39.957142],[-75.209264,39.952522],[-75.209339,39.95138],[-75.209282,39.950434],[-75.209268,39.949874],[-75.20924,39.949613],[-75.209259,39.949541],[-75.210458,39.949353],[-75.211259,39.949246],[-75.21292,39.949065],[-75.212947,39.949129]]],"type":"Polygon"},"properties":{"2013_population_estimate":3374,"aland":"259543","awater":"0","geoid":"14000US42101008701","name":"Census Tract 87.01, Philadelphia, PA"},"type":"Feature"},{"geometry":{"coordinates":[[[-75.209326,39.951436],[-75.209264,39.952522],[-75.208279,39.957142],[-75.208128,39.957915],[-75.204145,39.957422],[-75.204465,39.955904],[-75.204774,39.955943],[-75.20546,39.952682],[-75.205802,39.950985],[-75.20582,39.950953],[-75.205759,39.949832],[-75.208044,39.949748],[-75.209259,39.949541],[-75.20924,39.949613],[-75.209268,39.949874],[-75.209282,39.950434],[-75.209339,39.95138],[-75.209326,39.951436]]],"type":"Polygon"},"properties":{"2013_population_estimate":2836,"aland":"283544","awater":"0","geoid":"14000US42101008702","name":"Census Tract 87.02, Philadelphia, PA"},"type":"Feature"},{"geometry":{"coordinates":[[[-75.200659,39.952092],[-75.20026,39.95382],[-75.199622,39.95686],[-75.196121,39.956429],[-75.196293,39.955654],[-75.196762,39.953387],[-75.196761,39.953306],[-75.19683,39.952977],[-75.196853,39.952942],[-75.197007,39.952269],[-75.197243,39.951021],[-75.200801,39.951458],[-75.200659,39.952092]]],"type":"Polygon"},"properties":{"2013_population_estimate":2231,"aland":"184674","awater":"0","geoid":"14000US42101008801","name":"Census Tract 88.01, Philadelphia, PA"},"type":"Feature"},{"geometry":{"coordinates":[[[-75.205802,39.950985],[-75.204774,39.955943],[-75.204465,39.955904],[-75.204145,39.957422],[-75.199622,39.95686],[-75.20026,39.95382],[-75.200801,39.951458],[-75.199204,39.951257],[-75.199427,39.950419],[-75.199607,39.95003],[-75.199648,39.949882],[-75.199655,39.949532],[-75.199592,39.949307],[-75.199545,39.949211],[-75.199734,39.949367],[-75.200147,39.949582],[-75.200967,39.949862],[-75.201104,39.949856],[-75.203012,39.949281],[-75.205032,39.948533],[-75.205167,39.948522],[-75.205656,39.948053],[-75.20582,39.950953],[-75.205802,39.950985]]],"type":"Polygon"},"properties":{"2013_population_estimate":6156,"aland":"395055","awater":"0","geoid":"14000US42101008802","name":"Census Tract 88.02, Philadelphia, PA"},"type":"Feature"},{"geometry":{"coordinates":[[[-75.194195,39.962622],[-75.186742,39.963445],[-75.186668,39.963081],[-75.186628,39.962292],[-75.186645,39.961239],[-75.186718,39.960187],[-75.186744,39.959398],[-75.186732,39.958608],[-75.186677,39.958275],[-75.186626,39.958087],[-75.186506,39.95784],[-75.186286,39.957641],[-75.186021,39.957473],[-75.185738,39.957324],[-75.18449,39.956914],[-75.184808,39.956022],[-75.186574,39.956251],[-75.186713,39.956234],[-75.186846,39.956148],[-75.186922,39.956022],[-75.187064,39.955295],[-75.194152,39.95618],[-75.193693,39.958363],[-75.193641,39.958567],[-75.193574,39.958689],[-75.194297,39.962607],[-75.194195,39.962622]]],"type":"Polygon"},"properties":{"2013_population_estimate":7375,"aland":"525631","awater":"0","geoid":"14000US42101009000","name":"Census Tract 90, Philadelphia, PA"},"type":"Feature"},{"geometry":{"coordinates":[[[-75.202235,39.961643],[-75.200136,39.961963],[-75.194297,39.962607],[-75.193574,39.958689],[-75.193641,39.958567],[-75.193693,39.958363],[-75.194152,39.95618],[-75.201953,39.957149],[-75.201824,39.957827],[-75.202235,39.961643]]],"type":"Polygon"},"properties":{"2013_population_estimate":2962,"aland":"425574","awater":"0","geoid":"14000US42101009100","name":"Census Tract 91, Philadelphia, PA"},"type":"Feature"},{"geometry":{"coordinates":[[[-75.213673,39.96003],[-75.21306,39.962577],[-75.211929,39.962662],[-75.210491,39.962571],[-75.208976,39.962311],[-75.20236,39.962859],[-75.201824,39.957827],[-75.201953,39.957149],[-75.214018,39.958643],[-75.213673,39.96003]]],"type":"Polygon"},"properties":{"2013_population_estimate":3444,"aland":"512010","awater":"0","geoid":"14000US42101009200","name":"Census Tract 92, Philadelphia, PA"},"type":"Feature"},{"geometry":{"coordinates":[[[-75.228318,39.962033],[-75.227679,39.965072],[-75.22786,39.966191],[-75.22623,39.965571],[-75.225451,39.965207],[-75.224105,39.964739],[-75.223891,39.964714],[-75.223531,39.964601],[-75.220044,39.963819],[-75.219768,39.96301],[-75.219175,39.959288],[-75.224212,39.959899],[-75.224772,39.959975],[-75.224868,39.960005],[-75.228645,39.960463],[-75.228318,39.962033]]],"type":"Polygon"},"properties":{"2013_population_estimate":5200,"aland":"401596","awater":"0","geoid":"14000US42101009300","name":"Census Tract 93, Philadelphia, PA"},"type":"Feature"},{"geometry":{"coordinates":[[[-75.236677,39.962093],[-75.235842,39.966085],[-75.227679,39.965072],[-75.228645,39.960463],[-75.231874,39.96085],[-75.236808,39.961471],[-75.236677,39.962093]]],"type":"Polygon"},"properties":{"2013_population_estimate":3864,"aland":"366714","awater":"0","geoid":"14000US42101009400","name":"Census Tract 94, Philadelphia, PA"},"type":"Feature"},{"geometry":{"coordinates":[[[-75.240428,39.963536],[-75.239131,39.969753],[-75.239135,39.969953],[-75.235697,39.970336],[-75.235352,39.968446],[-75.236808,39.961471],[-75.240762,39.96196],[-75.240428,39.963536]]],"type":"Polygon"},"properties":{"2013_population_estimate":3755,"aland":"319094","awater":"0","geoid":"14000US42101009500","name":"Census Tract 95, Philadelphia, PA"},"type":"Feature"},{"geometry":{"coordinates":[[[-75.247464,39.964508],[-75.246531,39.968967],[-75.239479,39.968097],[-75.240762,39.96196],[-75.246753,39.962705],[-75.246425,39.964276],[-75.246863,39.964328],[-75.247109,39.964294],[-75.247308,39.964305],[-75.247399,39.964341],[-75.247446,39.96439],[-75.247464,39.964508]]],"type":"Polygon"},"properties":{"2013_population_estimate":3528,"aland":"405273","awater":"0","geoid":"14000US42101009600","name":"Census Tract 96, Philadelphia, PA"},"type":"Feature"},{"geometry":{"coordinates":[[[-75.271309,39.979275],[-75.267973,39.980757],[-75.267649,39.980387],[-75.267155,39.979986],[-75.266043,39.979343],[-75.265918,39.979251],[-75.263278,39.978148],[-75.262871,39.977933],[-75.261996,39.977598],[-75.262243,39.977262],[-75.262042,39.977146],[-75.261966,39.976988],[-75.26196,39.976901],[-75.261988,39.976815],[-75.262033,39.976741],[-75.263054,39.975749],[-75.262812,39.975611],[-75.264257,39.974419],[-75.265558,39.975641],[-75.267588,39.974662],[-75.270308,39.977992],[-75.271309,39.979275]]],"type":"Polygon"},"properties":{"2013_population_estimate":2563,"aland":"297978","awater":"0","geoid":"14000US42101009801","name":"Census Tract 98.01, Philadelphia, PA"},"type":"Feature"},{"geometry":{"coordinates":[[[-75.275468,39.977429],[-75.271309,39.979275],[-75.270308,39.977992],[-75.267588,39.974662],[-75.265558,39.975641],[-75.264257,39.974419],[-75.262812,39.975611],[-75.263054,39.975749],[-75.262033,39.976741],[-75.261988,39.976815],[-75.26196,39.976901],[-75.261991,39.977062],[-75.262042,39.977146],[-75.262243,39.977262],[-75.261996,39.977598],[-75.260868,39.977176],[-75.260868,39.977119],[-75.260736,39.976886],[-75.260654,39.9757],[-75.260489,39.975631],[-75.260107,39.975391],[-75.259928,39.975151],[-75.259813,39.974874],[-75.259808,39.974401],[-75.259933,39.974448],[-75.259945,39.974266],[-75.2619,39.972584],[-75.263874,39.971236],[-75.26562,39.969941],[-75.267686,39.971307],[-75.267579,39.971656],[-75.268573,39.972386],[-75.26857,39.972505],[-75.268814,39.972661],[-75.269039,39.972737],[-75.269189,39.972857],[-75.269314,39.97301],[-75.271639,39.972082],[-75.272892,39.973527],[-75.275871,39.977245],[-75.275468,39.977429]]],"type":"Polygon"},"properties":{"2013_population_estimate":5787,"aland":"613208","awater":"0","geoid":"14000US42101009802","name":"Census Tract 98.02, Philadelphia, PA"},"type":"Feature"},{"geometry":{"coordinates":[[[-75.255196,39.97426],[-75.247494,39.975113],[-75.246935,39.972111],[-75.246904,39.972028],[-75.247518,39.969093],[-75.246531,39.968967],[-75.247169,39.965927],[-75.250133,39.966299],[-75.250601,39.966326],[-75.251119,39.966398],[-75.250985,39.967115],[-75.250481,39.96946],[-75.255123,39.970036],[-75.254752,39.971527],[-75.2549,39.97269],[-75.255196,39.97426]]],"type":"Polygon"},"properties":{"2013_population_estimate":5306,"aland":"497692","awater":"0","geoid":"14000US42101010000","name":"Census Tract 100, Philadelphia, PA"},"type":"Feature"},{"geometry":{"coordinates":[[[-75.247201,39.970609],[-75.246904,39.972028],[-75.246935,39.972111],[-75.247494,39.975113],[-75.23857,39.976101],[-75.237455,39.970141],[-75.239135,39.969953],[-75.239131,39.969753],[-75.239479,39.968097],[-75.247518,39.969093],[-75.247201,39.970609]]],"type":"Polygon"},"properties":{"2013_population_estimate":6303,"aland":"601423","awater":"0","geoid":"14000US42101010100","name":"Census Tract 101, Philadelphia, PA"},"type":"Feature"},{"geometry":{"coordinates":[[[-75.235599,39.967239],[-75.235352,39.968446],[-75.235697,39.970336],[-75.228735,39.971107],[-75.228384,39.969215],[-75.227679,39.965072],[-75.235842,39.966085],[-75.235599,39.967239]]],"type":"Polygon"},"properties":{"2013_population_estimate":3427,"aland":"360619","awater":"0","geoid":"14000US42101010200","name":"Census Tract 102, Philadelphia, PA"},"type":"Feature"},{"geometry":{"coordinates":[[[-75.228735,39.971107],[-75.225841,39.97143],[-75.225372,39.969517],[-75.223118,39.969747],[-75.222617,39.967343],[-75.222509,39.966927],[-75.222444,39.966531],[-75.222025,39.964659],[-75.221952,39.96425],[-75.223531,39.964601],[-75.223891,39.964714],[-75.224105,39.964739],[-75.22459,39.964896],[-75.225451,39.965207],[-75.22623,39.965571],[-75.22786,39.966191],[-75.228384,39.969215],[-75.228735,39.971107]]],"type":"Polygon"},"properties":{"2013_population_estimate":2632,"aland":"281275","awater":"0","geoid":"14000US42101010300","name":"Census Tract 103, Philadelphia, PA"},"type":"Feature"},{"geometry":{"coordinates":[[[-75.223118,39.969747],[-75.217172,39.970351],[-75.216657,39.966337],[-75.216609,39.965786],[-75.216516,39.965214],[-75.216181,39.962546],[-75.217002,39.959015],[-75.219175,39.959288],[-75.219768,39.96301],[-75.220044,39.963819],[-75.221952,39.96425],[-75.222025,39.964659],[-75.222444,39.966531],[-75.222509,39.966927],[-75.222617,39.967343],[-75.223118,39.969747]]],"type":"Polygon"},"properties":{"2013_population_estimate":3551,"aland":"473022","awater":"0","geoid":"14000US42101010400","name":"Census Tract 104, Philadelphia, PA"},"type":"Feature"},{"geometry":{"coordinates":[[[-75.217767,39.972627],[-75.212211,39.973242],[-75.212148,39.973012],[-75.211334,39.968726],[-75.21056,39.962571],[-75.211929,39.962662],[-75.21306,39.962577],[-75.214018,39.958643],[-75.217002,39.959015],[-75.216181,39.962546],[-75.216516,39.965214],[-75.216609,39.965786],[-75.216657,39.966337],[-75.217437,39.972434],[-75.217767,39.972627]]],"type":"Polygon"},"properties":{"2013_population_estimate":4251,"aland":"657748","awater":"0","geoid":"14000US42101010500","name":"Census Tract 105, Philadelphia, PA"},"type":"Feature"},{"geometry":{"coordinates":[[[-75.211334,39.968726],[-75.209759,39.96775],[-75.209672,39.967743],[-75.20954,39.967617],[-75.202342,39.963137],[-75.202376,39.963029],[-75.20236,39.962859],[-75.208976,39.962311],[-75.210491,39.962571],[-75.21056,39.962571],[-75.211334,39.968726]]],"type":"Polygon"},"properties":{"2013_population_estimate":1799,"aland":"265467","awater":"0","geoid":"14000US42101010600","name":"Census Tract 106, Philadelphia, PA"},"type":"Feature"},{"geometry":{"coordinates":[[[-75.212148,39.973012],[-75.208394,39.972095],[-75.205979,39.971429],[-75.204043,39.97102],[-75.203722,39.970929],[-75.202334,39.963495],[-75.202309,39.963266],[-75.202342,39.963137],[-75.20954,39.967617],[-75.209672,39.967743],[-75.209759,39.96775],[-75.211334,39.968726],[-75.211631,39.97022],[-75.212148,39.973012]]],"type":"Polygon"},"properties":{"2013_population_estimate":3255,"aland":"461045","awater":"0","geoid":"14000US42101010700","name":"Census Tract 107, Philadelphia, PA"},"type":"Feature"},{"geometry":{"coordinates":[[[-75.203722,39.970929],[-75.195763,39.968656],[-75.19484,39.968367],[-75.192308,39.967724],[-75.192139,39.966888],[-75.19531,39.968045],[-75.194297,39.962607],[-75.200136,39.961963],[-75.202235,39.961643],[-75.202376,39.963029],[-75.202309,39.963266],[-75.202334,39.963495],[-75.203722,39.970929]]],"type":"Polygon"},"properties":{"2013_population_estimate":4532,"aland":"585732","awater":"0","geoid":"14000US42101010800","name":"Census Tract 108, Philadelphia, PA"},"type":"Feature"},{"geometry":{"coordinates":[[[-75.19531,39.968045],[-75.193405,39.967337],[-75.192139,39.966888],[-75.192308,39.967724],[-75.191064,39.967414],[-75.190165,39.967031],[-75.189583,39.966756],[-75.189046,39.966429],[-75.188269,39.965912],[-75.187786,39.965537],[-75.187575,39.96533],[-75.187403,39.965104],[-75.187141,39.964615],[-75.186943,39.964112],[-75.186742,39.963445],[-75.194297,39.962607],[-75.19531,39.968045]]],"type":"Polygon"},"properties":{"2013_population_estimate":2717,"aland":"286242","awater":"0","geoid":"14000US42101010900","name":"Census Tract 109, Philadelphia, PA"},"type":"Feature"},{"geometry":{"coordinates":[[[-75.213469,39.977791],[-75.20372,39.974182],[-75.198809,39.974722],[-75.198567,39.973559],[-75.198461,39.972522],[-75.198995,39.971543],[-75.199234,39.971301],[-75.199655,39.970983],[-75.20027,39.970613],[-75.201219,39.970214],[-75.204043,39.97102],[-75.205979,39.971429],[-75.208394,39.972095],[-75.212148,39.973012],[-75.213469,39.977791]]],"type":"Polygon"},"properties":{"2013_population_estimate":2729,"aland":"508471","awater":"0","geoid":"14000US42101011000","name":"Census Tract 110, Philadelphia, PA"},"type":"Feature"},{"geometry":{"coordinates":[[[-75.230171,39.978794],[-75.226765,39.977211],[-75.224066,39.981508],[-75.223675,39.981509],[-75.223157,39.981381],[-75.213469,39.977791],[-75.212211,39.973242],[-75.217767,39.972627],[-75.217437,39.972434],[-75.217172,39.970351],[-75.225372,39.969517],[-75.225841,39.97143],[-75.228735,39.971107],[-75.230171,39.978794]]],"type":"Polygon"},"properties":{"2013_population_estimate":4049,"aland":"1301617","awater":"0","geoid":"14000US42101011100","name":"Census Tract 111, Philadelphia, PA"},"type":"Feature"},{"geometry":{"coordinates":[[[-75.23857,39.976101],[-75.229855,39.977069],[-75.228735,39.971107],[-75.237455,39.970141],[-75.23857,39.976101]]],"type":"Polygon"},"properties":{"2013_population_estimate":5307,"aland":"503153","awater":"0","geoid":"14000US42101011200","name":"Census Tract 112, Philadelphia, PA"},"type":"Feature"},{"geometry":{"coordinates":[[[-75.239473,39.981114],[-75.239417,39.981283],[-75.239335,39.981447],[-75.239042,39.98195],[-75.235689,39.980803],[-75.233959,39.980374],[-75.232422,39.979797],[-75.232097,39.979694],[-75.230171,39.978794],[-75.229855,39.977069],[-75.23857,39.976101],[-75.239379,39.980424],[-75.239467,39.980914],[-75.239473,39.981114]]],"type":"Polygon"},"properties":{"2013_population_estimate":3822,"aland":"335526","awater":"0","geoid":"14000US42101011300","name":"Census Tract 113, Philadelphia, PA"},"type":"Feature"},{"geometry":{"coordinates":[[[-75.251063,39.981601],[-75.248346,39.982968],[-75.248668,39.98468],[-75.248991,39.985109],[-75.24819,39.985469],[-75.247832,39.985522],[-75.245478,39.986619],[-75.245102,39.98599],[-75.244818,39.985795],[-75.244491,39.985667],[-75.241261,39.985315],[-75.238231,39.985033],[-75.237773,39.984978],[-75.237391,39.984854],[-75.23724,39.98484],[-75.238744,39.982382],[-75.239042,39.98195],[-75.239335,39.981447],[-75.239473,39.981114],[-75.239467,39.980914],[-75.239379,39.980424],[-75.23857,39.976101],[-75.247797,39.975079],[-75.248334,39.977969],[-75.248429,39.978295],[-75.248534,39.978537],[-75.248777,39.97892],[-75.251063,39.981601]]],"type":"Polygon"},"properties":{"2013_population_estimate":6843,"aland":"972947","awater":"0","geoid":"14000US42101011400","name":"Census Tract 114, Philadelphia, PA"},"type":"Feature"},{"geometry":{"coordinates":[[[-75.255918,39.978122],[-75.254819,39.978549],[-75.25447,39.978703],[-75.254252,39.978835],[-75.253929,39.979067],[-75.253716,39.979277],[-75.253497,39.979533],[-75.253104,39.98018],[-75.252858,39.98049],[-75.252544,39.98077],[-75.25221,39.981012],[-75.251063,39.981601],[-75.248777,39.97892],[-75.248628,39.978707],[-75.248534,39.978537],[-75.248429,39.978295],[-75.248334,39.977969],[-75.247797,39.975079],[-75.255196,39.97426],[-75.255918,39.978122]]],"type":"Polygon"},"properties":{"2013_population_estimate":4881,"aland":"370456","awater":"0","geoid":"14000US42101011500","name":"Census Tract 115, Philadelphia, PA"},"type":"Feature"},{"geometry":{"coordinates":[[[-75.247948,39.991138],[-75.235298,39.99707],[-75.234136,39.995598],[-75.233713,39.992176],[-75.236255,39.990971],[-75.238006,39.990626],[-75.238361,39.990486],[-75.23865,39.99033],[-75.239838,39.989287],[-75.245478,39.986619],[-75.246331,39.988085],[-75.246416,39.988266],[-75.246187,39.989516],[-75.246641,39.989676],[-75.247008,39.989933],[-75.247948,39.991138]]],"type":"Polygon"},"properties":{"2013_population_estimate":2009,"aland":"654025","awater":"0","geoid":"14000US42101011700","name":"Census Tract 117, Philadelphia, PA"},"type":"Feature"},{"geometry":{"coordinates":[[[-75.245478,39.986619],[-75.239838,39.989287],[-75.23865,39.99033],[-75.238361,39.990486],[-75.238006,39.990626],[-75.236255,39.990971],[-75.233713,39.992176],[-75.233528,39.990653],[-75.230766,39.982674],[-75.230791,39.982516],[-75.229843,39.981195],[-75.22967,39.981036],[-75.228792,39.980705],[-75.228893,39.98044],[-75.228967,39.979916],[-75.228947,39.979651],[-75.228839,39.979403],[-75.228678,39.979167],[-75.228471,39.97896],[-75.227973,39.978596],[-75.2263,39.977951],[-75.226765,39.977211],[-75.232097,39.979694],[-75.233959,39.980374],[-75.235689,39.980803],[-75.239042,39.98195],[-75.238744,39.982382],[-75.23724,39.98484],[-75.237391,39.984854],[-75.237773,39.984978],[-75.238231,39.985033],[-75.241261,39.985315],[-75.244491,39.985667],[-75.244818,39.985795],[-75.245102,39.98599],[-75.245478,39.986619]]],"type":"Polygon"},"properties":{"2013_population_estimate":5048,"aland":"914502","awater":"0","geoid":"14000US42101011800","name":"Census Tract 118, Philadelphia, PA"},"type":"Feature"},{"geometry":{"coordinates":[[[-75.233672,39.991882],[-75.225662,39.991469],[-75.22571,39.989441],[-75.225783,39.988774],[-75.225891,39.988131],[-75.225444,39.987853],[-75.225109,39.987582],[-75.225311,39.987437],[-75.225573,39.987151],[-75.225962,39.986457],[-75.226825,39.98432],[-75.226963,39.983813],[-75.227057,39.982691],[-75.226202,39.981608],[-75.225162,39.981336],[-75.224066,39.981508],[-75.2263,39.977951],[-75.227973,39.978596],[-75.228471,39.97896],[-75.228678,39.979167],[-75.228839,39.979403],[-75.228947,39.979651],[-75.228967,39.979916],[-75.228893,39.98044],[-75.228792,39.980705],[-75.22967,39.981036],[-75.229843,39.981195],[-75.230646,39.982347],[-75.230791,39.982516],[-75.230766,39.982674],[-75.233528,39.990653],[-75.233672,39.991882]]],"type":"Polygon"},"properties":{"2013_population_estimate":5570,"aland":"690906","awater":"0","geoid":"14000US42101011900","name":"Census Tract 119, Philadelphia, PA"},"type":"Feature"},{"geometry":{"coordinates":[[[-75.234413,39.997488],[-75.227462,40.000746],[-75.22738,40.000539],[-75.226691,39.99946],[-75.22645,39.998967],[-75.226162,39.998209],[-75.225726,39.996665],[-75.225684,39.996405],[-75.225664,39.995848],[-75.225678,39.994299],[-75.225662,39.991469],[-75.229798,39.991682],[-75.23106,39.991764],[-75.233672,39.991882],[-75.234136,39.995598],[-75.235298,39.99707],[-75.234413,39.997488]]],"type":"Polygon"},"properties":{"2013_population_estimate":1917,"aland":"600670","awater":"0","geoid":"14000US42101012000","name":"Census Tract 120, Philadelphia, PA"},"type":"Feature"},{"geometry":{"coordinates":[[[-75.227462,40.000746],[-75.223618,40.002583],[-75.220665,40.003944],[-75.217994,39.994223],[-75.218288,39.994051],[-75.219498,39.9919],[-75.219695,39.991399],[-75.220317,39.990286],[-75.225109,39.987582],[-75.225444,39.987853],[-75.225891,39.988131],[-75.22572,39.989298],[-75.225674,39.99035],[-75.225664,39.995848],[-75.225684,39.996405],[-75.225726,39.996665],[-75.226162,39.998209],[-75.22645,39.998967],[-75.226691,39.99946],[-75.22738,40.000539],[-75.227462,40.000746]]],"type":"Polygon"},"properties":{"2013_population_estimate":3052,"aland":"876796","awater":"5378","geoid":"14000US42101012100","name":"Census Tract 121, Philadelphia, PA"},"type":"Feature"},{"geometry":{"coordinates":[[[-75.214787,40.002888],[-75.21403,40.005079],[-75.213524,40.004954],[-75.21258,40.004787],[-75.212321,40.004807],[-75.212025,40.004882],[-75.211854,40.004986],[-75.210412,40.00611],[-75.210078,40.006394],[-75.209771,40.006983],[-75.209696,40.00706],[-75.209554,40.00714],[-75.208581,40.00638],[-75.208358,40.00628],[-75.208176,40.006241],[-75.207979,40.006253],[-75.207736,40.006315],[-75.207504,40.006469],[-75.20338,40.005165],[-75.201293,40.00597],[-75.200992,40.005265],[-75.201529,40.005088],[-75.201786,40.004972],[-75.201925,40.004872],[-75.202057,40.004729],[-75.202772,40.003782],[-75.202908,40.003628],[-75.203194,40.003393],[-75.207374,40.002773],[-75.211764,40.002024],[-75.215355,40.001244],[-75.214787,40.002888]]],"type":"Polygon"},"properties":{"2013_population_estimate":2954,"aland":"376738","awater":"2325","geoid":"14000US42101012201","name":"Census Tract 122.01, Philadelphia, PA"},"type":"Feature"},{"geometry":{"coordinates":[[[-75.213891,40.005485],[-75.213537,40.006554],[-75.213533,40.006646],[-75.213558,40.006801],[-75.213745,40.00716],[-75.210619,40.008652],[-75.20924,40.009371],[-75.208221,40.009947],[-75.207993,40.009842],[-75.206157,40.009105],[-75.204772,40.008766],[-75.203156,40.008256],[-75.20556,40.007369],[-75.206269,40.007208],[-75.206544,40.007117],[-75.206923,40.006908],[-75.207588,40.006404],[-75.207736,40.006315],[-75.207979,40.006253],[-75.208176,40.006241],[-75.208358,40.00628],[-75.208581,40.00638],[-75.209554,40.00714],[-75.209696,40.00706],[-75.209771,40.006983],[-75.210078,40.006394],[-75.210412,40.00611],[-75.211854,40.004986],[-75.212025,40.004882],[-75.21216,40.004847],[-75.212432,40.00479],[-75.21258,40.004787],[-75.213524,40.004954],[-75.21403,40.005079],[-75.213891,40.005485]]],"type":"Polygon"},"properties":{"2013_population_estimate":1074,"aland":"227697","awater":"0","geoid":"14000US42101012203","name":"Census Tract 122.03, Philadelphia, PA"},"type":"Feature"},{"geometry":{"coordinates":[[[-75.220665,40.003944],[-75.218361,40.00507],[-75.213745,40.00716],[-75.213558,40.006801],[-75.213537,40.006554],[-75.215355,40.001244],[-75.211764,40.002024],[-75.207374,40.002773],[-75.203194,40.003393],[-75.202772,40.003782],[-75.202057,40.004729],[-75.200868,40.004432],[-75.20412,40.000328],[-75.205488,40.000902],[-75.206653,39.999595],[-75.206591,39.999492],[-75.20658,39.999349],[-75.206695,39.999167],[-75.206825,39.999094],[-75.206985,39.999067],[-75.207255,39.999119],[-75.207384,39.998756],[-75.207321,39.99874],[-75.207692,39.998088],[-75.209156,39.998339],[-75.20918,39.998276],[-75.209306,39.998218],[-75.212381,39.997188],[-75.21354,39.996878],[-75.215572,39.996241],[-75.215991,39.996056],[-75.216331,39.995826],[-75.217434,39.994695],[-75.217994,39.994223],[-75.220665,40.003944]]],"type":"Polygon"},"properties":{"2013_population_estimate":3915,"aland":"879459","awater":"56473","geoid":"14000US42101012204","name":"Census Tract 122.04, Philadelphia, PA"},"type":"Feature"},{"geometry":{"coordinates":[[[-75.168802,39.958749],[-75.168429,39.9604],[-75.167806,39.963306],[-75.163106,39.962719],[-75.161808,39.962569],[-75.161595,39.962535],[-75.161384,39.962474],[-75.161409,39.962345],[-75.161376,39.962225],[-75.162339,39.957825],[-75.168827,39.958627],[-75.168802,39.958749]]],"type":"Polygon"},"properties":{"2013_population_estimate":2235,"aland":"295431","awater":"0","geoid":"14000US42101012501","name":"Census Tract 125.01, Philadelphia, PA"},"type":"Feature"},{"geometry":{"coordinates":[[[-75.183323,39.964374],[-75.181987,39.964525],[-75.181759,39.964503],[-75.181644,39.964444],[-75.181416,39.964378],[-75.179401,39.964525],[-75.178068,39.964671],[-75.17786,39.964555],[-75.177154,39.964441],[-75.176548,39.964378],[-75.175984,39.964208],[-75.176219,39.964409],[-75.176056,39.964366],[-75.174445,39.964118],[-75.167806,39.963306],[-75.168827,39.958627],[-75.172191,39.959029],[-75.179937,39.960028],[-75.181679,39.962099],[-75.183323,39.964374]]],"type":"Polygon"},"properties":{"2013_population_estimate":3743,"aland":"569430","awater":"32791","geoid":"14000US42101012502","name":"Census Tract 125.02, Philadelphia, PA"},"type":"Feature"},{"geometry":{"coordinates":[[[-75.154182,39.963222],[-75.153018,39.968549],[-75.1515,39.968182],[-75.150515,39.967971],[-75.147146,39.967126],[-75.147813,39.963583],[-75.147791,39.963473],[-75.148029,39.962265],[-75.153384,39.962512],[-75.154312,39.962614],[-75.154182,39.963222]]],"type":"Polygon"},"properties":{"2013_population_estimate":1871,"aland":"322156","awater":"0","geoid":"14000US42101013100","name":"Census Tract 131, Philadelphia, PA"},"type":"Feature"},{"geometry":{"coordinates":[[[-75.16111,39.963788],[-75.160213,39.967888],[-75.160072,39.968599],[-75.159702,39.970202],[-75.153018,39.968549],[-75.154312,39.962614],[-75.158483,39.963077],[-75.16104,39.963395],[-75.161188,39.963422],[-75.16111,39.963788]]],"type":"Polygon"},"properties":{"2013_population_estimate":2957,"aland":"426669","awater":"0","geoid":"14000US42101013200","name":"Census Tract 132, Philadelphia, PA"},"type":"Feature"},{"geometry":{"coordinates":[[[-75.166106,39.963735],[-75.165942,39.964388],[-75.165813,39.965075],[-75.165429,39.966751],[-75.164976,39.968831],[-75.164941,39.969061],[-75.163869,39.969669],[-75.164395,39.970151],[-75.164744,39.970436],[-75.164652,39.970488],[-75.164626,39.970522],[-75.164555,39.970816],[-75.161403,39.970428],[-75.159702,39.970202],[-75.160072,39.968599],[-75.160804,39.965159],[-75.16126,39.963126],[-75.161384,39.962474],[-75.161595,39.962535],[-75.161808,39.962569],[-75.166227,39.963112],[-75.166106,39.963735]]],"type":"Polygon"},"properties":{"2013_population_estimate":3500,"aland":"357932","awater":"0","geoid":"14000US42101013300","name":"Census Tract 133, Philadelphia, PA"},"type":"Feature"},{"geometry":{"coordinates":[[[-75.179683,39.967416],[-75.17539,39.967345],[-75.17375,39.967304],[-75.172108,39.967284],[-75.172267,39.966579],[-75.172405,39.965897],[-75.172477,39.965627],[-75.17256,39.965219],[-75.172648,39.964866],[-75.172848,39.963923],[-75.174445,39.964118],[-75.176056,39.964366],[-75.176219,39.964409],[-75.177513,39.965382],[-75.178031,39.965905],[-75.179683,39.967416]]],"type":"Polygon"},"properties":{"2013_population_estimate":2974,"aland":"164058","awater":"0","geoid":"14000US42101013401","name":"Census Tract 134.01, Philadelphia, PA"},"type":"Feature"},{"geometry":{"coordinates":[[[-75.172707,39.964576],[-75.172477,39.965627],[-75.172405,39.965897],[-75.172108,39.967284],[-75.168569,39.967226],[-75.165349,39.967149],[-75.16565,39.965748],[-75.165813,39.965075],[-75.165942,39.964388],[-75.166106,39.963735],[-75.166227,39.963112],[-75.172848,39.963923],[-75.172707,39.964576]]],"type":"Polygon"},"properties":{"2013_population_estimate":2929,"aland":"238612","awater":"0","geoid":"14000US42101013402","name":"Census Tract 134.02, Philadelphia, PA"},"type":"Feature"},{"geometry":{"coordinates":[[[-75.175305,39.967704],[-75.174367,39.972035],[-75.164555,39.970816],[-75.164626,39.970522],[-75.164652,39.970488],[-75.164744,39.970436],[-75.164395,39.970151],[-75.163869,39.969669],[-75.164941,39.969061],[-75.164976,39.968831],[-75.165349,39.967149],[-75.168569,39.967226],[-75.17375,39.967304],[-75.17539,39.967345],[-75.175305,39.967704]]],"type":"Polygon"},"properties":{"2013_population_estimate":4078,"aland":"404892","awater":"0","geoid":"14000US42101013500","name":"Census Tract 135, Philadelphia, PA"},"type":"Feature"},{"geometry":{"coordinates":[[[-75.183561,39.970778],[-75.183177,39.97075],[-75.182663,39.970674],[-75.174869,39.96971],[-75.17539,39.967345],[-75.179683,39.967416],[-75.180163,39.967793],[-75.181589,39.969025],[-75.181897,39.96902],[-75.184005,39.970781],[-75.183561,39.970778]]],"type":"Polygon"},"properties":{"2013_population_estimate":2882,"aland":"175316","awater":"0","geoid":"14000US42101013601","name":"Census Tract 136.01, Philadelphia, PA"},"type":"Feature"},{"geometry":{"coordinates":[[[-75.186368,39.973537],[-75.178576,39.972573],[-75.174367,39.972035],[-75.174869,39.96971],[-75.182663,39.970674],[-75.183177,39.97075],[-75.183561,39.970778],[-75.184005,39.970781],[-75.185442,39.971999],[-75.185629,39.972218],[-75.185933,39.972691],[-75.186368,39.973537]]],"type":"Polygon"},"properties":{"2013_population_estimate":3975,"aland":"246812","awater":"0","geoid":"14000US42101013602","name":"Census Tract 136.02, Philadelphia, PA"},"type":"Feature"},{"geometry":{"coordinates":[[[-75.189882,39.977933],[-75.18966,39.978366],[-75.18943,39.978574],[-75.189308,39.978699],[-75.189232,39.9788],[-75.189162,39.979012],[-75.188661,39.981207],[-75.187006,39.981006],[-75.183838,39.980585],[-75.184137,39.979159],[-75.184632,39.976934],[-75.18479,39.97613],[-75.184971,39.975383],[-75.185394,39.973417],[-75.186368,39.973537],[-75.187663,39.976128],[-75.187816,39.976363],[-75.188005,39.976584],[-75.188252,39.976764],[-75.188544,39.976905],[-75.188857,39.977008],[-75.189186,39.977087],[-75.189674,39.977173],[-75.189781,39.977432],[-75.189882,39.977933]]],"type":"Polygon"},"properties":{"2013_population_estimate":1753,"aland":"264473","awater":"0","geoid":"14000US42101013701","name":"Census Tract 137.01, Philadelphia, PA"},"type":"Feature"},{"geometry":{"coordinates":[[[-75.185306,39.973866],[-75.185191,39.974336],[-75.184971,39.975383],[-75.18479,39.97613],[-75.184632,39.976934],[-75.184137,39.979159],[-75.183838,39.980585],[-75.182805,39.980442],[-75.179172,39.979988],[-75.180128,39.975603],[-75.180197,39.975231],[-75.180729,39.972841],[-75.185394,39.973417],[-75.185306,39.973866]]],"type":"Polygon"},"properties":{"2013_population_estimate":4189,"aland":"325261","awater":"0","geoid":"14000US42101013702","name":"Census Tract 137.02, Philadelphia, PA"},"type":"Feature"},{"geometry":{"coordinates":[[[-75.18066,39.973161],[-75.180197,39.975231],[-75.180128,39.975603],[-75.179172,39.979988],[-75.17678,39.979668],[-75.174393,39.97938],[-75.174702,39.977937],[-75.173126,39.97775],[-75.173785,39.974677],[-75.177852,39.974247],[-75.177862,39.97248],[-75.180729,39.972841],[-75.18066,39.973161]]],"type":"Polygon"},"properties":{"2013_population_estimate":2077,"aland":"341257","awater":"0","geoid":"14000US42101013800","name":"Census Tract 138, Philadelphia, PA"},"type":"Feature"},{"geometry":{"coordinates":[[[-75.177863,39.973832],[-75.177852,39.974247],[-75.173785,39.974677],[-75.173126,39.97775],[-75.174702,39.977937],[-75.174393,39.97938],[-75.16616,39.978308],[-75.167703,39.971211],[-75.173341,39.971896],[-75.177862,39.97248],[-75.177863,39.973832]]],"type":"Polygon"},"properties":{"2013_population_estimate":2585,"aland":"562937","awater":"0","geoid":"14000US42101013900","name":"Census Tract 139, Philadelphia, PA"},"type":"Feature"},{"geometry":{"coordinates":[[[-75.167638,39.971526],[-75.166463,39.976877],[-75.158526,39.97585],[-75.158782,39.974482],[-75.159442,39.971467],[-75.159702,39.970202],[-75.161403,39.970428],[-75.167703,39.971211],[-75.167638,39.971526]]],"type":"Polygon"},"properties":{"2013_population_estimate":5753,"aland":"439804","awater":"0","geoid":"14000US42101014000","name":"Census Tract 140, Philadelphia, PA"},"type":"Feature"},{"geometry":{"coordinates":[[[-75.159442,39.971467],[-75.158782,39.974482],[-75.156616,39.974198],[-75.156893,39.972927],[-75.155341,39.972725],[-75.152188,39.972318],[-75.151915,39.973588],[-75.146082,39.972833],[-75.147146,39.967126],[-75.150515,39.967971],[-75.151999,39.968298],[-75.159702,39.970202],[-75.159442,39.971467]]],"type":"Polygon"},"properties":{"2013_population_estimate":2982,"aland":"562140","awater":"0","geoid":"14000US42101014100","name":"Census Tract 141, Philadelphia, PA"},"type":"Feature"},{"geometry":{"coordinates":[[[-75.146743,39.969292],[-75.146543,39.97038],[-75.139578,39.969515],[-75.139567,39.969391],[-75.140706,39.964138],[-75.146503,39.966841],[-75.147146,39.967126],[-75.146743,39.969292]]],"type":"Polygon"},"properties":{"2013_population_estimate":3295,"aland":"290725","awater":"0","geoid":"14000US42101014201","name":"Census Tract 142.01, Philadelphia, PA"},"type":"Feature"},{"geometry":{"coordinates":[[[-75.140481,39.965175],[-75.139567,39.969391],[-75.139578,39.969515],[-75.135143,39.968687],[-75.134428,39.968791],[-75.134414,39.964768],[-75.134361,39.964596],[-75.134223,39.964477],[-75.133638,39.964962],[-75.133136,39.965241],[-75.131205,39.965968],[-75.130417,39.966287],[-75.130154,39.966429],[-75.129515,39.966638],[-75.128697,39.966977],[-75.127539,39.965433],[-75.125777,39.962544],[-75.127775,39.961522],[-75.12983,39.960217],[-75.130495,39.959596],[-75.13088,39.959144],[-75.131742,39.959838],[-75.134386,39.959896],[-75.134329,39.959986],[-75.134348,39.960001],[-75.134774,39.960109],[-75.134702,39.960294],[-75.134765,39.960326],[-75.135395,39.960471],[-75.13534,39.960574],[-75.136638,39.960881],[-75.136562,39.96108],[-75.135151,39.960765],[-75.134701,39.960468],[-75.134545,39.960597],[-75.135223,39.961067],[-75.135586,39.961183],[-75.136065,39.961491],[-75.136226,39.961599],[-75.136171,39.961648],[-75.136516,39.961727],[-75.136242,39.962415],[-75.136755,39.962766],[-75.138081,39.962936],[-75.138434,39.963083],[-75.138827,39.963129],[-75.139336,39.9635],[-75.140706,39.964138],[-75.140481,39.965175]]],"type":"Polygon"},"properties":{"2013_population_estimate":2273,"aland":"514671","awater":"258066","geoid":"14000US42101014202","name":"Census Tract 142.02, Philadelphia, PA"},"type":"Feature"},{"geometry":{"coordinates":[[[-75.134428,39.968791],[-75.129432,39.970543],[-75.127716,39.971081],[-75.127102,39.97135],[-75.124818,39.972145],[-75.124248,39.9724],[-75.123489,39.972651],[-75.123503,39.972523],[-75.121045,39.973372],[-75.120682,39.973416],[-75.120405,39.973385],[-75.120106,39.973256],[-75.119617,39.97295],[-75.121772,39.971003],[-75.122121,39.970859],[-75.122097,39.970632],[-75.122211,39.970172],[-75.121476,39.969251],[-75.121241,39.968659],[-75.119154,39.965803],[-75.123367,39.963776],[-75.125777,39.962544],[-75.127539,39.965433],[-75.128697,39.966977],[-75.129515,39.966638],[-75.130154,39.966429],[-75.130417,39.966287],[-75.131205,39.965968],[-75.133136,39.965241],[-75.133638,39.964962],[-75.134223,39.964477],[-75.134361,39.964596],[-75.134414,39.964768],[-75.134428,39.968791]]],"type":"Polygon"},"properties":{"2013_population_estimate":1979,"aland":"570961","awater":"245926","geoid":"14000US42101014300","name":"Census Tract 143, Philadelphia, PA"},"type":"Feature"},{"geometry":{"coordinates":[[[-75.146452,39.97086],[-75.145559,39.975638],[-75.134631,39.974257],[-75.134038,39.974202],[-75.133428,39.974116],[-75.133374,39.97409],[-75.134401,39.972303],[-75.134436,39.970365],[-75.134428,39.968791],[-75.135143,39.968687],[-75.139578,39.969515],[-75.146543,39.97038],[-75.146452,39.97086]]],"type":"Polygon"},"properties":{"2013_population_estimate":5346,"aland":"609443","awater":"0","geoid":"14000US42101014400","name":"Census Tract 144, Philadelphia, PA"},"type":"Feature"},{"geometry":{"coordinates":[[[-75.151616,39.974959],[-75.150661,39.979325],[-75.14501,39.978597],[-75.146082,39.972833],[-75.151915,39.973588],[-75.151616,39.974959]]],"type":"Polygon"},"properties":{"2013_population_estimate":2218,"aland":"321465","awater":"0","geoid":"14000US42101014500","name":"Census Tract 145, Philadelphia, PA"},"type":"Feature"},{"geometry":{"coordinates":[[[-75.158782,39.974482],[-75.158526,39.97585],[-75.158226,39.977216],[-75.158239,39.97728],[-75.157581,39.980223],[-75.150661,39.979325],[-75.152188,39.972318],[-75.156893,39.972927],[-75.156616,39.974198],[-75.158782,39.974482]]],"type":"Polygon"},"properties":{"2013_population_estimate":4745,"aland":"445048","awater":"0","geoid":"14000US42101014600","name":"Census Tract 146, Philadelphia, PA"},"type":"Feature"},{"geometry":{"coordinates":[[[-75.16616,39.978308],[-75.165511,39.981244],[-75.157581,39.980223],[-75.158239,39.97728],[-75.158226,39.977216],[-75.158526,39.97585],[-75.160182,39.976075],[-75.16175,39.976262],[-75.162529,39.976374],[-75.164888,39.976668],[-75.165677,39.976786],[-75.166463,39.976877],[-75.16616,39.978308]]],"type":"Polygon"},"properties":{"2013_population_estimate":3311,"aland":"337677","awater":"0","geoid":"14000US42101014700","name":"Census Tract 147, Philadelphia, PA"},"type":"Feature"},{"geometry":{"coordinates":[[[-75.172711,39.979614],[-75.172623,39.98005],[-75.172161,39.9821],[-75.169745,39.981801],[-75.168961,39.981689],[-75.168494,39.981637],[-75.165511,39.981244],[-75.16616,39.978308],[-75.167727,39.978497],[-75.170287,39.978845],[-75.171213,39.978952],[-75.172799,39.97916],[-75.172711,39.979614]]],"type":"Polygon"},"properties":{"2013_population_estimate":898,"aland":"191125","awater":"0","geoid":"14000US42101014800","name":"Census Tract 148, Philadelphia, PA"},"type":"Feature"},{"geometry":{"coordinates":[[[-75.188571,39.981698],[-75.188033,39.984126],[-75.179464,39.983049],[-75.174991,39.98246],[-75.174332,39.982394],[-75.172161,39.9821],[-75.172623,39.98005],[-75.172799,39.97916],[-75.188661,39.981207],[-75.188571,39.981698]]],"type":"Polygon"},"properties":{"2013_population_estimate":4318,"aland":"453220","awater":"0","geoid":"14000US42101014900","name":"Census Tract 149, Philadelphia, PA"},"type":"Feature"},{"geometry":{"coordinates":[[[-75.18795,39.98453],[-75.187171,39.988075],[-75.187059,39.988665],[-75.186713,39.990215],[-75.185664,39.990077],[-75.184405,39.989929],[-75.183459,39.9898],[-75.184794,39.983706],[-75.186375,39.983903],[-75.188033,39.984126],[-75.18795,39.98453]]],"type":"Polygon"},"properties":{"2013_population_estimate":2161,"aland":"193072","awater":"0","geoid":"14000US42101015101","name":"Census Tract 151.01, Philadelphia, PA"},"type":"Feature"},{"geometry":{"coordinates":[[[-75.184709,39.984111],[-75.183459,39.9898],[-75.175803,39.988812],[-75.174665,39.988427],[-75.174044,39.988507],[-75.175047,39.983956],[-75.175344,39.982517],[-75.180962,39.983238],[-75.184794,39.983706],[-75.184709,39.984111]]],"type":"Polygon"},"properties":{"2013_population_estimate":4930,"aland":"556564","awater":"0","geoid":"14000US42101015102","name":"Census Tract 151.02, Philadelphia, PA"},"type":"Feature"},{"geometry":{"coordinates":[[[-75.175585,39.988918],[-75.173764,39.989818],[-75.173682,39.990167],[-75.168894,39.98955],[-75.169234,39.987959],[-75.164184,39.987311],[-75.165511,39.981244],[-75.175344,39.982517],[-75.174044,39.988507],[-75.174665,39.988427],[-75.175803,39.988812],[-75.175585,39.988918]]],"type":"Polygon"},"properties":{"2013_population_estimate":5975,"aland":"669100","awater":"0","geoid":"14000US42101015200","name":"Census Tract 152, Philadelphia, PA"},"type":"Feature"},{"geometry":{"coordinates":[[[-75.165424,39.981641],[-75.164184,39.987311],[-75.156275,39.986283],[-75.156915,39.983219],[-75.157581,39.980223],[-75.165511,39.981244],[-75.165424,39.981641]]],"type":"Polygon"},"properties":{"2013_population_estimate":5051,"aland":"469148","awater":"0","geoid":"14000US42101015300","name":"Census Tract 153, Philadelphia, PA"},"type":"Feature"},{"geometry":{"coordinates":[[[-75.145447,39.976228],[-75.144169,39.983092],[-75.138137,39.982312],[-75.139715,39.974897],[-75.145559,39.975638],[-75.145447,39.976228]]],"type":"Polygon"},"properties":{"2013_population_estimate":1664,"aland":"429566","awater":"0","geoid":"14000US42101015600","name":"Census Tract 156, Philadelphia, PA"},"type":"Feature"},{"geometry":{"coordinates":[[[-75.13941,39.976333],[-75.138137,39.982312],[-75.132881,39.981631],[-75.13319,39.980134],[-75.133029,39.980092],[-75.130448,39.978589],[-75.131238,39.977786],[-75.133374,39.97409],[-75.133428,39.974116],[-75.134038,39.974202],[-75.134475,39.974255],[-75.134631,39.974257],[-75.139715,39.974897],[-75.13941,39.976333]]],"type":"Polygon"},"properties":{"2013_population_estimate":2493,"aland":"485072","awater":"0","geoid":"14000US42101015700","name":"Census Tract 157, Philadelphia, PA"},"type":"Feature"},{"geometry":{"coordinates":[[[-75.134436,39.970365],[-75.134401,39.972303],[-75.131356,39.9776],[-75.131167,39.97787],[-75.130448,39.978589],[-75.127568,39.976918],[-75.127401,39.976845],[-75.127068,39.976622],[-75.125298,39.975591],[-75.125201,39.975558],[-75.122592,39.97388],[-75.12318,39.973249],[-75.123377,39.972925],[-75.123489,39.972651],[-75.124248,39.9724],[-75.124818,39.972145],[-75.127102,39.97135],[-75.127716,39.971081],[-75.129432,39.970543],[-75.133699,39.969063],[-75.134428,39.968791],[-75.134436,39.970365]]],"type":"Polygon"},"properties":{"2013_population_estimate":6849,"aland":"580215","awater":"0","geoid":"14000US42101015800","name":"Census Tract 158, Philadelphia, PA"},"type":"Feature"},{"geometry":{"coordinates":[[[-75.125631,39.976317],[-75.123334,39.977514],[-75.124193,39.9785],[-75.122449,39.979411],[-75.123266,39.980344],[-75.118522,39.982825],[-75.117355,39.981481],[-75.117697,39.980904],[-75.119959,39.975915],[-75.120431,39.975697],[-75.120601,39.975654],[-75.120992,39.97547],[-75.12119,39.97533],[-75.122592,39.97388],[-75.125201,39.975558],[-75.125298,39.975591],[-75.126136,39.976082],[-75.125631,39.976317]]],"type":"Polygon"},"properties":{"2013_population_estimate":2585,"aland":"330018","awater":"0","geoid":"14000US42101016001","name":"Census Tract 160.01, Philadelphia, PA"},"type":"Feature"},{"geometry":{"coordinates":[[[-75.130448,39.978589],[-75.127623,39.98143],[-75.127385,39.981422],[-75.125701,39.982101],[-75.124393,39.982674],[-75.123253,39.983204],[-75.121866,39.983891],[-75.120252,39.984755],[-75.119134,39.983485],[-75.118522,39.982825],[-75.123266,39.980344],[-75.122449,39.979411],[-75.124193,39.9785],[-75.123334,39.977514],[-75.125631,39.976317],[-75.126136,39.976082],[-75.127068,39.976622],[-75.127401,39.976845],[-75.127568,39.976918],[-75.130448,39.978589]]],"type":"Polygon"},"properties":{"2013_population_estimate":4404,"aland":"391013","awater":"0","geoid":"14000US42101016002","name":"Census Tract 160.02, Philadelphia, PA"},"type":"Feature"},{"geometry":{"coordinates":[[[-75.13319,39.980134],[-75.131907,39.986141],[-75.131907,39.986306],[-75.125491,39.989836],[-75.122914,39.987462],[-75.122306,39.987027],[-75.121992,39.986742],[-75.121212,39.98582],[-75.120252,39.984755],[-75.121866,39.983891],[-75.123253,39.983204],[-75.124393,39.982674],[-75.125701,39.982101],[-75.127385,39.981422],[-75.127623,39.98143],[-75.130448,39.978589],[-75.133029,39.980092],[-75.13319,39.980134]]],"type":"Polygon"},"properties":{"2013_population_estimate":6125,"aland":"707749","awater":"0","geoid":"14000US42101016100","name":"Census Tract 161, Philadelphia, PA"},"type":"Feature"},{"geometry":{"coordinates":[[[-75.145126,39.986485],[-75.140588,39.985895],[-75.139669,39.985802],[-75.139167,39.985716],[-75.132265,39.984812],[-75.132208,39.984741],[-75.132881,39.981631],[-75.144169,39.983092],[-75.14405,39.983721],[-75.144196,39.985231],[-75.145015,39.986373],[-75.145126,39.986485]]],"type":"Polygon"},"properties":{"2013_population_estimate":2324,"aland":"364983","awater":"0","geoid":"14000US42101016200","name":"Census Tract 162, Philadelphia, PA"},"type":"Feature"},{"geometry":{"coordinates":[[[-75.139571,39.986254],[-75.138352,39.991851],[-75.125947,39.99023],[-75.125491,39.989836],[-75.131907,39.986306],[-75.131907,39.986141],[-75.132208,39.984741],[-75.132265,39.984812],[-75.139167,39.985716],[-75.139669,39.985802],[-75.139571,39.986254]]],"type":"Polygon"},"properties":{"2013_population_estimate":2615,"aland":"572226","awater":"0","geoid":"14000US42101016300","name":"Census Tract 163, Philadelphia, PA"},"type":"Feature"},{"geometry":{"coordinates":[[[-75.148378,39.991216],[-75.147887,39.993078],[-75.138352,39.991851],[-75.139669,39.985802],[-75.140588,39.985895],[-75.145126,39.986485],[-75.145255,39.986708],[-75.146152,39.98797],[-75.147542,39.989863],[-75.148152,39.990724],[-75.148305,39.990968],[-75.148378,39.991216]]],"type":"Polygon"},"properties":{"2013_population_estimate":4019,"aland":"485081","awater":"0","geoid":"14000US42101016400","name":"Census Tract 164, Philadelphia, PA"},"type":"Feature"},{"geometry":{"coordinates":[[[-75.153073,39.990634],[-75.15273,39.992072],[-75.152389,39.993659],[-75.147887,39.993078],[-75.148378,39.991216],[-75.148305,39.990968],[-75.148152,39.990724],[-75.147542,39.989863],[-75.146152,39.98797],[-75.145255,39.986708],[-75.145126,39.986485],[-75.145015,39.986373],[-75.144196,39.985231],[-75.144154,39.984724],[-75.150197,39.985504],[-75.150682,39.986657],[-75.150764,39.986799],[-75.151199,39.987798],[-75.152123,39.989396],[-75.152871,39.990551],[-75.15307,39.990577],[-75.153073,39.990634]]],"type":"Polygon"},"properties":{"2013_population_estimate":2850,"aland":"394661","awater":"0","geoid":"14000US42101016500","name":"Census Tract 165, Philadelphia, PA"},"type":"Feature"},{"geometry":{"coordinates":[[[-75.156275,39.986283],[-75.15495,39.992353],[-75.154588,39.993938],[-75.152389,39.993659],[-75.15273,39.992072],[-75.153073,39.990634],[-75.15307,39.990577],[-75.152871,39.990551],[-75.152272,39.989633],[-75.151815,39.988886],[-75.151199,39.987798],[-75.150764,39.986799],[-75.150682,39.986657],[-75.150544,39.9863],[-75.150197,39.985504],[-75.156275,39.986283]]],"type":"Polygon"},"properties":{"2013_population_estimate":2244,"aland":"261132","awater":"0","geoid":"14000US42101016600","name":"Census Tract 166, Philadelphia, PA"},"type":"Feature"},{"geometry":{"coordinates":[[[-75.164094,39.995169],[-75.163539,39.995113],[-75.161349,39.994812],[-75.160946,39.994737],[-75.159918,39.994591],[-75.159366,39.994525],[-75.159721,39.992971],[-75.161032,39.986907],[-75.164184,39.987311],[-75.163842,39.988906],[-75.1635,39.990401],[-75.16294,39.993043],[-75.163208,39.993323],[-75.164282,39.994607],[-75.164094,39.995169]]],"type":"Polygon"},"properties":{"2013_population_estimate":3501,"aland":"254216","awater":"0","geoid":"14000US42101016701","name":"Census Tract 167.01, Philadelphia, PA"},"type":"Feature"},{"geometry":{"coordinates":[[[-75.160695,39.988495],[-75.159721,39.992971],[-75.159366,39.994525],[-75.158807,39.994431],[-75.157791,39.994342],[-75.156786,39.994225],[-75.154588,39.993938],[-75.15495,39.992353],[-75.156275,39.986283],[-75.161032,39.986907],[-75.160695,39.988495]]],"type":"Polygon"},"properties":{"2013_population_estimate":2575,"aland":"355103","awater":"0","geoid":"14000US42101016702","name":"Census Tract 167.02, Philadelphia, PA"},"type":"Feature"},{"geometry":{"coordinates":[[[-75.173604,39.990529],[-75.173182,39.992412],[-75.171594,39.9922],[-75.170767,39.996036],[-75.164094,39.995169],[-75.164282,39.994607],[-75.163208,39.993323],[-75.16294,39.993043],[-75.164184,39.987311],[-75.169234,39.987959],[-75.168894,39.98955],[-75.173682,39.990167],[-75.173604,39.990529]]],"type":"Polygon"},"properties":{"2013_population_estimate":3963,"aland":"581132","awater":"0","geoid":"14000US42101016800","name":"Census Tract 168, Philadelphia, PA"},"type":"Feature"},{"geometry":{"coordinates":[[[-75.180073,39.990189],[-75.178576,39.99704],[-75.173948,39.996432],[-75.170767,39.996036],[-75.171594,39.9922],[-75.173182,39.992412],[-75.173764,39.989818],[-75.175803,39.988812],[-75.180257,39.989388],[-75.180073,39.990189]]],"type":"Polygon"},"properties":{"2013_population_estimate":3356,"aland":"512906","awater":"0","geoid":"14000US42101016901","name":"Census Tract 169.01, Philadelphia, PA"},"type":"Feature"},{"geometry":{"coordinates":[[[-75.187608,39.996575],[-75.187604,39.998195],[-75.178576,39.99704],[-75.179748,39.991715],[-75.180008,39.990452],[-75.180257,39.989388],[-75.186713,39.990215],[-75.186372,39.991777],[-75.186148,39.992662],[-75.18726,39.994947],[-75.187555,39.995829],[-75.187608,39.996575]]],"type":"Polygon"},"properties":{"2013_population_estimate":3925,"aland":"563694","awater":"0","geoid":"14000US42101016902","name":"Census Tract 169.02, Philadelphia, PA"},"type":"Feature"},{"geometry":{"coordinates":[[[-75.19281,40.006733],[-75.191539,40.007767],[-75.190514,40.008407],[-75.189604,40.008816],[-75.184956,40.010352],[-75.183611,40.010905],[-75.182979,40.011223],[-75.182331,40.011611],[-75.177316,40.015073],[-75.175669,40.016051],[-75.16914,40.008832],[-75.169741,40.008585],[-75.174014,40.007408],[-75.17809,40.005344],[-75.181141,40.003697],[-75.184126,40.002771],[-75.184617,40.002447],[-75.185911,40.001131],[-75.186584,40.000594],[-75.186949,40.000364],[-75.18734,40.00026],[-75.188447,40.000272],[-75.188815,40.000204],[-75.189577,39.999895],[-75.190518,39.999641],[-75.19081,39.999899],[-75.191754,39.999748],[-75.19132,40.003715],[-75.192101,40.005995],[-75.192467,40.006482],[-75.19281,40.006733]]],"type":"Polygon"},"properties":{"2013_population_estimate":3008,"aland":"1571911","awater":"53598","geoid":"14000US42101017000","name":"Census Tract 170, Philadelphia, PA"},"type":"Feature"},{"geometry":{"coordinates":[[[-75.187589,39.99856],[-75.186861,40.000409],[-75.185911,40.001131],[-75.184617,40.002447],[-75.18431,40.002675],[-75.183953,40.002838],[-75.181141,40.003697],[-75.17809,40.005344],[-75.174014,40.007408],[-75.169741,40.008585],[-75.16914,40.008832],[-75.165554,40.004859],[-75.165896,40.003269],[-75.169093,40.003671],[-75.169754,40.000622],[-75.17452,40.001218],[-75.174663,40.001009],[-75.178985,39.998104],[-75.179319,39.997915],[-75.180106,39.997367],[-75.180188,39.997253],[-75.187604,39.998195],[-75.187589,39.99856]]],"type":"Polygon"},"properties":{"2013_population_estimate":3234,"aland":"1140891","awater":"0","geoid":"14000US42101017100","name":"Census Tract 171, Philadelphia, PA"},"type":"Feature"},{"geometry":{"coordinates":[[[-75.172257,39.99671],[-75.171997,39.997826],[-75.17042,39.997618],[-75.169093,40.003671],[-75.167511,40.003487],[-75.166953,40.003401],[-75.165896,40.003269],[-75.166089,40.002435],[-75.166236,40.001684],[-75.167568,39.995621],[-75.172355,39.99624],[-75.172257,39.99671]]],"type":"Polygon"},"properties":{"2013_population_estimate":2863,"aland":"262958","awater":"0","geoid":"14000US42101017201","name":"Census Tract 172.01, Philadelphia, PA"},"type":"Feature"},{"geometry":{"coordinates":[[[-75.180106,39.997367],[-75.179319,39.997915],[-75.178985,39.998104],[-75.177045,39.999394],[-75.176301,39.999921],[-75.175329,40.000547],[-75.175247,40.000621],[-75.174663,40.001009],[-75.17452,40.001218],[-75.169754,40.000622],[-75.17042,39.997618],[-75.171997,39.997826],[-75.172105,39.997407],[-75.172355,39.99624],[-75.173948,39.996432],[-75.177502,39.996911],[-75.180188,39.997253],[-75.180106,39.997367]]],"type":"Polygon"},"properties":{"2013_population_estimate":4415,"aland":"290610","awater":"0","geoid":"14000US42101017202","name":"Census Tract 172.02, Philadelphia, PA"},"type":"Feature"},{"geometry":{"coordinates":[[[-75.167215,39.997197],[-75.165896,40.003269],[-75.160843,40.002634],[-75.160495,40.004215],[-75.157365,40.003799],[-75.158333,39.999282],[-75.158314,39.99918],[-75.158222,39.999121],[-75.153609,39.998515],[-75.154588,39.993938],[-75.156786,39.994225],[-75.158807,39.994431],[-75.163539,39.995113],[-75.167568,39.995621],[-75.167215,39.997197]]],"type":"Polygon"},"properties":{"2013_population_estimate":2070,"aland":"874587","awater":"0","geoid":"14000US42101017300","name":"Census Tract 173, Philadelphia, PA"},"type":"Feature"},{"geometry":{"coordinates":[[[-75.154588,39.993938],[-75.153782,39.997718],[-75.15002,39.999096],[-75.147717,39.999974],[-75.146898,39.99808],[-75.146822,39.997703],[-75.146731,39.997627],[-75.146816,39.997219],[-75.14708,39.996143],[-75.147461,39.994656],[-75.147887,39.993078],[-75.154588,39.993938]]],"type":"Polygon"},"properties":{"2013_population_estimate":2456,"aland":"353985","awater":"0","geoid":"14000US42101017400","name":"Census Tract 174, Philadelphia, PA"},"type":"Feature"},{"geometry":{"coordinates":[[[-75.147699,39.993782],[-75.14708,39.996143],[-75.146731,39.997627],[-75.146822,39.997703],[-75.146898,39.99808],[-75.147717,39.999974],[-75.143958,40.001398],[-75.137669,40.003645],[-75.140198,39.992086],[-75.147887,39.993078],[-75.147699,39.993782]]],"type":"Polygon"},"properties":{"2013_population_estimate":6716,"aland":"719916","awater":"6252","geoid":"14000US42101017500","name":"Census Tract 175, Philadelphia, PA"},"type":"Feature"},{"geometry":{"coordinates":[[[-75.139851,39.993672],[-75.138713,39.998891],[-75.138338,39.998734],[-75.135451,39.997352],[-75.13191,39.995754],[-75.131338,39.995385],[-75.130985,39.995194],[-75.130571,39.994862],[-75.130122,39.994573],[-75.129719,39.994264],[-75.1284,39.993162],[-75.127075,39.991946],[-75.126915,39.991834],[-75.127111,39.991716],[-75.126829,39.991403],[-75.127031,39.990386],[-75.140198,39.992086],[-75.139851,39.993672]]],"type":"Polygon"},"properties":{"2013_population_estimate":5031,"aland":"579128","awater":"0","geoid":"14000US42101017601","name":"Census Tract 176.01, Philadelphia, PA"},"type":"Feature"},{"geometry":{"coordinates":[[[-75.13868,39.999041],[-75.138524,39.999743],[-75.12538,39.998043],[-75.125504,39.99756],[-75.126637,39.992278],[-75.126629,39.992007],[-75.126915,39.991834],[-75.127075,39.991946],[-75.1284,39.993162],[-75.129719,39.994264],[-75.130122,39.994573],[-75.130571,39.994862],[-75.130985,39.995194],[-75.131338,39.995385],[-75.13191,39.995754],[-75.135451,39.997352],[-75.138338,39.998734],[-75.138713,39.998891],[-75.13868,39.999041]]],"type":"Polygon"},"properties":{"2013_population_estimate":4074,"aland":"400461","awater":"0","geoid":"14000US42101017602","name":"Census Tract 176.02, Philadelphia, PA"},"type":"Feature"},{"geometry":{"coordinates":[[[-75.119989,39.994168],[-75.118994,39.998852],[-75.11346,39.998125],[-75.112418,39.998007],[-75.111846,39.997919],[-75.111531,39.99789],[-75.110983,39.997801],[-75.112132,39.997158],[-75.113387,39.996493],[-75.114888,39.99565],[-75.118272,39.993803],[-75.12031,39.992672],[-75.119989,39.994168]]],"type":"Polygon"},"properties":{"2013_population_estimate":3175,"aland":"241053","awater":"0","geoid":"14000US42101017701","name":"Census Tract 177.01, Philadelphia, PA"},"type":"Feature"},{"geometry":{"coordinates":[[[-75.126915,39.991834],[-75.126629,39.992007],[-75.126637,39.992278],[-75.125504,39.99756],[-75.12538,39.998043],[-75.125058,39.999628],[-75.118994,39.998852],[-75.12031,39.992672],[-75.125491,39.989836],[-75.125832,39.990149],[-75.125947,39.99023],[-75.127031,39.990386],[-75.126829,39.991403],[-75.127111,39.991716],[-75.126915,39.991834]]],"type":"Polygon"},"properties":{"2013_population_estimate":4726,"aland":"489257","awater":"0","geoid":"14000US42101017702","name":"Census Tract 177.02, Philadelphia, PA"},"type":"Feature"},{"geometry":{"coordinates":[[[-75.1249,39.990159],[-75.123686,39.990836],[-75.122559,39.991428],[-75.113387,39.996493],[-75.109528,39.992123],[-75.110977,39.991423],[-75.114293,39.990014],[-75.114257,39.989952],[-75.120138,39.986877],[-75.120842,39.987678],[-75.121043,39.987567],[-75.121438,39.987859],[-75.121703,39.987571],[-75.122194,39.987135],[-75.122342,39.987046],[-75.122914,39.987462],[-75.125491,39.989836],[-75.1249,39.990159]]],"type":"Polygon"},"properties":{"2013_population_estimate":6592,"aland":"662615","awater":"0","geoid":"14000US42101017800","name":"Census Tract 178, Philadelphia, PA"},"type":"Feature"},{"geometry":{"coordinates":[[[-75.122342,39.987046],[-75.122194,39.987135],[-75.121703,39.987571],[-75.121438,39.987859],[-75.121043,39.987567],[-75.120842,39.987678],[-75.120138,39.986877],[-75.114257,39.989952],[-75.114293,39.990014],[-75.110977,39.991423],[-75.109528,39.992123],[-75.105915,39.988037],[-75.115251,39.983157],[-75.115605,39.983551],[-75.116037,39.982981],[-75.117355,39.981481],[-75.118522,39.982825],[-75.121212,39.98582],[-75.121992,39.986742],[-75.122342,39.987046]]],"type":"Polygon"},"properties":{"2013_population_estimate":6675,"aland":"714138","awater":"0","geoid":"14000US42101017900","name":"Census Tract 179, Philadelphia, PA"},"type":"Feature"},{"geometry":{"coordinates":[[[-75.117109,39.98176],[-75.116037,39.982981],[-75.115605,39.983551],[-75.115251,39.983157],[-75.111221,39.985268],[-75.109463,39.98254],[-75.109158,39.982105],[-75.108828,39.981673],[-75.110525,39.980787],[-75.108971,39.979021],[-75.109348,39.978844],[-75.110766,39.978085],[-75.113227,39.976803],[-75.114526,39.978303],[-75.117355,39.981481],[-75.117109,39.98176]]],"type":"Polygon"},"properties":{"2013_population_estimate":2251,"aland":"387384","awater":"0","geoid":"14000US42101018001","name":"Census Tract 180.01, Philadelphia, PA"},"type":"Feature"},{"geometry":{"coordinates":[[[-75.111221,39.985268],[-75.105915,39.988037],[-75.103366,39.985129],[-75.102497,39.984178],[-75.101439,39.982974],[-75.108194,39.979448],[-75.108971,39.979021],[-75.110525,39.980787],[-75.108828,39.981673],[-75.109463,39.98254],[-75.111221,39.985268]]],"type":"Polygon"},"properties":{"2013_population_estimate":5381,"aland":"439791","awater":"0","geoid":"14000US42101018002","name":"Census Tract 180.02, Philadelphia, PA"},"type":"Feature"},{"geometry":{"coordinates":[[[-75.086234,39.998967],[-75.079781,40.002337],[-75.075687,40.005553],[-75.075572,40.004946],[-75.075414,40.004559],[-75.073149,40.001517],[-75.071231,40.002512],[-75.066047,39.995518],[-75.065458,39.99498],[-75.066162,39.993819],[-75.066553,39.993388],[-75.067003,39.992992],[-75.067864,39.992483],[-75.072258,39.990202],[-75.069431,39.986496],[-75.065512,39.985074],[-75.065877,39.984698],[-75.067816,39.983281],[-75.070716,39.985097],[-75.073796,39.987417],[-75.078288,39.990945],[-75.079327,39.991933],[-75.083346,39.99641],[-75.084142,39.997118],[-75.085267,39.997911],[-75.085903,39.998444],[-75.08637,39.998895],[-75.086234,39.998967]]],"type":"Polygon"},"properties":{"2013_population_estimate":3998,"aland":"1799301","awater":"118709","geoid":"14000US42101018300","name":"Census Tract 183, Philadelphia, PA"},"type":"Feature"},{"geometry":{"coordinates":[[[-75.075687,40.005553],[-75.073401,40.007338],[-75.072487,40.008123],[-75.069964,40.008472],[-75.068938,40.008779],[-75.068625,40.007644],[-75.067696,40.005333],[-75.066717,40.005768],[-75.065901,40.006038],[-75.064579,40.006194],[-75.063536,40.006092],[-75.063488,40.006127],[-75.062915,40.006105],[-75.062543,40.006224],[-75.062284,40.00655],[-75.062088,40.006672],[-75.06169,40.006786],[-75.061486,40.00677],[-75.058662,40.005462],[-75.058472,40.005406],[-75.058226,40.005412],[-75.058457,40.004988],[-75.053945,40.004123],[-75.055162,40.002395],[-75.058089,39.997404],[-75.05843,39.996665],[-75.060082,39.992567],[-75.061113,39.990555],[-75.062614,39.988156],[-75.065512,39.985074],[-75.069431,39.986496],[-75.072258,39.990202],[-75.067864,39.992483],[-75.067003,39.992992],[-75.066162,39.993819],[-75.065458,39.99498],[-75.066047,39.995518],[-75.071231,40.002512],[-75.073149,40.001517],[-75.075414,40.004559],[-75.075572,40.004946],[-75.075687,40.005553]]],"type":"Polygon"},"properties":{"2013_population_estimate":2202,"aland":"1320301","awater":"930651","geoid":"14000US42101018400","name":"Census Tract 184, Philadelphia, PA"},"type":"Feature"},{"geometry":{"coordinates":[[[-75.113229,39.996579],[-75.112132,39.997158],[-75.109294,39.998745],[-75.108724,39.999032],[-75.106442,40.000322],[-75.106393,40.000234],[-75.10517,39.998854],[-75.10477,39.998364],[-75.102674,39.996008],[-75.109709,39.992334],[-75.113387,39.996493],[-75.113229,39.996579]]],"type":"Polygon"},"properties":{"2013_population_estimate":3794,"aland":"411225","awater":"0","geoid":"14000US42101018801","name":"Census Tract 188.01, Philadelphia, PA"},"type":"Feature"},{"geometry":{"coordinates":[[[-75.106442,40.000322],[-75.104197,40.001525],[-75.100973,40.001086],[-75.100085,40.000977],[-75.099998,40.000816],[-75.099609,40.000365],[-75.098423,39.999068],[-75.097949,39.998496],[-75.100367,39.997206],[-75.101002,39.996899],[-75.102148,39.996302],[-75.102674,39.996008],[-75.103071,39.996441],[-75.103369,39.996794],[-75.10477,39.998364],[-75.10517,39.998854],[-75.106393,40.000234],[-75.106442,40.000322]]],"type":"Polygon"},"properties":{"2013_population_estimate":4262,"aland":"252066","awater":"0","geoid":"14000US42101018802","name":"Census Tract 188.02, Philadelphia, PA"},"type":"Feature"},{"geometry":{"coordinates":[[[-75.103721,40.00348],[-75.102835,40.00772],[-75.102552,40.009202],[-75.101557,40.013878],[-75.098339,40.013466],[-75.097431,40.013325],[-75.097055,40.015202],[-75.097041,40.01595],[-75.096731,40.015977],[-75.096546,40.015966],[-75.096102,40.015878],[-75.095823,40.01575],[-75.094703,40.015052],[-75.0944,40.014785],[-75.094177,40.01449],[-75.093597,40.013531],[-75.093491,40.013267],[-75.093458,40.013039],[-75.093509,40.012767],[-75.093682,40.012404],[-75.095083,40.010308],[-75.095111,40.010162],[-75.095027,40.009773],[-75.094819,40.009406],[-75.094687,40.009267],[-75.094014,40.008899],[-75.092779,40.008149],[-75.092574,40.007932],[-75.101811,40.002863],[-75.103797,40.003134],[-75.103721,40.00348]]],"type":"Polygon"},"properties":{"2013_population_estimate":7729,"aland":"778606","awater":"6099","geoid":"14000US42101019000","name":"Census Tract 190, Philadelphia, PA"},"type":"Feature"},{"geometry":{"coordinates":[[[-75.113724,40.004795],[-75.11136,40.015867],[-75.107784,40.016526],[-75.107599,40.016489],[-75.107152,40.016728],[-75.106916,40.016504],[-75.106619,40.01642],[-75.106097,40.016312],[-75.105324,40.016269],[-75.105029,40.016141],[-75.103767,40.016121],[-75.10257,40.015964],[-75.101992,40.016028],[-75.100932,40.016012],[-75.100421,40.01607],[-75.099532,40.016287],[-75.098803,40.016345],[-75.098486,40.016299],[-75.097781,40.016045],[-75.097041,40.01595],[-75.097055,40.015202],[-75.097431,40.013325],[-75.101557,40.013878],[-75.103797,40.003134],[-75.101811,40.002863],[-75.104197,40.001525],[-75.110017,40.002282],[-75.109864,40.003027],[-75.113986,40.00356],[-75.113724,40.004795]]],"type":"Polygon"},"properties":{"2013_population_estimate":8628,"aland":"1439046","awater":"10674","geoid":"14000US42101019100","name":"Census Tract 191, Philadelphia, PA"},"type":"Feature"},{"geometry":{"coordinates":[[[-75.124953,40.000117],[-75.12441,40.002634],[-75.124298,40.002651],[-75.11902,40.001961],[-75.118103,40.002393],[-75.11629,40.002141],[-75.11609,40.003067],[-75.114161,40.002811],[-75.113986,40.00356],[-75.109864,40.003027],[-75.110017,40.002282],[-75.104197,40.001525],[-75.106442,40.000322],[-75.108724,39.999032],[-75.109294,39.998745],[-75.110983,39.997801],[-75.112418,39.998007],[-75.125058,39.999628],[-75.124953,40.000117]]],"type":"Polygon"},"properties":{"2013_population_estimate":8914,"aland":"668236","awater":"0","geoid":"14000US42101019200","name":"Census Tract 192, Philadelphia, PA"},"type":"Feature"},{"geometry":{"coordinates":[[[-75.138249,40.000993],[-75.137847,40.002799],[-75.137596,40.002791],[-75.124732,40.001124],[-75.12538,39.998043],[-75.138524,39.999743],[-75.138249,40.000993]]],"type":"Polygon"},"properties":{"2013_population_estimate":4615,"aland":"393883","awater":"0","geoid":"14000US42101019501","name":"Census Tract 195.01, Philadelphia, PA"},"type":"Feature"},{"geometry":{"coordinates":[[[-75.137669,40.003645],[-75.135543,40.004468],[-75.134672,40.00477],[-75.133981,40.004946],[-75.133021,40.005104],[-75.132339,40.005146],[-75.131654,40.005161],[-75.129943,40.00514],[-75.12755,40.005041],[-75.123949,40.004814],[-75.124732,40.001124],[-75.137596,40.002791],[-75.137847,40.002799],[-75.137669,40.003645]]],"type":"Polygon"},"properties":{"2013_population_estimate":3901,"aland":"370299","awater":"0","geoid":"14000US42101019502","name":"Census Tract 195.02, Philadelphia, PA"},"type":"Feature"},{"geometry":{"coordinates":[[[-75.141446,40.014227],[-75.141126,40.015818],[-75.140105,40.02039],[-75.13674,40.019958],[-75.136561,40.020727],[-75.13596,40.020673],[-75.135267,40.020537],[-75.135434,40.019782],[-75.134194,40.019619],[-75.135858,40.011982],[-75.141252,40.012685],[-75.141349,40.012777],[-75.141745,40.012939],[-75.141446,40.014227]]],"type":"Polygon"},"properties":{"2013_population_estimate":6746,"aland":"450587","awater":"0","geoid":"14000US42101019700","name":"Census Tract 197, Philadelphia, PA"},"type":"Feature"},{"geometry":{"coordinates":[[[-75.147517,40.009294],[-75.147325,40.010382],[-75.147247,40.011906],[-75.147212,40.014965],[-75.146709,40.014919],[-75.146473,40.014862],[-75.143198,40.01351],[-75.141349,40.012777],[-75.141252,40.012685],[-75.135858,40.011982],[-75.136858,40.007394],[-75.140312,40.00783],[-75.140472,40.007878],[-75.141128,40.007938],[-75.147603,40.008779],[-75.147517,40.009294]]],"type":"Polygon"},"properties":{"2013_population_estimate":6456,"aland":"540315","awater":"0","geoid":"14000US42101019800","name":"Census Tract 198, Philadelphia, PA"},"type":"Feature"},{"geometry":{"coordinates":[[[-75.148842,40.002955],[-75.148803,40.003306],[-75.148644,40.004202],[-75.148568,40.004416],[-75.147916,40.007185],[-75.147603,40.008779],[-75.141128,40.007938],[-75.140472,40.007878],[-75.140312,40.00783],[-75.136858,40.007394],[-75.137669,40.003645],[-75.138055,40.003499],[-75.143958,40.001398],[-75.147717,39.999974],[-75.148525,40.001915],[-75.148817,40.002698],[-75.148842,40.002955]]],"type":"Polygon"},"properties":{"2013_population_estimate":5166,"aland":"661885","awater":"0","geoid":"14000US42101019900","name":"Census Tract 199, Philadelphia, PA"},"type":"Feature"},{"geometry":{"coordinates":[[[-75.153722,39.997987],[-75.152926,40.001592],[-75.152549,40.003181],[-75.151603,40.007665],[-75.151067,40.010036],[-75.150287,40.0075],[-75.149762,40.005891],[-75.149326,40.00441],[-75.149157,40.003923],[-75.148817,40.002698],[-75.148469,40.001768],[-75.147717,39.999974],[-75.15002,39.999096],[-75.153782,39.997718],[-75.153722,39.997987]]],"type":"Polygon"},"properties":{"2013_population_estimate":1146,"aland":"316769","awater":"0","geoid":"14000US42101020000","name":"Census Tract 200, Philadelphia, PA"},"type":"Feature"},{"geometry":{"coordinates":[[[-75.158601,40.005498],[-75.158106,40.007736],[-75.156538,40.007527],[-75.156376,40.008284],[-75.151603,40.007665],[-75.152549,40.003181],[-75.152926,40.001592],[-75.153609,39.998515],[-75.158222,39.999121],[-75.158314,39.99918],[-75.158333,39.999282],[-75.157365,40.003799],[-75.158926,40.004009],[-75.158601,40.005498]]],"type":"Polygon"},"properties":{"2013_population_estimate":3196,"aland":"483579","awater":"0","geoid":"14000US42101020101","name":"Census Tract 201.01, Philadelphia, PA"},"type":"Feature"},{"geometry":{"coordinates":[[[-75.157945,40.008486],[-75.157591,40.010084],[-75.157266,40.011661],[-75.15671,40.014116],[-75.156653,40.014419],[-75.156652,40.014618],[-75.153849,40.015891],[-75.152384,40.013113],[-75.152163,40.01254],[-75.151887,40.011988],[-75.151067,40.010036],[-75.151603,40.007665],[-75.156376,40.008284],[-75.156538,40.007527],[-75.158106,40.007736],[-75.157945,40.008486]]],"type":"Polygon"},"properties":{"2013_population_estimate":3543,"aland":"373023","awater":"0","geoid":"14000US42101020102","name":"Census Tract 201.02, Philadelphia, PA"},"type":"Feature"},{"geometry":{"coordinates":[[[-75.16902,40.008901],[-75.167945,40.009378],[-75.166871,40.009901],[-75.165991,40.010288],[-75.163053,40.011665],[-75.161886,40.012186],[-75.160943,40.012647],[-75.156652,40.014618],[-75.156653,40.014419],[-75.15671,40.014116],[-75.157266,40.011661],[-75.157775,40.009231],[-75.158926,40.004009],[-75.160495,40.004215],[-75.160843,40.002634],[-75.165896,40.003269],[-75.165554,40.004859],[-75.16914,40.008832],[-75.16902,40.008901]]],"type":"Polygon"},"properties":{"2013_population_estimate":4252,"aland":"756812","awater":"0","geoid":"14000US42101020200","name":"Census Tract 202, Philadelphia, PA"},"type":"Feature"},{"geometry":{"coordinates":[[[-75.153246,40.016174],[-75.151532,40.016975],[-75.149347,40.017957],[-75.149089,40.018109],[-75.148468,40.018406],[-75.147143,40.01901],[-75.147181,40.018222],[-75.147182,40.016609],[-75.147211,40.015883],[-75.1472,40.015331],[-75.147247,40.011906],[-75.147325,40.010382],[-75.147603,40.008779],[-75.147916,40.007185],[-75.148568,40.004416],[-75.148644,40.004202],[-75.148803,40.003306],[-75.148842,40.002955],[-75.148817,40.002698],[-75.149157,40.003923],[-75.149326,40.00441],[-75.149762,40.005891],[-75.150287,40.0075],[-75.151067,40.010036],[-75.151887,40.011988],[-75.152163,40.01254],[-75.152384,40.013113],[-75.153849,40.015891],[-75.153246,40.016174]]],"type":"Polygon"},"properties":{"2013_population_estimate":2564,"aland":"508186","awater":"0","geoid":"14000US42101020300","name":"Census Tract 203, Philadelphia, PA"},"type":"Feature"},{"geometry":{"coordinates":[[[-75.159035,40.0228],[-75.157303,40.022607],[-75.14711,40.02128],[-75.147143,40.01901],[-75.148468,40.018406],[-75.149089,40.018109],[-75.149347,40.017957],[-75.151532,40.016975],[-75.153849,40.015891],[-75.154787,40.017649],[-75.156094,40.019695],[-75.156921,40.020471],[-75.157703,40.02126],[-75.158022,40.02154],[-75.159035,40.0228]]],"type":"Polygon"},"properties":{"2013_population_estimate":3981,"aland":"407373","awater":"0","geoid":"14000US42101020400","name":"Census Tract 204, Philadelphia, PA"},"type":"Feature"},{"geometry":{"coordinates":[[[-75.175669,40.016051],[-75.17486,40.01653],[-75.174037,40.016962],[-75.172937,40.017403],[-75.171944,40.017724],[-75.170778,40.01796],[-75.167889,40.018367],[-75.166724,40.018498],[-75.166005,40.01862],[-75.165382,40.018764],[-75.163758,40.019234],[-75.163161,40.019706],[-75.162902,40.020107],[-75.162782,40.020368],[-75.162726,40.020597],[-75.162666,40.021327],[-75.162601,40.021604],[-75.162462,40.021954],[-75.15988,40.023793],[-75.159551,40.023925],[-75.159035,40.0228],[-75.158022,40.02154],[-75.156094,40.019695],[-75.154787,40.017649],[-75.153849,40.015891],[-75.160943,40.012647],[-75.16914,40.008832],[-75.175669,40.016051]]],"type":"Polygon"},"properties":{"2013_population_estimate":3143,"aland":"1429513","awater":"0","geoid":"14000US42101020500","name":"Census Tract 205, Philadelphia, PA"},"type":"Feature"},{"geometry":{"coordinates":[[[-75.192405,40.020495],[-75.190401,40.022294],[-75.190007,40.022524],[-75.184932,40.024399],[-75.181668,40.025657],[-75.179844,40.024086],[-75.179034,40.023329],[-75.174963,40.019891],[-75.173246,40.018411],[-75.17296,40.018116],[-75.172342,40.017604],[-75.173405,40.017226],[-75.174037,40.016962],[-75.17486,40.01653],[-75.177316,40.015073],[-75.182239,40.011676],[-75.189197,40.01771],[-75.189555,40.018106],[-75.190034,40.018727],[-75.19031,40.018956],[-75.191247,40.019381],[-75.191631,40.019722],[-75.191707,40.019869],[-75.192152,40.020317],[-75.192405,40.020495]]],"type":"Polygon"},"properties":{"2013_population_estimate":2009,"aland":"1295909","awater":"56782","geoid":"14000US42101020600","name":"Census Tract 206, Philadelphia, PA"},"type":"Feature"},{"geometry":{"coordinates":[[[-75.19704,40.008995],[-75.196821,40.0093],[-75.196468,40.009883],[-75.195988,40.00971],[-75.194364,40.012039],[-75.192879,40.01162],[-75.192487,40.01259],[-75.192406,40.013391],[-75.192195,40.013827],[-75.191874,40.014201],[-75.190908,40.014722],[-75.190588,40.014919],[-75.189997,40.01551],[-75.189835,40.015752],[-75.18915,40.016413],[-75.188382,40.016986],[-75.184515,40.013674],[-75.182239,40.011676],[-75.182979,40.011223],[-75.183611,40.010905],[-75.184956,40.010352],[-75.187781,40.0094],[-75.189604,40.008816],[-75.190514,40.008407],[-75.191539,40.007767],[-75.19281,40.006733],[-75.193212,40.006927],[-75.197451,40.008315],[-75.19704,40.008995]]],"type":"Polygon"},"properties":{"2013_population_estimate":4309,"aland":"625472","awater":"33771","geoid":"14000US42101020701","name":"Census Tract 207.01, Philadelphia, PA"},"type":"Feature"},{"geometry":{"coordinates":[[[-75.207171,40.013077],[-75.206424,40.014303],[-75.206207,40.01472],[-75.206139,40.014753],[-75.205799,40.014681],[-75.204867,40.014399],[-75.203371,40.013898],[-75.202797,40.01364],[-75.202421,40.013404],[-75.202096,40.013118],[-75.201916,40.013165],[-75.201805,40.01316],[-75.201569,40.013075],[-75.201304,40.012921],[-75.201189,40.012895],[-75.201086,40.012929],[-75.200278,40.013708],[-75.196317,40.016899],[-75.193971,40.019028],[-75.192405,40.020495],[-75.192152,40.020317],[-75.191707,40.019869],[-75.191631,40.019722],[-75.191247,40.019381],[-75.19031,40.018956],[-75.190034,40.018727],[-75.189555,40.018106],[-75.189197,40.01771],[-75.188382,40.016986],[-75.18915,40.016413],[-75.189835,40.015752],[-75.189997,40.01551],[-75.190588,40.014919],[-75.191874,40.014201],[-75.192195,40.013827],[-75.192406,40.013391],[-75.192487,40.01259],[-75.192879,40.01162],[-75.194364,40.012039],[-75.195988,40.00971],[-75.196468,40.009883],[-75.197451,40.008315],[-75.203107,40.010138],[-75.205485,40.011501],[-75.205978,40.011723],[-75.207599,40.012719],[-75.207171,40.013077]]],"type":"Polygon"},"properties":{"2013_population_estimate":2095,"aland":"799191","awater":"60259","geoid":"14000US42101020702","name":"Census Tract 207.02, Philadelphia, PA"},"type":"Feature"},{"geometry":{"coordinates":[[[-75.206058,40.014828],[-75.205848,40.015281],[-75.204933,40.015023],[-75.202422,40.015804],[-75.201269,40.017189],[-75.199854,40.01937],[-75.197636,40.021461],[-75.195011,40.023198],[-75.193308,40.024091],[-75.192779,40.024275],[-75.193231,40.024996],[-75.192081,40.025663],[-75.187462,40.0285],[-75.186012,40.027573],[-75.185688,40.027762],[-75.186064,40.028343],[-75.185463,40.028875],[-75.181668,40.025657],[-75.184932,40.024399],[-75.190007,40.022524],[-75.190401,40.022294],[-75.196317,40.016899],[-75.200278,40.013708],[-75.201086,40.012929],[-75.201189,40.012895],[-75.201304,40.012921],[-75.201805,40.01316],[-75.202096,40.013118],[-75.202421,40.013404],[-75.202797,40.01364],[-75.203371,40.013898],[-75.204867,40.014399],[-75.206139,40.014753],[-75.206058,40.014828]]],"type":"Polygon"},"properties":{"2013_population_estimate":2528,"aland":"895387","awater":"0","geoid":"14000US42101020800","name":"Census Tract 208, Philadelphia, PA"},"type":"Feature"},{"geometry":{"coordinates":[[[-75.214841,40.020594],[-75.21275,40.021541],[-75.21208,40.020675],[-75.209396,40.021869],[-75.209213,40.021899],[-75.208035,40.023114],[-75.207732,40.023783],[-75.207501,40.023328],[-75.207569,40.01985],[-75.207595,40.019536],[-75.204057,40.020213],[-75.203939,40.020103],[-75.203584,40.019568],[-75.203461,40.019077],[-75.203422,40.018763],[-75.203463,40.018727],[-75.202999,40.017528],[-75.203749,40.016658],[-75.204249,40.016908],[-75.205622,40.017107],[-75.207221,40.016673],[-75.206967,40.015955],[-75.20714,40.015646],[-75.206903,40.014958],[-75.207524,40.01331],[-75.208008,40.012997],[-75.208649,40.013439],[-75.210007,40.014107],[-75.212219,40.015461],[-75.213637,40.016718],[-75.21403,40.017152],[-75.214631,40.017835],[-75.213696,40.01819],[-75.213,40.018652],[-75.213929,40.019851],[-75.214841,40.020594]]],"type":"Polygon"},"properties":{"2013_population_estimate":3366,"aland":"521767","awater":"34307","geoid":"14000US42101020900","name":"Census Tract 209, Philadelphia, PA"},"type":"Feature"},{"geometry":{"coordinates":[[[-75.22346,40.024146],[-75.222955,40.02467],[-75.222251,40.025715],[-75.222184,40.02572],[-75.221027,40.026228],[-75.220604,40.025743],[-75.219699,40.02614],[-75.219397,40.026333],[-75.219176,40.026306],[-75.218841,40.0266],[-75.218224,40.026896],[-75.211308,40.02997],[-75.210588,40.02903],[-75.210255,40.028492],[-75.209972,40.028],[-75.209473,40.026984],[-75.207732,40.023783],[-75.208035,40.023114],[-75.209213,40.021899],[-75.209396,40.021869],[-75.21208,40.020675],[-75.21275,40.021541],[-75.214841,40.020594],[-75.213929,40.019851],[-75.213,40.018652],[-75.213696,40.01819],[-75.214631,40.017835],[-75.215329,40.018662],[-75.215863,40.019207],[-75.216276,40.019564],[-75.218056,40.020943],[-75.219247,40.021716],[-75.21981,40.021992],[-75.220422,40.022186],[-75.221715,40.022472],[-75.222153,40.022614],[-75.223694,40.023712],[-75.22346,40.024146]]],"type":"Polygon"},"properties":{"2013_population_estimate":5214,"aland":"858218","awater":"47382","geoid":"14000US42101021000","name":"Census Tract 210, Philadelphia, PA"},"type":"Feature"},{"geometry":{"coordinates":[[[-75.211308,40.02997],[-75.209451,40.030811],[-75.205569,40.032514],[-75.204813,40.031513],[-75.203407,40.029561],[-75.205367,40.028729],[-75.205616,40.028661],[-75.204006,40.026441],[-75.203585,40.026075],[-75.20323,40.025839],[-75.202496,40.025609],[-75.202549,40.025447],[-75.201854,40.025293],[-75.201947,40.02495],[-75.202391,40.025024],[-75.20273,40.024632],[-75.202985,40.024602],[-75.202837,40.023833],[-75.203221,40.023662],[-75.204479,40.020942],[-75.204057,40.020213],[-75.207595,40.019536],[-75.207569,40.01985],[-75.207501,40.023328],[-75.209473,40.026984],[-75.209972,40.028],[-75.210588,40.02903],[-75.211308,40.02997]]],"type":"Polygon"},"properties":{"2013_population_estimate":2581,"aland":"554014","awater":"0","geoid":"14000US42101021100","name":"Census Tract 211, Philadelphia, PA"},"type":"Feature"},{"geometry":{"coordinates":[[[-75.218533,40.036745],[-75.213026,40.039412],[-75.211536,40.038405],[-75.210398,40.03751],[-75.210014,40.037085],[-75.209637,40.036574],[-75.209481,40.036329],[-75.209122,40.03562],[-75.208278,40.033762],[-75.207938,40.032368],[-75.207715,40.031573],[-75.211308,40.02997],[-75.213692,40.032135],[-75.215882,40.034057],[-75.217925,40.03616],[-75.218182,40.03637],[-75.21848,40.03654],[-75.218759,40.036654],[-75.218533,40.036745]]],"type":"Polygon"},"properties":{"2013_population_estimate":2967,"aland":"515705","awater":"0","geoid":"14000US42101021200","name":"Census Tract 212, Philadelphia, PA"},"type":"Feature"},{"geometry":{"coordinates":[[[-75.225849,40.033506],[-75.220364,40.035925],[-75.218759,40.036654],[-75.21848,40.03654],[-75.218182,40.03637],[-75.217925,40.03616],[-75.215882,40.034057],[-75.213692,40.032135],[-75.211308,40.02997],[-75.216632,40.027602],[-75.222391,40.033052],[-75.224657,40.031899],[-75.225849,40.033506]]],"type":"Polygon"},"properties":{"2013_population_estimate":3243,"aland":"538872","awater":"0","geoid":"14000US42101021300","name":"Census Tract 213, Philadelphia, PA"},"type":"Feature"},{"geometry":{"coordinates":[[[-75.232042,40.028037],[-75.231381,40.028615],[-75.230626,40.029043],[-75.230198,40.029121],[-75.230002,40.029287],[-75.229674,40.029453],[-75.229513,40.029492],[-75.228765,40.029792],[-75.222391,40.033052],[-75.216632,40.027602],[-75.218841,40.0266],[-75.219176,40.026306],[-75.219397,40.026333],[-75.219389,40.026318],[-75.219699,40.02614],[-75.220604,40.025743],[-75.221027,40.026228],[-75.222184,40.02572],[-75.222251,40.025715],[-75.222955,40.02467],[-75.22346,40.024146],[-75.223694,40.023712],[-75.223945,40.023809],[-75.225191,40.024459],[-75.226308,40.025092],[-75.228004,40.025963],[-75.230745,40.027312],[-75.231026,40.027489],[-75.231702,40.027831],[-75.232042,40.028037]]],"type":"Polygon"},"properties":{"2013_population_estimate":3520,"aland":"606692","awater":"55006","geoid":"14000US42101021400","name":"Census Tract 214, Philadelphia, PA"},"type":"Feature"},{"geometry":{"coordinates":[[[-75.235297,40.03454],[-75.23496,40.034887],[-75.233952,40.035786],[-75.229435,40.039759],[-75.226267,40.042401],[-75.225234,40.041319],[-75.222808,40.038112],[-75.222052,40.037775],[-75.22067,40.037304],[-75.219397,40.036911],[-75.218759,40.036654],[-75.225849,40.033506],[-75.224657,40.031899],[-75.228765,40.029792],[-75.229674,40.029453],[-75.230002,40.029287],[-75.230198,40.029121],[-75.230626,40.029043],[-75.231381,40.028615],[-75.232042,40.028037],[-75.232401,40.028254],[-75.232919,40.028626],[-75.23418,40.02973],[-75.234765,40.030162],[-75.234535,40.030426],[-75.234261,40.030892],[-75.233441,40.031736],[-75.233394,40.031906],[-75.23564,40.034249],[-75.235297,40.03454]]],"type":"Polygon"},"properties":{"2013_population_estimate":3995,"aland":"1004126","awater":"21616","geoid":"14000US42101021500","name":"Census Tract 215, Philadelphia, PA"},"type":"Feature"},{"geometry":{"coordinates":[[[-75.251298,40.043505],[-75.250646,40.043944],[-75.25045,40.044339],[-75.250116,40.044683],[-75.250079,40.044656],[-75.249271,40.04534],[-75.247934,40.046724],[-75.24768,40.047025],[-75.24705,40.048134],[-75.246742,40.048517],[-75.245728,40.049257],[-75.245653,40.049122],[-75.245683,40.048944],[-75.246102,40.048613],[-75.246344,40.048216],[-75.246449,40.0479],[-75.246431,40.047748],[-75.246324,40.047647],[-75.24557,40.047429],[-75.244887,40.047154],[-75.245296,40.046578],[-75.24533,40.046419],[-75.244871,40.045819],[-75.244747,40.04577],[-75.244036,40.046087],[-75.243483,40.045379],[-75.242624,40.045663],[-75.241821,40.04604],[-75.241765,40.045967],[-75.240137,40.046693],[-75.238466,40.04735],[-75.237942,40.047581],[-75.237764,40.047723],[-75.235419,40.048775],[-75.234796,40.047584],[-75.232935,40.04593],[-75.23245,40.045571],[-75.23204,40.045328],[-75.231167,40.044923],[-75.229639,40.044378],[-75.22875,40.044005],[-75.226376,40.042512],[-75.226267,40.042401],[-75.229435,40.039759],[-75.23564,40.034249],[-75.233394,40.031906],[-75.233441,40.031736],[-75.234261,40.030892],[-75.234535,40.030426],[-75.234765,40.030162],[-75.236588,40.03129],[-75.240097,40.033652],[-75.240668,40.034169],[-75.24152,40.035212],[-75.24218,40.035764],[-75.24297,40.036262],[-75.243662,40.036633],[-75.24524,40.037363],[-75.245598,40.037655],[-75.24617,40.03829],[-75.247,40.039738],[-75.247919,40.040762],[-75.249039,40.041848],[-75.251298,40.043505]]],"type":"Polygon"},"properties":{"2013_population_estimate":2256,"aland":"1991388","awater":"117315","geoid":"14000US42101021600","name":"Census Tract 216, Philadelphia, PA"},"type":"Feature"},{"geometry":{"coordinates":[[[-75.235419,40.048775],[-75.227161,40.052534],[-75.21977,40.049098],[-75.218946,40.048667],[-75.218507,40.048335],[-75.218293,40.048118],[-75.21801,40.047674],[-75.2179,40.047416],[-75.217827,40.0471],[-75.217846,40.044343],[-75.217665,40.043573],[-75.217469,40.043076],[-75.217335,40.042836],[-75.216923,40.042249],[-75.21618,40.041564],[-75.215757,40.041244],[-75.213026,40.039412],[-75.218759,40.036654],[-75.219397,40.036911],[-75.222052,40.037775],[-75.222808,40.038112],[-75.225234,40.041319],[-75.226376,40.042512],[-75.22875,40.044005],[-75.229639,40.044378],[-75.231167,40.044923],[-75.23204,40.045328],[-75.23245,40.045571],[-75.232935,40.04593],[-75.23437,40.04717],[-75.234796,40.047584],[-75.235419,40.048775]]],"type":"Polygon"},"properties":{"2013_population_estimate":5781,"aland":"1559580","awater":"0","geoid":"14000US42101021700","name":"Census Tract 217, Philadelphia, PA"},"type":"Feature"},{"geometry":{"coordinates":[[[-75.238074,40.059879],[-75.231724,40.064099],[-75.232439,40.064739],[-75.230082,40.0663],[-75.229354,40.0657],[-75.228211,40.064678],[-75.228031,40.064317],[-75.227925,40.063987],[-75.227898,40.063449],[-75.227988,40.063137],[-75.228135,40.062824],[-75.228242,40.062686],[-75.228446,40.06254],[-75.226882,40.061813],[-75.226912,40.061721],[-75.227546,40.060839],[-75.22787,40.060623],[-75.229675,40.059776],[-75.227325,40.056645],[-75.232003,40.054395],[-75.231721,40.054078],[-75.231223,40.053703],[-75.230978,40.053587],[-75.230417,40.053374],[-75.228132,40.05288],[-75.227161,40.052534],[-75.235419,40.048775],[-75.235787,40.049623],[-75.236301,40.051037],[-75.236328,40.051372],[-75.23621,40.053048],[-75.235946,40.054587],[-75.235917,40.055079],[-75.235927,40.055855],[-75.236042,40.056711],[-75.236125,40.05696],[-75.236386,40.057398],[-75.238182,40.059771],[-75.238074,40.059879]]],"type":"Polygon"},"properties":{"2013_population_estimate":4997,"aland":"1006008","awater":"0","geoid":"14000US42101021800","name":"Census Tract 218, Philadelphia, PA"},"type":"Feature"},{"geometry":{"coordinates":[[[-75.254376,40.046571],[-75.253838,40.046978],[-75.254629,40.047592],[-75.254275,40.04754],[-75.253734,40.047377],[-75.25398,40.047731],[-75.254137,40.048465],[-75.254135,40.048572],[-75.254062,40.048719],[-75.253891,40.048867],[-75.247102,40.0536],[-75.245604,40.054584],[-75.241483,40.057512],[-75.238182,40.059771],[-75.236386,40.057398],[-75.236125,40.05696],[-75.236042,40.056711],[-75.235964,40.056199],[-75.235917,40.055079],[-75.235946,40.054587],[-75.23621,40.053048],[-75.236326,40.051722],[-75.236301,40.051037],[-75.235787,40.049623],[-75.235419,40.048775],[-75.237764,40.047723],[-75.237942,40.047581],[-75.238466,40.04735],[-75.240137,40.046693],[-75.241765,40.045967],[-75.241821,40.04604],[-75.242624,40.045663],[-75.243483,40.045379],[-75.244036,40.046087],[-75.244747,40.04577],[-75.244871,40.045819],[-75.24533,40.046419],[-75.245296,40.046578],[-75.244887,40.047154],[-75.24557,40.047429],[-75.246324,40.047647],[-75.246431,40.047748],[-75.246449,40.0479],[-75.246344,40.048216],[-75.246102,40.048613],[-75.245683,40.048944],[-75.245653,40.049122],[-75.245728,40.049257],[-75.246742,40.048517],[-75.24705,40.048134],[-75.24768,40.047025],[-75.247934,40.046724],[-75.249271,40.04534],[-75.250079,40.044656],[-75.250116,40.044683],[-75.25045,40.044339],[-75.250646,40.043944],[-75.251298,40.043505],[-75.252882,40.044733],[-75.254318,40.045755],[-75.254678,40.045924],[-75.254376,40.046571]]],"type":"Polygon"},"properties":{"2013_population_estimate":1480,"aland":"1410069","awater":"51091","geoid":"14000US42101021900","name":"Census Tract 219, Philadelphia, PA"},"type":"Feature"},{"geometry":{"coordinates":[[[-75.26386,40.054557],[-75.256707,40.061142],[-75.256422,40.0612],[-75.255886,40.061673],[-75.254424,40.063094],[-75.254356,40.06318],[-75.254343,40.063313],[-75.243288,40.073494],[-75.242047,40.071949],[-75.241221,40.070662],[-75.240839,40.069819],[-75.240321,40.068383],[-75.240092,40.067344],[-75.239781,40.064335],[-75.239105,40.061529],[-75.23885,40.060815],[-75.238469,40.060142],[-75.238182,40.059771],[-75.253891,40.048867],[-75.254062,40.048719],[-75.254137,40.048465],[-75.25398,40.047731],[-75.253734,40.047377],[-75.254629,40.047592],[-75.253838,40.046978],[-75.254376,40.046571],[-75.254678,40.045924],[-75.255893,40.046497],[-75.257655,40.047611],[-75.259621,40.049238],[-75.261097,40.050671],[-75.264431,40.054094],[-75.26386,40.054557]]],"type":"Polygon"},"properties":{"2013_population_estimate":1477,"aland":"2940132","awater":"99558","geoid":"14000US42101022000","name":"Census Tract 220, Philadelphia, PA"},"type":"Feature"},{"geometry":{"coordinates":[[[-75.208933,40.067015],[-75.208321,40.06767],[-75.207408,40.068529],[-75.205815,40.070106],[-75.204414,40.069416],[-75.204166,40.069595],[-75.202915,40.07085],[-75.204218,40.071632],[-75.20423,40.071675],[-75.203671,40.072258],[-75.20274,40.073156],[-75.202651,40.073212],[-75.201312,40.071362],[-75.20079,40.070707],[-75.199855,40.06962],[-75.198673,40.068575],[-75.197337,40.067706],[-75.196741,40.067365],[-75.196526,40.067117],[-75.196385,40.066623],[-75.196638,40.066481],[-75.196819,40.066272],[-75.197048,40.066076],[-75.197882,40.065462],[-75.198153,40.06514],[-75.198479,40.06466],[-75.198659,40.064512],[-75.198854,40.064389],[-75.199247,40.06424],[-75.199797,40.063954],[-75.200192,40.063649],[-75.200359,40.063476],[-75.201204,40.063956],[-75.201268,40.063853],[-75.202475,40.06265],[-75.201921,40.06197],[-75.201841,40.061767],[-75.20181,40.06156],[-75.201843,40.061323],[-75.201913,40.061148],[-75.202391,40.060435],[-75.202468,40.060254],[-75.202517,40.059918],[-75.202545,40.059884],[-75.203219,40.059945],[-75.203738,40.060137],[-75.205919,40.061382],[-75.20714,40.062139],[-75.204744,40.064538],[-75.20615,40.065376],[-75.206782,40.064755],[-75.209573,40.066375],[-75.208933,40.067015]]],"type":"Polygon"},"properties":{"2013_population_estimate":1573,"aland":"732749","awater":"1270","geoid":"14000US42101023100","name":"Census Tract 231, Philadelphia, PA"},"type":"Feature"},{"geometry":{"coordinates":[[[-75.209918,40.04706],[-75.209622,40.047047],[-75.208332,40.047443],[-75.208054,40.04749],[-75.206632,40.047417],[-75.207005,40.047063],[-75.196127,40.037924],[-75.189063,40.031905],[-75.190565,40.031178],[-75.190789,40.031106],[-75.191859,40.032082],[-75.19265,40.032013],[-75.193343,40.032063],[-75.194129,40.03228],[-75.196938,40.033266],[-75.197121,40.033375],[-75.197535,40.033892],[-75.197674,40.034404],[-75.197816,40.034748],[-75.198228,40.036557],[-75.198586,40.037217],[-75.19961,40.036824],[-75.202846,40.039503],[-75.203253,40.038088],[-75.203231,40.0378],[-75.203164,40.037635],[-75.205546,40.039057],[-75.205944,40.040667],[-75.205087,40.041617],[-75.205276,40.042677],[-75.205047,40.043123],[-75.205726,40.042211],[-75.207016,40.0416],[-75.208173,40.04199],[-75.208764,40.042978],[-75.208777,40.043246],[-75.20994,40.044636],[-75.209756,40.04564],[-75.20986,40.046108],[-75.208864,40.046258],[-75.209969,40.047081],[-75.209918,40.04706]]],"type":"Polygon"},"properties":{"2013_population_estimate":1288,"aland":"799347","awater":"0","geoid":"14000US42101023500","name":"Census Tract 235, Philadelphia, PA"},"type":"Feature"},{"geometry":{"coordinates":[[[-75.201384,40.042502],[-75.201026,40.043193],[-75.200784,40.043528],[-75.200512,40.043839],[-75.198411,40.045827],[-75.199409,40.046469],[-75.196511,40.049188],[-75.194491,40.051466],[-75.194326,40.051711],[-75.194083,40.051633],[-75.194327,40.051189],[-75.194383,40.050935],[-75.194411,40.050637],[-75.194313,40.050248],[-75.194005,40.049749],[-75.193793,40.049514],[-75.193626,40.049358],[-75.1931,40.04904],[-75.19273,40.048724],[-75.192495,40.048451],[-75.192294,40.048148],[-75.192123,40.047679],[-75.192106,40.047163],[-75.192208,40.04665],[-75.193091,40.04459],[-75.187315,40.040929],[-75.192935,40.035463],[-75.193127,40.035381],[-75.200299,40.041415],[-75.201433,40.042404],[-75.201384,40.042502]]],"type":"Polygon"},"properties":{"2013_population_estimate":2513,"aland":"978079","awater":"0","geoid":"14000US42101023600","name":"Census Tract 236, Philadelphia, PA"},"type":"Feature"},{"geometry":{"coordinates":[[[-75.194383,40.050935],[-75.194327,40.051189],[-75.194223,40.051395],[-75.193456,40.052647],[-75.19326,40.053057],[-75.193235,40.053275],[-75.19326,40.053464],[-75.193373,40.053798],[-75.19363,40.054123],[-75.193951,40.054358],[-75.192966,40.055267],[-75.191752,40.054604],[-75.188077,40.056898],[-75.185679,40.052421],[-75.184202,40.049774],[-75.183398,40.048254],[-75.182203,40.045894],[-75.18308,40.045068],[-75.187315,40.040929],[-75.193091,40.04459],[-75.192208,40.04665],[-75.192106,40.047163],[-75.192123,40.047679],[-75.192294,40.048148],[-75.192495,40.048451],[-75.19273,40.048724],[-75.1931,40.04904],[-75.193626,40.049358],[-75.194005,40.049749],[-75.194313,40.050248],[-75.194411,40.050637],[-75.194383,40.050935]]],"type":"Polygon"},"properties":{"2013_population_estimate":4874,"aland":"1072974","awater":"0","geoid":"14000US42101023700","name":"Census Tract 237, Philadelphia, PA"},"type":"Feature"},{"geometry":{"coordinates":[[[-75.188797,40.03948],[-75.18308,40.045068],[-75.182203,40.045894],[-75.181701,40.044831],[-75.181257,40.043732],[-75.181173,40.043609],[-75.180978,40.043337],[-75.180884,40.043246],[-75.179981,40.042093],[-75.176428,40.037794],[-75.178753,40.035497],[-75.181235,40.033097],[-75.188396,40.037255],[-75.188132,40.037314],[-75.187922,40.037547],[-75.188029,40.037647],[-75.188275,40.038278],[-75.188797,40.03948]]],"type":"Polygon"},"properties":{"2013_population_estimate":5396,"aland":"781630","awater":"0","geoid":"14000US42101023800","name":"Census Tract 238, Philadelphia, PA"},"type":"Feature"},{"geometry":{"coordinates":[[[-75.192935,40.035463],[-75.188797,40.03948],[-75.188275,40.038278],[-75.188029,40.037647],[-75.187922,40.037547],[-75.188132,40.037314],[-75.188396,40.037255],[-75.181235,40.033097],[-75.182552,40.031781],[-75.183731,40.030637],[-75.183893,40.030516],[-75.184118,40.030398],[-75.186194,40.029468],[-75.187376,40.030422],[-75.188665,40.031578],[-75.189793,40.032538],[-75.190431,40.033051],[-75.193127,40.035381],[-75.192935,40.035463]]],"type":"Polygon"},"properties":{"2013_population_estimate":1988,"aland":"486021","awater":"2705","geoid":"14000US42101023900","name":"Census Tract 239, Philadelphia, PA"},"type":"Feature"},{"geometry":{"coordinates":[[[-75.186194,40.029468],[-75.184118,40.030398],[-75.183893,40.030516],[-75.183731,40.030637],[-75.182552,40.031781],[-75.181235,40.033097],[-75.180354,40.032607],[-75.179075,40.031857],[-75.178913,40.031737],[-75.173611,40.028691],[-75.175115,40.027255],[-75.174043,40.026588],[-75.175758,40.024884],[-75.177404,40.023338],[-75.177521,40.023192],[-75.178141,40.022595],[-75.179034,40.023329],[-75.179844,40.024086],[-75.184233,40.027856],[-75.186194,40.029468]]],"type":"Polygon"},"properties":{"2013_population_estimate":4009,"aland":"617080","awater":"0","geoid":"14000US42101024000","name":"Census Tract 240, Philadelphia, PA"},"type":"Feature"},{"geometry":{"coordinates":[[[-75.181235,40.033097],[-75.178753,40.035497],[-75.176428,40.037794],[-75.176143,40.037452],[-75.176119,40.037401],[-75.175208,40.036232],[-75.173514,40.034831],[-75.17061,40.033131],[-75.170669,40.033094],[-75.172326,40.031473],[-75.173975,40.029854],[-75.174572,40.029244],[-75.178913,40.031737],[-75.179075,40.031857],[-75.180354,40.032607],[-75.181235,40.033097]]],"type":"Polygon"},"properties":{"2013_population_estimate":1401,"aland":"407855","awater":"0","geoid":"14000US42101024100","name":"Census Tract 241, Philadelphia, PA"},"type":"Feature"},{"geometry":{"coordinates":[[[-75.17473,40.027621],[-75.173611,40.028691],[-75.174572,40.029244],[-75.172326,40.031473],[-75.170669,40.033094],[-75.17061,40.033131],[-75.169211,40.032314],[-75.167741,40.031516],[-75.166488,40.030794],[-75.164133,40.029494],[-75.163749,40.029255],[-75.166395,40.026593],[-75.167644,40.025372],[-75.169124,40.023865],[-75.174043,40.026588],[-75.175115,40.027255],[-75.17473,40.027621]]],"type":"Polygon"},"properties":{"2013_population_estimate":4595,"aland":"532060","awater":"0","geoid":"14000US42101024200","name":"Census Tract 242, Philadelphia, PA"},"type":"Feature"},{"geometry":{"coordinates":[[[-75.177521,40.023192],[-75.177404,40.023338],[-75.175758,40.024884],[-75.174043,40.026588],[-75.162782,40.020368],[-75.163035,40.019869],[-75.163161,40.019706],[-75.163758,40.019234],[-75.164337,40.01906],[-75.165382,40.018764],[-75.166005,40.01862],[-75.166724,40.018498],[-75.167889,40.018367],[-75.170778,40.01796],[-75.171944,40.017724],[-75.172342,40.017604],[-75.17296,40.018116],[-75.173246,40.018411],[-75.174963,40.019891],[-75.178141,40.022595],[-75.177521,40.023192]]],"type":"Polygon"},"properties":{"2013_population_estimate":4204,"aland":"679034","awater":"0","geoid":"14000US42101024300","name":"Census Tract 243, Philadelphia, PA"},"type":"Feature"},{"geometry":{"coordinates":[[[-75.169124,40.023865],[-75.167644,40.025372],[-75.166395,40.026593],[-75.165411,40.027599],[-75.163749,40.029255],[-75.162125,40.028245],[-75.161425,40.027764],[-75.160983,40.027253],[-75.160244,40.0263],[-75.160053,40.026023],[-75.159931,40.025555],[-75.159898,40.024933],[-75.159858,40.024624],[-75.159551,40.023925],[-75.159707,40.023878],[-75.15988,40.023793],[-75.162024,40.022286],[-75.162462,40.021954],[-75.162601,40.021604],[-75.162666,40.021327],[-75.162691,40.020821],[-75.162782,40.020368],[-75.169124,40.023865]]],"type":"Polygon"},"properties":{"2013_population_estimate":3210,"aland":"421189","awater":"0","geoid":"14000US42101024400","name":"Census Tract 244, Philadelphia, PA"},"type":"Feature"},{"geometry":{"coordinates":[[[-75.169211,40.032314],[-75.165747,40.035702],[-75.165011,40.036304],[-75.164688,40.036522],[-75.16405,40.036816],[-75.162752,40.037499],[-75.161271,40.038954],[-75.160399,40.04001],[-75.158341,40.042021],[-75.158403,40.040736],[-75.158452,40.038539],[-75.158363,40.036346],[-75.159601,40.035137],[-75.157934,40.03379],[-75.15764,40.033206],[-75.157616,40.031514],[-75.157634,40.031409],[-75.157756,40.031192],[-75.158124,40.030825],[-75.159033,40.030316],[-75.159412,40.02474],[-75.159465,40.024106],[-75.159551,40.023925],[-75.159858,40.024624],[-75.159931,40.025555],[-75.160053,40.026023],[-75.160983,40.027253],[-75.161425,40.027764],[-75.162125,40.028245],[-75.164133,40.029494],[-75.169211,40.032314]]],"type":"Polygon"},"properties":{"2013_population_estimate":4904,"aland":"800999","awater":"0","geoid":"14000US42101024500","name":"Census Tract 245, Philadelphia, PA"},"type":"Feature"},{"geometry":{"coordinates":[[[-75.177757,40.039401],[-75.170725,40.046151],[-75.170134,40.044919],[-75.169492,40.044531],[-75.169595,40.043443],[-75.169721,40.042926],[-75.170466,40.041173],[-75.170701,40.040679],[-75.171037,40.040221],[-75.171234,40.040005],[-75.171679,40.039604],[-75.171873,40.039387],[-75.172027,40.039141],[-75.172124,40.038897],[-75.17217,40.038637],[-75.172136,40.038358],[-75.17206,40.038118],[-75.17194,40.03787],[-75.171792,40.037632],[-75.171566,40.037435],[-75.171298,40.037272],[-75.170697,40.037015],[-75.170377,40.036921],[-75.164809,40.036452],[-75.165747,40.035702],[-75.169211,40.032314],[-75.173514,40.034831],[-75.174724,40.03582],[-75.175208,40.036232],[-75.176143,40.037452],[-75.177757,40.039401]]],"type":"Polygon"},"properties":{"2013_population_estimate":2552,"aland":"621261","awater":"0","geoid":"14000US42101024600","name":"Census Tract 246, Philadelphia, PA"},"type":"Feature"},{"geometry":{"coordinates":[[[-75.17217,40.038637],[-75.172124,40.038897],[-75.172027,40.039141],[-75.171873,40.039387],[-75.171037,40.040221],[-75.170701,40.040679],[-75.170576,40.040923],[-75.169823,40.042674],[-75.169643,40.043182],[-75.169595,40.043443],[-75.169492,40.044531],[-75.167207,40.043149],[-75.161656,40.048559],[-75.158132,40.046418],[-75.158217,40.045076],[-75.158341,40.042021],[-75.160399,40.04001],[-75.161271,40.038954],[-75.162752,40.037499],[-75.163865,40.036934],[-75.16405,40.036816],[-75.164809,40.036452],[-75.170377,40.036921],[-75.170697,40.037015],[-75.171298,40.037272],[-75.171566,40.037435],[-75.171792,40.037632],[-75.17206,40.038118],[-75.172136,40.038358],[-75.17217,40.038637]]],"type":"Polygon"},"properties":{"2013_population_estimate":4291,"aland":"941266","awater":"0","geoid":"14000US42101024700","name":"Census Tract 247, Philadelphia, PA"},"type":"Feature"},{"geometry":{"coordinates":[[[-75.171755,40.048359],[-75.170884,40.049199],[-75.167701,40.047245],[-75.164529,40.050306],[-75.161656,40.048559],[-75.167207,40.043149],[-75.170134,40.044919],[-75.171755,40.048359]]],"type":"Polygon"},"properties":{"2013_population_estimate":2250,"aland":"319262","awater":"0","geoid":"14000US42101024800","name":"Census Tract 248, Philadelphia, PA"},"type":"Feature"},{"geometry":{"coordinates":[[[-75.164529,40.050306],[-75.160448,40.05424],[-75.160426,40.054286],[-75.158889,40.055768],[-75.157869,40.055198],[-75.157748,40.055153],[-75.157557,40.055034],[-75.157538,40.054876],[-75.15755,40.054706],[-75.157585,40.05461],[-75.157618,40.054262],[-75.158132,40.046418],[-75.164529,40.050306]]],"type":"Polygon"},"properties":{"2013_population_estimate":2614,"aland":"325196","awater":"0","geoid":"14000US42101024900","name":"Census Tract 249, Philadelphia, PA"},"type":"Feature"},{"geometry":{"coordinates":[[[-75.183398,40.048254],[-75.177983,40.05356],[-75.175804,40.052241],[-75.175152,40.051809],[-75.172888,40.050431],[-75.172182,40.04926],[-75.170725,40.046151],[-75.177757,40.039401],[-75.179981,40.042093],[-75.180884,40.043246],[-75.180978,40.043337],[-75.181257,40.043732],[-75.181701,40.044831],[-75.182203,40.045894],[-75.183398,40.048254]]],"type":"Polygon"},"properties":{"2013_population_estimate":8034,"aland":"952424","awater":"0","geoid":"14000US42101025200","name":"Census Tract 252, Philadelphia, PA"},"type":"Feature"},{"geometry":{"coordinates":[[[-75.187306,40.055484],[-75.184955,40.057733],[-75.184769,40.057857],[-75.183366,40.05922],[-75.180513,40.057498],[-75.17982,40.057057],[-75.176618,40.05514],[-75.175743,40.054577],[-75.175756,40.054459],[-75.177193,40.05308],[-75.177983,40.05356],[-75.180565,40.051049],[-75.183398,40.048254],[-75.184202,40.049774],[-75.184573,40.050403],[-75.185221,40.051585],[-75.185287,40.051743],[-75.185679,40.052421],[-75.186516,40.053966],[-75.186777,40.054504],[-75.187306,40.055484]]],"type":"Polygon"},"properties":{"2013_population_estimate":4771,"aland":"581298","awater":"0","geoid":"14000US42101025300","name":"Census Tract 253, Philadelphia, PA"},"type":"Feature"},{"geometry":{"coordinates":[[[-75.183366,40.05922],[-75.176526,40.065896],[-75.168641,40.061373],[-75.171463,40.058652],[-75.173579,40.056546],[-75.174759,40.057282],[-75.17526,40.05671],[-75.176188,40.055819],[-75.175743,40.054577],[-75.176618,40.05514],[-75.17982,40.057057],[-75.183366,40.05922]]],"type":"Polygon"},"properties":{"2013_population_estimate":3784,"aland":"769759","awater":"0","geoid":"14000US42101025400","name":"Census Tract 254, Philadelphia, PA"},"type":"Feature"},{"geometry":{"coordinates":[[[-75.191054,40.060176],[-75.185757,40.065121],[-75.181751,40.068902],[-75.176526,40.065896],[-75.184769,40.057857],[-75.184955,40.057733],[-75.187306,40.055484],[-75.188378,40.057436],[-75.190015,40.058982],[-75.191054,40.060176]]],"type":"Polygon"},"properties":{"2013_population_estimate":2808,"aland":"766601","awater":"0","geoid":"14000US42101025500","name":"Census Tract 255, Philadelphia, PA"},"type":"Feature"},{"geometry":{"coordinates":[[[-75.196385,40.066623],[-75.196096,40.066785],[-75.195517,40.067258],[-75.195121,40.067456],[-75.194852,40.067645],[-75.193959,40.06847],[-75.19351,40.068819],[-75.192845,40.069443],[-75.192143,40.0702],[-75.191617,40.070961],[-75.191375,40.071235],[-75.190626,40.071989],[-75.189582,40.07281],[-75.189203,40.073174],[-75.181751,40.068902],[-75.185757,40.065121],[-75.191054,40.060176],[-75.191291,40.060456],[-75.194154,40.064376],[-75.194295,40.064501],[-75.195092,40.064915],[-75.195726,40.065177],[-75.196022,40.065401],[-75.196385,40.066623]]],"type":"Polygon"},"properties":{"2013_population_estimate":2814,"aland":"865284","awater":"1982","geoid":"14000US42101025600","name":"Census Tract 256, Philadelphia, PA"},"type":"Feature"},{"geometry":{"coordinates":[[[-75.202565,40.073277],[-75.200878,40.074958],[-75.200634,40.075123],[-75.200119,40.075373],[-75.199896,40.075406],[-75.199786,40.075366],[-75.199496,40.07547],[-75.199379,40.075781],[-75.199428,40.075833],[-75.199411,40.075887],[-75.199281,40.075957],[-75.199196,40.076131],[-75.198641,40.076812],[-75.197601,40.077991],[-75.19174,40.074652],[-75.189203,40.073174],[-75.189582,40.07281],[-75.190626,40.071989],[-75.191375,40.071235],[-75.191617,40.070961],[-75.192143,40.0702],[-75.192845,40.069443],[-75.19351,40.068819],[-75.193959,40.06847],[-75.194852,40.067645],[-75.195121,40.067456],[-75.195517,40.067258],[-75.196096,40.066785],[-75.196385,40.066623],[-75.196526,40.067117],[-75.196741,40.067365],[-75.197337,40.067706],[-75.198673,40.068575],[-75.199595,40.069366],[-75.199855,40.06962],[-75.20079,40.070707],[-75.201787,40.071986],[-75.202651,40.073212],[-75.202565,40.073277]]],"type":"Polygon"},"properties":{"2013_population_estimate":3737,"aland":"746915","awater":"0","geoid":"14000US42101025700","name":"Census Tract 257, Philadelphia, PA"},"type":"Feature"},{"geometry":{"coordinates":[[[-75.188461,40.07275],[-75.187065,40.074177],[-75.185036,40.076153],[-75.182053,40.079102],[-75.180238,40.078084],[-75.180329,40.077994],[-75.178448,40.076929],[-75.176841,40.07598],[-75.178027,40.074065],[-75.178981,40.072154],[-75.179448,40.071261],[-75.180482,40.070191],[-75.181088,40.069601],[-75.181751,40.068902],[-75.188461,40.07275]]],"type":"Polygon"},"properties":{"2013_population_estimate":1845,"aland":"586720","awater":"0","geoid":"14000US42101025800","name":"Census Tract 258, Philadelphia, PA"},"type":"Feature"},{"geometry":{"coordinates":[[[-75.181819,40.079329],[-75.179214,40.081867],[-75.176438,40.084649],[-75.172951,40.082581],[-75.171661,40.081848],[-75.169914,40.080818],[-75.175509,40.075214],[-75.178448,40.076929],[-75.180329,40.077994],[-75.180238,40.078084],[-75.182053,40.079102],[-75.181819,40.079329]]],"type":"Polygon"},"properties":{"2013_population_estimate":4311,"aland":"549417","awater":"0","geoid":"14000US42101025900","name":"Census Tract 259, Philadelphia, PA"},"type":"Feature"},{"geometry":{"coordinates":[[[-75.175509,40.075214],[-75.169914,40.080818],[-75.163399,40.07695],[-75.16899,40.071473],[-75.175509,40.075214]]],"type":"Polygon"},"properties":{"2013_population_estimate":3058,"aland":"543433","awater":"0","geoid":"14000US42101026000","name":"Census Tract 260, Philadelphia, PA"},"type":"Feature"},{"geometry":{"coordinates":[[[-75.181088,40.069601],[-75.180482,40.070191],[-75.179448,40.071261],[-75.178027,40.074065],[-75.176841,40.07598],[-75.16899,40.071473],[-75.17004,40.070424],[-75.171295,40.069214],[-75.173459,40.067054],[-75.174727,40.065844],[-75.175327,40.065216],[-75.180545,40.06819],[-75.181751,40.068902],[-75.181088,40.069601]]],"type":"Polygon"},"properties":{"2013_population_estimate":2886,"aland":"649365","awater":"0","geoid":"14000US42101026100","name":"Census Tract 261, Philadelphia, PA"},"type":"Feature"},{"geometry":{"coordinates":[[[-75.175327,40.065216],[-75.174727,40.065844],[-75.173459,40.067054],[-75.16899,40.071473],[-75.162495,40.067732],[-75.163822,40.066357],[-75.165706,40.067438],[-75.166072,40.067194],[-75.168099,40.065219],[-75.165714,40.06439],[-75.168641,40.061373],[-75.175327,40.065216]]],"type":"Polygon"},"properties":{"2013_population_estimate":4013,"aland":"555958","awater":"0","geoid":"14000US42101026200","name":"Census Tract 262, Philadelphia, PA"},"type":"Feature"},{"geometry":{"coordinates":[[[-75.16899,40.071473],[-75.165784,40.074613],[-75.16552,40.074855],[-75.164781,40.075602],[-75.163399,40.07695],[-75.161957,40.07613],[-75.160429,40.075301],[-75.158417,40.074169],[-75.160684,40.071927],[-75.161313,40.071386],[-75.164106,40.068662],[-75.16899,40.071473]]],"type":"Polygon"},"properties":{"2013_population_estimate":4007,"aland":"406340","awater":"0","geoid":"14000US42101026301","name":"Census Tract 263.01, Philadelphia, PA"},"type":"Feature"},{"geometry":{"coordinates":[[[-75.16342,40.069332],[-75.161313,40.071386],[-75.160684,40.071927],[-75.158417,40.074169],[-75.155834,40.072733],[-75.151596,40.070328],[-75.152002,40.069887],[-75.152138,40.06967],[-75.152195,40.069527],[-75.152938,40.066118],[-75.153513,40.064285],[-75.155254,40.062431],[-75.1565,40.064394],[-75.156726,40.064442],[-75.164106,40.068662],[-75.16342,40.069332]]],"type":"Polygon"},"properties":{"2013_population_estimate":4550,"aland":"704112","awater":"0","geoid":"14000US42101026302","name":"Census Tract 263.02, Philadelphia, PA"},"type":"Feature"},{"geometry":{"coordinates":[[[-75.168576,40.061426],[-75.165714,40.06439],[-75.168099,40.065219],[-75.166072,40.067194],[-75.165706,40.067438],[-75.163822,40.066357],[-75.162495,40.067732],[-75.156726,40.064442],[-75.1565,40.064394],[-75.155254,40.062431],[-75.160691,40.056831],[-75.161948,40.057566],[-75.162247,40.057701],[-75.164602,40.059044],[-75.168641,40.061373],[-75.168576,40.061426]]],"type":"Polygon"},"properties":{"2013_population_estimate":5674,"aland":"796819","awater":"0","geoid":"14000US42101026400","name":"Census Tract 264, Philadelphia, PA"},"type":"Feature"},{"geometry":{"coordinates":[[[-75.160691,40.056831],[-75.155254,40.062431],[-75.155205,40.062503],[-75.153513,40.064285],[-75.153161,40.064142],[-75.152915,40.063881],[-75.152672,40.063567],[-75.149331,40.058681],[-75.149219,40.058432],[-75.149381,40.05825],[-75.150492,40.057572],[-75.150825,40.057377],[-75.150922,40.05736],[-75.152594,40.056367],[-75.155554,40.054074],[-75.157176,40.054835],[-75.157748,40.055153],[-75.157869,40.055198],[-75.160638,40.056779],[-75.160691,40.056831]]],"type":"Polygon"},"properties":{"2013_population_estimate":5370,"aland":"545961","awater":"0","geoid":"14000US42101026500","name":"Census Tract 265, Philadelphia, PA"},"type":"Feature"},{"geometry":{"coordinates":[[[-75.153342,40.064806],[-75.152938,40.066118],[-75.152195,40.069527],[-75.152138,40.06967],[-75.152002,40.069887],[-75.151596,40.070328],[-75.140897,40.064239],[-75.142292,40.057941],[-75.142766,40.058078],[-75.143167,40.058143],[-75.149219,40.058432],[-75.149331,40.058681],[-75.152672,40.063567],[-75.152915,40.063881],[-75.153161,40.064142],[-75.153513,40.064285],[-75.153342,40.064806]]],"type":"Polygon"},"properties":{"2013_population_estimate":7060,"aland":"912763","awater":"0","geoid":"14000US42101026600","name":"Census Tract 266, Philadelphia, PA"},"type":"Feature"},{"geometry":{"coordinates":[[[-75.155554,40.054074],[-75.152594,40.056367],[-75.150922,40.05736],[-75.150825,40.057377],[-75.150492,40.057572],[-75.149381,40.05825],[-75.149219,40.058432],[-75.143167,40.058143],[-75.142766,40.058078],[-75.142292,40.057941],[-75.143189,40.05381],[-75.143571,40.052297],[-75.143568,40.052116],[-75.143607,40.051825],[-75.143841,40.050771],[-75.149564,40.051507],[-75.149672,40.051471],[-75.149774,40.05137],[-75.150142,40.051578],[-75.155554,40.054074]]],"type":"Polygon"},"properties":{"2013_population_estimate":7518,"aland":"644274","awater":"0","geoid":"14000US42101026700","name":"Census Tract 267, Philadelphia, PA"},"type":"Feature"},{"geometry":{"coordinates":[[[-75.143718,40.051301],[-75.143607,40.051825],[-75.143571,40.052297],[-75.143189,40.05381],[-75.140897,40.064239],[-75.139365,40.06332],[-75.136948,40.061935],[-75.135124,40.060989],[-75.13619,40.059264],[-75.136631,40.059187],[-75.136898,40.059071],[-75.137025,40.058773],[-75.136864,40.058667],[-75.136585,40.058566],[-75.139107,40.047011],[-75.142858,40.047488],[-75.142164,40.050556],[-75.143841,40.050771],[-75.143718,40.051301]]],"type":"Polygon"},"properties":{"2013_population_estimate":4308,"aland":"774267","awater":"0","geoid":"14000US42101026800","name":"Census Tract 268, Philadelphia, PA"},"type":"Feature"},{"geometry":{"coordinates":[[[-75.137394,40.054862],[-75.136585,40.058566],[-75.136864,40.058667],[-75.137025,40.058773],[-75.136898,40.059071],[-75.136631,40.059187],[-75.13619,40.059264],[-75.135124,40.060989],[-75.134087,40.060337],[-75.13253,40.059299],[-75.129021,40.057091],[-75.12632,40.055481],[-75.126617,40.054218],[-75.126791,40.053313],[-75.127143,40.051748],[-75.129117,40.051982],[-75.137767,40.053112],[-75.137394,40.054862]]],"type":"Polygon"},"properties":{"2013_population_estimate":2431,"aland":"614685","awater":"0","geoid":"14000US42101026900","name":"Census Tract 269, Philadelphia, PA"},"type":"Feature"},{"geometry":{"coordinates":[[[-75.138759,40.048558],[-75.137767,40.053112],[-75.129117,40.051982],[-75.127143,40.051748],[-75.127359,40.050835],[-75.127746,40.048923],[-75.128495,40.045626],[-75.130469,40.045894],[-75.131283,40.045984],[-75.13566,40.046174],[-75.136019,40.046229],[-75.136352,40.046546],[-75.136743,40.046695],[-75.139107,40.047011],[-75.138759,40.048558]]],"type":"Polygon"},"properties":{"2013_population_estimate":2688,"aland":"642216","awater":"0","geoid":"14000US42101027000","name":"Census Tract 270, Philadelphia, PA"},"type":"Feature"},{"geometry":{"coordinates":[[[-75.128335,40.046386],[-75.127746,40.048923],[-75.127359,40.050835],[-75.126791,40.053313],[-75.126617,40.054218],[-75.12632,40.055481],[-75.124619,40.05452],[-75.122147,40.053177],[-75.122286,40.052616],[-75.122516,40.051125],[-75.122776,40.049613],[-75.123431,40.04604],[-75.123566,40.044993],[-75.128495,40.045626],[-75.128335,40.046386]]],"type":"Polygon"},"properties":{"2013_population_estimate":2609,"aland":"372281","awater":"39344","geoid":"14000US42101027100","name":"Census Tract 271, Philadelphia, PA"},"type":"Feature"},{"geometry":{"coordinates":[[[-75.123501,40.045546],[-75.123339,40.046564],[-75.122516,40.051125],[-75.122286,40.052616],[-75.122147,40.053177],[-75.115036,40.049118],[-75.110985,40.046769],[-75.111082,40.046719],[-75.111137,40.046622],[-75.111198,40.046459],[-75.111218,40.046235],[-75.111266,40.046135],[-75.111195,40.046043],[-75.111194,40.04579],[-75.111116,40.045171],[-75.110978,40.04466],[-75.111005,40.044484],[-75.111061,40.044346],[-75.111212,40.044199],[-75.111754,40.043827],[-75.111887,40.043683],[-75.111963,40.04364],[-75.112064,40.04367],[-75.11225,40.043419],[-75.112319,40.043276],[-75.11307,40.043971],[-75.113238,40.043204],[-75.113544,40.042711],[-75.113772,40.042902],[-75.113831,40.043076],[-75.113796,40.043285],[-75.113833,40.043483],[-75.113948,40.043584],[-75.114119,40.043644],[-75.114811,40.043709],[-75.115308,40.043804],[-75.115942,40.043966],[-75.116936,40.044145],[-75.123566,40.044993],[-75.123501,40.045546]]],"type":"Polygon"},"properties":{"2013_population_estimate":4782,"aland":"679047","awater":"408","geoid":"14000US42101027200","name":"Census Tract 272, Philadelphia, PA"},"type":"Feature"},{"geometry":{"coordinates":[[[-75.124165,40.032607],[-75.12386,40.035562],[-75.123818,40.036219],[-75.123686,40.037144],[-75.123535,40.038719],[-75.122078,40.041664],[-75.121432,40.044731],[-75.116936,40.044145],[-75.115942,40.043966],[-75.114811,40.043709],[-75.114119,40.043644],[-75.113948,40.043584],[-75.113833,40.043483],[-75.113796,40.043285],[-75.113831,40.043076],[-75.113772,40.042902],[-75.113544,40.042711],[-75.113238,40.043204],[-75.11307,40.043971],[-75.112319,40.043276],[-75.112778,40.042119],[-75.113443,40.041507],[-75.114047,40.040428],[-75.114509,40.039925],[-75.11455,40.039747],[-75.11449,40.039413],[-75.114335,40.039065],[-75.114269,40.038975],[-75.114236,40.038723],[-75.114131,40.038471],[-75.114114,40.038178],[-75.113854,40.037292],[-75.113326,40.036625],[-75.113156,40.036507],[-75.116083,40.033037],[-75.119246,40.033435],[-75.120698,40.03365],[-75.121711,40.03347],[-75.121964,40.03373],[-75.12275,40.033208],[-75.123301,40.032894],[-75.124167,40.032575],[-75.124165,40.032607]]],"type":"Polygon"},"properties":{"2013_population_estimate":5601,"aland":"938006","awater":"6986","geoid":"14000US42101027300","name":"Census Tract 273, Philadelphia, PA"},"type":"Feature"},{"geometry":{"coordinates":[[[-75.131162,40.033392],[-75.130518,40.036437],[-75.130162,40.037988],[-75.12916,40.04257],[-75.129061,40.043094],[-75.128495,40.045626],[-75.126639,40.045392],[-75.127317,40.04232],[-75.126311,40.042203],[-75.128428,40.032472],[-75.13129,40.032818],[-75.131162,40.033392]]],"type":"Polygon"},"properties":{"2013_population_estimate":3223,"aland":"326659","awater":"0","geoid":"14000US42101027401","name":"Census Tract 274.01, Philadelphia, PA"},"type":"Feature"},{"geometry":{"coordinates":[[[-75.128311,40.033016],[-75.126311,40.042203],[-75.127317,40.04232],[-75.126639,40.045392],[-75.121432,40.044731],[-75.122078,40.041664],[-75.123535,40.038719],[-75.123686,40.037144],[-75.123818,40.036219],[-75.12386,40.035562],[-75.123951,40.034847],[-75.124167,40.032575],[-75.124535,40.032439],[-75.124859,40.032356],[-75.125537,40.032281],[-75.126565,40.032294],[-75.127586,40.032373],[-75.128428,40.032472],[-75.128311,40.033016]]],"type":"Polygon"},"properties":{"2013_population_estimate":7055,"aland":"511360","awater":"0","geoid":"14000US42101027402","name":"Census Tract 274.02, Philadelphia, PA"},"type":"Feature"},{"geometry":{"coordinates":[[[-75.135113,40.039074],[-75.134899,40.040179],[-75.134732,40.0421],[-75.134724,40.046134],[-75.131283,40.045984],[-75.128495,40.045626],[-75.130518,40.036437],[-75.13129,40.032818],[-75.135042,40.033284],[-75.13491,40.036045],[-75.134818,40.036987],[-75.134472,40.038514],[-75.135257,40.03864],[-75.135113,40.039074]]],"type":"Polygon"},"properties":{"2013_population_estimate":4667,"aland":"611452","awater":"0","geoid":"14000US42101027500","name":"Census Tract 275, Philadelphia, PA"},"type":"Feature"},{"geometry":{"coordinates":[[[-75.144444,40.040514],[-75.144193,40.041474],[-75.143868,40.042901],[-75.143103,40.046472],[-75.142858,40.047488],[-75.136743,40.046695],[-75.136352,40.046546],[-75.136019,40.046229],[-75.13566,40.046174],[-75.134724,40.046134],[-75.13472,40.042626],[-75.13475,40.041837],[-75.134899,40.040179],[-75.134967,40.039756],[-75.135113,40.039074],[-75.135257,40.03864],[-75.135737,40.038681],[-75.138046,40.039006],[-75.144571,40.039836],[-75.144444,40.040514]]],"type":"Polygon"},"properties":{"2013_population_estimate":4066,"aland":"658885","awater":"0","geoid":"14000US42101027600","name":"Census Tract 276, Philadelphia, PA"},"type":"Feature"},{"geometry":{"coordinates":[[[-75.157949,40.049217],[-75.157618,40.054262],[-75.157538,40.054876],[-75.157557,40.055034],[-75.155554,40.054074],[-75.150142,40.051578],[-75.149774,40.05137],[-75.149672,40.051471],[-75.149564,40.051507],[-75.142164,40.050556],[-75.142858,40.047488],[-75.144959,40.04868],[-75.14532,40.048113],[-75.145436,40.047826],[-75.153134,40.048809],[-75.153235,40.048842],[-75.157958,40.049025],[-75.157949,40.049217]]],"type":"Polygon"},"properties":{"2013_population_estimate":5197,"aland":"543126","awater":"0","geoid":"14000US42101027700","name":"Census Tract 277, Philadelphia, PA"},"type":"Feature"},{"geometry":{"coordinates":[[[-75.151435,40.040866],[-75.151162,40.041311],[-75.151017,40.041481],[-75.150854,40.041639],[-75.150564,40.041835],[-75.150336,40.042028],[-75.150205,40.042182],[-75.150102,40.042374],[-75.150039,40.042551],[-75.149639,40.044359],[-75.149596,40.044697],[-75.149591,40.04483],[-75.149649,40.044987],[-75.150829,40.046537],[-75.150967,40.046767],[-75.151032,40.04695],[-75.151083,40.04712],[-75.151045,40.047472],[-75.15082,40.048518],[-75.145436,40.047826],[-75.14532,40.048113],[-75.144959,40.04868],[-75.142858,40.047488],[-75.143103,40.046472],[-75.143868,40.042901],[-75.144193,40.041474],[-75.144444,40.040514],[-75.145554,40.035262],[-75.149859,40.035827],[-75.14946,40.036262],[-75.149302,40.036532],[-75.149184,40.036864],[-75.149131,40.037202],[-75.149126,40.037464],[-75.149174,40.03777],[-75.149427,40.038308],[-75.149988,40.038971],[-75.151505,40.040612],[-75.151435,40.040866]]],"type":"Polygon"},"properties":{"2013_population_estimate":5082,"aland":"724987","awater":"0","geoid":"14000US42101027800","name":"Census Tract 278, Philadelphia, PA"},"type":"Feature"},{"geometry":{"coordinates":[[[-75.158285,40.043341],[-75.158217,40.045076],[-75.157958,40.049025],[-75.153235,40.048842],[-75.153134,40.048809],[-75.15082,40.048518],[-75.150981,40.047814],[-75.151045,40.047472],[-75.151083,40.04712],[-75.150967,40.046767],[-75.150829,40.046537],[-75.149938,40.045389],[-75.149649,40.044987],[-75.149591,40.04483],[-75.149596,40.044697],[-75.149639,40.044359],[-75.149796,40.043673],[-75.149921,40.043695],[-75.152081,40.043608],[-75.153883,40.043659],[-75.153946,40.042752],[-75.158306,40.042861],[-75.158285,40.043341]]],"type":"Polygon"},"properties":{"2013_population_estimate":3256,"aland":"415780","awater":"0","geoid":"14000US42101027901","name":"Census Tract 279.01, Philadelphia, PA"},"type":"Feature"},{"geometry":{"coordinates":[[[-75.159151,40.035575],[-75.158363,40.036346],[-75.158452,40.038539],[-75.158403,40.040736],[-75.158306,40.042861],[-75.153946,40.042752],[-75.153883,40.043659],[-75.152081,40.043608],[-75.149921,40.043695],[-75.149796,40.043673],[-75.150039,40.042551],[-75.150205,40.042182],[-75.150482,40.041901],[-75.150854,40.041639],[-75.151162,40.041311],[-75.151435,40.040866],[-75.151505,40.040612],[-75.149988,40.038971],[-75.149427,40.038308],[-75.149174,40.03777],[-75.149126,40.037464],[-75.149131,40.037202],[-75.149184,40.036864],[-75.149302,40.036532],[-75.14946,40.036262],[-75.150402,40.035201],[-75.150572,40.034938],[-75.150703,40.03462],[-75.150761,40.034297],[-75.150764,40.033933],[-75.150807,40.033508],[-75.150989,40.033032],[-75.151132,40.03278],[-75.151272,40.032579],[-75.152369,40.031387],[-75.153695,40.031556],[-75.154034,40.031564],[-75.154443,40.03152],[-75.157976,40.030828],[-75.158124,40.030825],[-75.157756,40.031192],[-75.157634,40.031409],[-75.157616,40.031514],[-75.15764,40.033206],[-75.157934,40.03379],[-75.159601,40.035137],[-75.159151,40.035575]]],"type":"Polygon"},"properties":{"2013_population_estimate":4912,"aland":"889786","awater":"0","geoid":"14000US42101027902","name":"Census Tract 279.02, Philadelphia, PA"},"type":"Feature"},{"geometry":{"coordinates":[[[-75.159507,40.023982],[-75.159465,40.024106],[-75.159412,40.02474],[-75.159033,40.030316],[-75.158124,40.030825],[-75.157976,40.030828],[-75.154443,40.03152],[-75.154034,40.031564],[-75.153695,40.031556],[-75.152369,40.031387],[-75.152776,40.030947],[-75.152944,40.030717],[-75.153146,40.030357],[-75.153282,40.029955],[-75.151857,40.028044],[-75.151263,40.027186],[-75.150781,40.026565],[-75.148418,40.023123],[-75.148245,40.022959],[-75.148567,40.021476],[-75.157303,40.022607],[-75.159035,40.0228],[-75.159551,40.023925],[-75.159507,40.023982]]],"type":"Polygon"},"properties":{"2013_population_estimate":4212,"aland":"718347","awater":"0","geoid":"14000US42101028000","name":"Census Tract 280, Philadelphia, PA"},"type":"Feature"},{"geometry":{"coordinates":[[[-75.153241,40.030106],[-75.153146,40.030357],[-75.15303,40.030582],[-75.152776,40.030947],[-75.151272,40.032579],[-75.151132,40.03278],[-75.150989,40.033032],[-75.150807,40.033508],[-75.150764,40.033933],[-75.150761,40.034297],[-75.150703,40.03462],[-75.150572,40.034938],[-75.150402,40.035201],[-75.149859,40.035827],[-75.145554,40.035262],[-75.146518,40.030865],[-75.146826,40.029602],[-75.147218,40.027644],[-75.148245,40.022959],[-75.148418,40.023123],[-75.150781,40.026565],[-75.151263,40.027186],[-75.151857,40.028044],[-75.153282,40.029955],[-75.153241,40.030106]]],"type":"Polygon"},"properties":{"2013_population_estimate":3976,"aland":"503541","awater":"0","geoid":"14000US42101028100","name":"Census Tract 281, Philadelphia, PA"},"type":"Feature"},{"geometry":{"coordinates":[[[-75.146826,40.029602],[-75.146227,40.032185],[-75.144571,40.039836],[-75.138046,40.039006],[-75.134472,40.038514],[-75.134818,40.036987],[-75.13491,40.036045],[-75.135042,40.033284],[-75.135045,40.032328],[-75.135212,40.030472],[-75.13506,40.02915],[-75.137091,40.029412],[-75.136757,40.030964],[-75.142304,40.031676],[-75.142401,40.031706],[-75.142471,40.031766],[-75.145372,40.030225],[-75.14685,40.029481],[-75.146826,40.029602]]],"type":"Polygon"},"properties":{"2013_population_estimate":4893,"aland":"855786","awater":"0","geoid":"14000US42101028200","name":"Census Tract 282, Philadelphia, PA"},"type":"Feature"},{"geometry":{"coordinates":[[[-75.148245,40.022959],[-75.147218,40.027644],[-75.14685,40.029481],[-75.146,40.029928],[-75.145372,40.030225],[-75.142471,40.031766],[-75.142401,40.031706],[-75.142304,40.031676],[-75.139304,40.031288],[-75.140638,40.025262],[-75.141589,40.020811],[-75.141682,40.020747],[-75.142027,40.020635],[-75.148567,40.021476],[-75.148245,40.022959]]],"type":"Polygon"},"properties":{"2013_population_estimate":6545,"aland":"673069","awater":"0","geoid":"14000US42101028300","name":"Census Tract 283, Philadelphia, PA"},"type":"Feature"},{"geometry":{"coordinates":[[[-75.141589,40.020811],[-75.140638,40.025262],[-75.139304,40.031288],[-75.136757,40.030964],[-75.137091,40.029412],[-75.13506,40.02915],[-75.135143,40.029051],[-75.135334,40.027632],[-75.13526,40.02681],[-75.135186,40.026399],[-75.135096,40.026079],[-75.135724,40.023602],[-75.135657,40.023275],[-75.135818,40.020645],[-75.136561,40.020727],[-75.13674,40.019958],[-75.140852,40.020485],[-75.14126,40.020456],[-75.141589,40.020811]]],"type":"Polygon"},"properties":{"2013_population_estimate":3633,"aland":"492492","awater":"0","geoid":"14000US42101028400","name":"Census Tract 284, Philadelphia, PA"},"type":"Feature"},{"geometry":{"coordinates":[[[-75.135724,40.023602],[-75.135096,40.026079],[-75.135186,40.026399],[-75.13526,40.02681],[-75.135334,40.027632],[-75.135143,40.029051],[-75.13506,40.02915],[-75.135212,40.030472],[-75.135144,40.031362],[-75.135045,40.032328],[-75.135042,40.033284],[-75.13129,40.032818],[-75.131507,40.031867],[-75.131829,40.030321],[-75.133207,40.024144],[-75.134284,40.023924],[-75.135724,40.023602]]],"type":"Polygon"},"properties":{"2013_population_estimate":2625,"aland":"258296","awater":"0","geoid":"14000US42101028500","name":"Census Tract 285, Philadelphia, PA"},"type":"Feature"},{"geometry":{"coordinates":[[[-75.133167,40.024299],[-75.13129,40.032818],[-75.127248,40.03234],[-75.126222,40.032282],[-75.125537,40.032281],[-75.124859,40.032356],[-75.124535,40.032439],[-75.1236,40.032771],[-75.123301,40.032894],[-75.12302,40.033045],[-75.121964,40.03373],[-75.121711,40.03347],[-75.121956,40.032719],[-75.122166,40.03186],[-75.122389,40.030707],[-75.12342,40.02593],[-75.128126,40.025222],[-75.133207,40.024144],[-75.133167,40.024299]]],"type":"Polygon"},"properties":{"2013_population_estimate":6980,"aland":"666562","awater":"0","geoid":"14000US42101028600","name":"Census Tract 286, Philadelphia, PA"},"type":"Feature"},{"geometry":{"coordinates":[[[-75.135683,40.022952],[-75.135657,40.023275],[-75.135724,40.023602],[-75.134284,40.023924],[-75.128126,40.025222],[-75.125387,40.025647],[-75.125488,40.025033],[-75.127217,40.024779],[-75.127922,40.021979],[-75.128883,40.018945],[-75.135434,40.019782],[-75.135267,40.020537],[-75.135818,40.020645],[-75.135683,40.022952]]],"type":"Polygon"},"properties":{"2013_population_estimate":2775,"aland":"384526","awater":"0","geoid":"14000US42101028700","name":"Census Tract 287, Philadelphia, PA"},"type":"Feature"},{"geometry":{"coordinates":[[[-75.128883,40.018945],[-75.127922,40.021979],[-75.127217,40.024779],[-75.125488,40.025033],[-75.125387,40.025647],[-75.121843,40.026155],[-75.122279,40.02565],[-75.119735,40.026017],[-75.119446,40.025922],[-75.120136,40.022627],[-75.120481,40.02109],[-75.12073,40.019469],[-75.122752,40.019722],[-75.122852,40.019232],[-75.123305,40.01944],[-75.123347,40.019384],[-75.123584,40.019386],[-75.12375,40.019322],[-75.123864,40.01922],[-75.123923,40.019128],[-75.123945,40.01903],[-75.123958,40.018873],[-75.123921,40.018414],[-75.123943,40.018262],[-75.124003,40.018098],[-75.12413,40.017902],[-75.124327,40.017822],[-75.124468,40.017811],[-75.124556,40.017826],[-75.125007,40.018077],[-75.125092,40.018105],[-75.125023,40.018435],[-75.128883,40.018945]]],"type":"Polygon"},"properties":{"2013_population_estimate":4662,"aland":"492828","awater":"0","geoid":"14000US42101028800","name":"Census Tract 288, Philadelphia, PA"},"type":"Feature"},{"geometry":{"coordinates":[[[-75.120481,40.02109],[-75.120136,40.022627],[-75.116106,40.022109],[-75.116243,40.020558],[-75.112217,40.020056],[-75.113951,40.018603],[-75.108678,40.017942],[-75.109024,40.016286],[-75.11136,40.015867],[-75.112161,40.012085],[-75.119439,40.013026],[-75.117571,40.015582],[-75.117475,40.015783],[-75.117777,40.015925],[-75.11751,40.019054],[-75.12073,40.019469],[-75.120481,40.02109]]],"type":"Polygon"},"properties":{"2013_population_estimate":4015,"aland":"611259","awater":"0","geoid":"14000US42101028901","name":"Census Tract 289.01, Philadelphia, PA"},"type":"Feature"},{"geometry":{"coordinates":[[[-75.121987,40.02599],[-75.121843,40.026155],[-75.11288,40.027457],[-75.112752,40.026361],[-75.112715,40.026196],[-75.112628,40.026055],[-75.112532,40.025954],[-75.112198,40.025812],[-75.111508,40.025643],[-75.111403,40.025561],[-75.111352,40.025446],[-75.111403,40.025076],[-75.111563,40.024651],[-75.111549,40.024504],[-75.111393,40.023914],[-75.111348,40.023567],[-75.111032,40.023036],[-75.110936,40.022606],[-75.110717,40.022419],[-75.110383,40.022323],[-75.109435,40.022151],[-75.108773,40.022245],[-75.10859,40.022314],[-75.108201,40.022579],[-75.108092,40.022693],[-75.10811,40.022913],[-75.108073,40.022981],[-75.107762,40.023119],[-75.107223,40.023219],[-75.106903,40.023366],[-75.106615,40.023297],[-75.106089,40.022968],[-75.105627,40.022968],[-75.10543,40.023013],[-75.105311,40.023096],[-75.10522,40.023201],[-75.105147,40.023489],[-75.105078,40.023567],[-75.104913,40.023626],[-75.104744,40.023594],[-75.104397,40.023434],[-75.104255,40.023338],[-75.104154,40.023187],[-75.104141,40.023064],[-75.104182,40.022927],[-75.104017,40.022703],[-75.103624,40.022346],[-75.10318,40.021267],[-75.103167,40.021001],[-75.103361,40.020846],[-75.103418,40.020754],[-75.103447,40.020615],[-75.103552,40.020441],[-75.103743,40.019524],[-75.103866,40.019419],[-75.104086,40.019346],[-75.10517,40.019323],[-75.105366,40.019259],[-75.10551,40.0192],[-75.105697,40.018907],[-75.105948,40.018708],[-75.10676,40.018403],[-75.107158,40.018214],[-75.107422,40.017849],[-75.107526,40.017476],[-75.107518,40.017222],[-75.107458,40.017022],[-75.107349,40.016866],[-75.107152,40.016728],[-75.107599,40.016489],[-75.107784,40.016526],[-75.109024,40.016286],[-75.108678,40.017942],[-75.113951,40.018603],[-75.112217,40.020056],[-75.116243,40.020558],[-75.116106,40.022109],[-75.120136,40.022627],[-75.119446,40.025922],[-75.119735,40.026017],[-75.122279,40.02565],[-75.121987,40.02599]]],"type":"Polygon"},"properties":{"2013_population_estimate":6431,"aland":"810472","awater":"17644","geoid":"14000US42101028902","name":"Census Tract 289.02, Philadelphia, PA"},"type":"Feature"},{"geometry":{"coordinates":[[[-75.123268,40.026591],[-75.122389,40.030707],[-75.122166,40.03186],[-75.121956,40.032719],[-75.121711,40.03347],[-75.120698,40.03365],[-75.119246,40.033435],[-75.116083,40.033037],[-75.113156,40.036507],[-75.112944,40.036373],[-75.112521,40.035942],[-75.112345,40.035727],[-75.112258,40.035488],[-75.111954,40.03487],[-75.111423,40.034502],[-75.111196,40.034263],[-75.111093,40.033989],[-75.111135,40.033975],[-75.111144,40.03393],[-75.110905,40.033557],[-75.11083,40.033496],[-75.110821,40.033539],[-75.110749,40.033321],[-75.110735,40.033115],[-75.110872,40.032777],[-75.110872,40.032589],[-75.110996,40.032132],[-75.111046,40.031583],[-75.111165,40.03092],[-75.111096,40.030125],[-75.111055,40.029955],[-75.1109,40.029603],[-75.1109,40.02937],[-75.111014,40.028904],[-75.111114,40.028725],[-75.111416,40.028309],[-75.111677,40.028067],[-75.11181,40.027998],[-75.112089,40.027998],[-75.112308,40.027948],[-75.112436,40.028016],[-75.112473,40.027911],[-75.112846,40.027734],[-75.112884,40.027605],[-75.11288,40.027457],[-75.118288,40.026657],[-75.12342,40.02593],[-75.123268,40.026591]]],"type":"Polygon"},"properties":{"2013_population_estimate":8182,"aland":"773393","awater":"9535","geoid":"14000US42101029000","name":"Census Tract 290, Philadelphia, PA"},"type":"Feature"},{"geometry":{"coordinates":[[[-75.11455,40.039747],[-75.114509,40.039925],[-75.114047,40.040428],[-75.113443,40.041507],[-75.112778,40.042119],[-75.112319,40.043276],[-75.112064,40.04367],[-75.111963,40.04364],[-75.111887,40.043683],[-75.111754,40.043827],[-75.111212,40.044199],[-75.111061,40.044346],[-75.110978,40.04466],[-75.111116,40.045171],[-75.111195,40.046043],[-75.111266,40.046135],[-75.111137,40.046622],[-75.111082,40.046719],[-75.110985,40.046769],[-75.109431,40.045874],[-75.110096,40.044359],[-75.111153,40.042187],[-75.110816,40.042346],[-75.110622,40.042635],[-75.110237,40.043038],[-75.109931,40.043198],[-75.103163,40.039196],[-75.101572,40.038293],[-75.098416,40.036101],[-75.104244,40.030261],[-75.104331,40.029981],[-75.106583,40.029303],[-75.111601,40.027698],[-75.11288,40.027457],[-75.112846,40.027734],[-75.112473,40.027911],[-75.112436,40.028016],[-75.112308,40.027948],[-75.112089,40.027998],[-75.11181,40.027998],[-75.111677,40.028067],[-75.111275,40.028487],[-75.111014,40.028904],[-75.1109,40.02937],[-75.1109,40.029603],[-75.111096,40.030125],[-75.111165,40.03092],[-75.111046,40.031583],[-75.110996,40.032132],[-75.110872,40.032589],[-75.110872,40.032777],[-75.110735,40.033115],[-75.110749,40.033321],[-75.110821,40.033539],[-75.11083,40.033496],[-75.110905,40.033557],[-75.111144,40.03393],[-75.111093,40.033989],[-75.111196,40.034263],[-75.111423,40.034502],[-75.111954,40.03487],[-75.112345,40.035727],[-75.112944,40.036373],[-75.113326,40.036625],[-75.113854,40.037292],[-75.114114,40.038178],[-75.114131,40.038471],[-75.114236,40.038723],[-75.114269,40.038975],[-75.11449,40.039413],[-75.11455,40.039747]]],"type":"Polygon"},"properties":{"2013_population_estimate":4316,"aland":"1316903","awater":"17180","geoid":"14000US42101029100","name":"Census Tract 291, Philadelphia, PA"},"type":"Feature"},{"geometry":{"coordinates":[[[-75.11288,40.027457],[-75.111601,40.027698],[-75.1046,40.029916],[-75.10379,40.030039],[-75.103228,40.030048],[-75.102198,40.029882],[-75.10128,40.029514],[-75.097318,40.026949],[-75.096405,40.026617],[-75.095738,40.026557],[-75.095236,40.02659],[-75.094563,40.026759],[-75.094142,40.026953],[-75.085502,40.031702],[-75.085381,40.031491],[-75.08508,40.031266],[-75.085354,40.031093],[-75.086997,40.029443],[-75.09377,40.022508],[-75.094151,40.02191],[-75.094192,40.021539],[-75.094374,40.021159],[-75.096744,40.01873],[-75.096962,40.018074],[-75.097012,40.017638],[-75.097041,40.01595],[-75.097781,40.016045],[-75.098486,40.016299],[-75.098803,40.016345],[-75.099532,40.016287],[-75.100665,40.01603],[-75.101992,40.016028],[-75.10257,40.015964],[-75.103767,40.016121],[-75.105029,40.016141],[-75.105324,40.016269],[-75.106097,40.016312],[-75.106916,40.016504],[-75.107349,40.016866],[-75.107518,40.017222],[-75.1075,40.017652],[-75.107324,40.018018],[-75.107158,40.018214],[-75.105948,40.018708],[-75.105697,40.018907],[-75.10551,40.0192],[-75.105366,40.019259],[-75.10517,40.019323],[-75.104086,40.019346],[-75.103866,40.019419],[-75.103743,40.019524],[-75.103552,40.020441],[-75.103418,40.020754],[-75.103167,40.021001],[-75.103153,40.021107],[-75.103624,40.022346],[-75.104017,40.022703],[-75.104182,40.022927],[-75.104154,40.023187],[-75.104255,40.023338],[-75.104557,40.023517],[-75.104913,40.023626],[-75.105147,40.023489],[-75.10522,40.023201],[-75.105311,40.023096],[-75.105627,40.022968],[-75.106089,40.022968],[-75.106615,40.023297],[-75.106903,40.023366],[-75.107223,40.023219],[-75.107762,40.023119],[-75.108073,40.022981],[-75.108092,40.022693],[-75.108201,40.022579],[-75.108773,40.022245],[-75.109435,40.022151],[-75.110717,40.022419],[-75.110936,40.022606],[-75.111032,40.023036],[-75.111348,40.023567],[-75.111549,40.024504],[-75.111563,40.024651],[-75.111403,40.025076],[-75.111352,40.025446],[-75.111508,40.025643],[-75.112198,40.025812],[-75.112532,40.025954],[-75.112628,40.026055],[-75.112752,40.026361],[-75.11288,40.027457]]],"type":"Polygon"},"properties":{"2013_population_estimate":4417,"aland":"1745920","awater":"28444","geoid":"14000US42101029200","name":"Census Tract 292, Philadelphia, PA"},"type":"Feature"},{"geometry":{"coordinates":[[[-75.09704,40.016018],[-75.097012,40.017638],[-75.096962,40.018074],[-75.096744,40.01873],[-75.095897,40.019604],[-75.09441,40.019534],[-75.085519,40.014787],[-75.087972,40.012103],[-75.089658,40.009466],[-75.090308,40.008385],[-75.090931,40.007442],[-75.091815,40.006007],[-75.092536,40.005378],[-75.092794,40.005643],[-75.092891,40.005804],[-75.092897,40.006095],[-75.092827,40.006289],[-75.092709,40.006435],[-75.0923,40.006817],[-75.092189,40.006969],[-75.092127,40.007184],[-75.092133,40.007344],[-75.092244,40.007559],[-75.092779,40.008149],[-75.094014,40.008899],[-75.094687,40.009267],[-75.094819,40.009406],[-75.095027,40.009773],[-75.095111,40.010162],[-75.095083,40.010308],[-75.094944,40.010544],[-75.094133,40.011724],[-75.093582,40.01258],[-75.093509,40.012767],[-75.093458,40.013039],[-75.093531,40.013395],[-75.093704,40.013718],[-75.094295,40.014659],[-75.0944,40.014785],[-75.094703,40.015052],[-75.095823,40.01575],[-75.096102,40.015878],[-75.096546,40.015966],[-75.096731,40.015977],[-75.097041,40.01595],[-75.09704,40.016018]]],"type":"Polygon"},"properties":{"2013_population_estimate":3563,"aland":"685583","awater":"9747","geoid":"14000US42101029300","name":"Census Tract 293, Philadelphia, PA"},"type":"Feature"},{"geometry":{"coordinates":[[[-75.092536,40.005378],[-75.091815,40.006007],[-75.090931,40.007442],[-75.090308,40.008385],[-75.089658,40.009466],[-75.087972,40.012103],[-75.085519,40.014787],[-75.0817,40.012736],[-75.078749,40.009878],[-75.078448,40.008586],[-75.084972,40.006971],[-75.085612,40.006784],[-75.08655,40.006463],[-75.087448,40.006079],[-75.088003,40.005772],[-75.089285,40.0049],[-75.090154,40.004148],[-75.091301,40.004538],[-75.091749,40.0047],[-75.091905,40.00478],[-75.092024,40.004845],[-75.092137,40.004942],[-75.092218,40.005077],[-75.092374,40.005195],[-75.092536,40.005378]]],"type":"Polygon"},"properties":{"2013_population_estimate":3841,"aland":"647650","awater":"2470","geoid":"14000US42101029400","name":"Census Tract 294, Philadelphia, PA"},"type":"Feature"},{"geometry":{"coordinates":[[[-75.073334,40.019709],[-75.069087,40.021904],[-75.068623,40.021514],[-75.061413,40.013284],[-75.061339,40.012764],[-75.069508,40.010798],[-75.070429,40.013167],[-75.072575,40.018868],[-75.073019,40.019255],[-75.073293,40.019529],[-75.07338,40.019654],[-75.073334,40.019709]]],"type":"Polygon"},"properties":{"2013_population_estimate":5299,"aland":"649154","awater":"0","geoid":"14000US42101029800","name":"Census Tract 298, Philadelphia, PA"},"type":"Feature"},{"geometry":{"coordinates":[[[-75.080857,40.011903],[-75.079046,40.013007],[-75.076093,40.016259],[-75.075839,40.016137],[-75.07402,40.018479],[-75.074354,40.018804],[-75.074136,40.019026],[-75.07338,40.019654],[-75.073293,40.019529],[-75.073019,40.019255],[-75.072575,40.018868],[-75.070429,40.013167],[-75.069508,40.010798],[-75.078448,40.008586],[-75.078612,40.009354],[-75.078749,40.009878],[-75.079279,40.010409],[-75.080857,40.011903]]],"type":"Polygon"},"properties":{"2013_population_estimate":4475,"aland":"591446","awater":"0","geoid":"14000US42101029900","name":"Census Tract 299, Philadelphia, PA"},"type":"Feature"},{"geometry":{"coordinates":[[[-75.085535,40.016175],[-75.080281,40.021866],[-75.079414,40.021387],[-75.079123,40.021705],[-75.078881,40.021881],[-75.075622,40.024074],[-75.073963,40.025073],[-75.073364,40.025369],[-75.073332,40.025289],[-75.070197,40.022724],[-75.069087,40.021904],[-75.073334,40.019709],[-75.074136,40.019026],[-75.074354,40.018804],[-75.07402,40.018479],[-75.075839,40.016137],[-75.076093,40.016259],[-75.079046,40.013007],[-75.080857,40.011903],[-75.0817,40.012736],[-75.086382,40.015257],[-75.085535,40.016175]]],"type":"Polygon"},"properties":{"2013_population_estimate":8294,"aland":"910853","awater":"0","geoid":"14000US42101030000","name":"Census Tract 300, Philadelphia, PA"},"type":"Feature"},{"geometry":{"coordinates":[[[-75.095897,40.019604],[-75.094374,40.021159],[-75.094192,40.021539],[-75.094161,40.021657],[-75.094151,40.02191],[-75.094038,40.022052],[-75.093941,40.02227],[-75.09377,40.022508],[-75.092729,40.023597],[-75.091663,40.024646],[-75.090563,40.025791],[-75.08945,40.02508],[-75.088337,40.024473],[-75.081309,40.02076],[-75.086382,40.015257],[-75.09441,40.019534],[-75.095897,40.019604]]],"type":"Polygon"},"properties":{"2013_population_estimate":6010,"aland":"725114","awater":"0","geoid":"14000US42101030100","name":"Census Tract 301, Philadelphia, PA"},"type":"Feature"},{"geometry":{"coordinates":[[[-75.090056,40.026307],[-75.085354,40.031093],[-75.08508,40.031266],[-75.084794,40.031223],[-75.08449,40.031292],[-75.084197,40.031438],[-75.077214,40.027491],[-75.075637,40.02708],[-75.075367,40.027038],[-75.073364,40.025369],[-75.073963,40.025073],[-75.075622,40.024074],[-75.078881,40.021881],[-75.079123,40.021705],[-75.079414,40.021387],[-75.080281,40.021866],[-75.081309,40.02076],[-75.088337,40.024473],[-75.08945,40.02508],[-75.090563,40.025791],[-75.090056,40.026307]]],"type":"Polygon"},"properties":{"2013_population_estimate":8013,"aland":"901714","awater":"0","geoid":"14000US42101030200","name":"Census Tract 302, Philadelphia, PA"},"type":"Feature"},{"geometry":{"coordinates":[[[-75.103955,40.040822],[-75.103518,40.041252],[-75.100374,40.044605],[-75.101105,40.045038],[-75.099564,40.046056],[-75.098936,40.046497],[-75.098245,40.046899],[-75.098017,40.047096],[-75.09697,40.046564],[-75.095999,40.046002],[-75.094175,40.045026],[-75.096603,40.042487],[-75.098474,40.040955],[-75.099595,40.039978],[-75.101179,40.038652],[-75.101572,40.038293],[-75.103163,40.039196],[-75.104633,40.040073],[-75.103955,40.040822]]],"type":"Polygon"},"properties":{"2013_population_estimate":4946,"aland":"377375","awater":"0","geoid":"14000US42101030501","name":"Census Tract 305.01, Philadelphia, PA"},"type":"Feature"},{"geometry":{"coordinates":[[[-75.111153,40.042187],[-75.110918,40.042626],[-75.110096,40.044359],[-75.109431,40.045874],[-75.109406,40.04584],[-75.109022,40.046641],[-75.10876,40.047063],[-75.108443,40.04753],[-75.108092,40.047982],[-75.107675,40.048399],[-75.106773,40.049194],[-75.106531,40.04938],[-75.10323,40.051355],[-75.103023,40.051088],[-75.102811,40.050867],[-75.10189,40.050065],[-75.100394,40.048691],[-75.099559,40.047973],[-75.098017,40.047096],[-75.098245,40.046899],[-75.098936,40.046497],[-75.099564,40.046056],[-75.101105,40.045038],[-75.100374,40.044605],[-75.103518,40.041252],[-75.103955,40.040822],[-75.104633,40.040073],[-75.109931,40.043198],[-75.110106,40.043124],[-75.110237,40.043038],[-75.110622,40.042635],[-75.110816,40.042346],[-75.110948,40.042257],[-75.111153,40.042187]]],"type":"Polygon"},"properties":{"2013_population_estimate":7267,"aland":"699364","awater":"0","geoid":"14000US42101030502","name":"Census Tract 305.02, Philadelphia, PA"},"type":"Feature"},{"geometry":{"coordinates":[[[-75.10323,40.051355],[-75.102171,40.051931],[-75.100303,40.053085],[-75.097484,40.054665],[-75.09536,40.055908],[-75.094056,40.056771],[-75.093504,40.057241],[-75.092807,40.056329],[-75.092635,40.055574],[-75.092524,40.055467],[-75.092575,40.055289],[-75.092228,40.053539],[-75.092131,40.053178],[-75.091988,40.053243],[-75.0918,40.053165],[-75.088344,40.051235],[-75.087804,40.051795],[-75.086338,40.050977],[-75.08609,40.050875],[-75.085989,40.050878],[-75.086165,40.050024],[-75.086975,40.048567],[-75.088312,40.045514],[-75.091859,40.047485],[-75.094175,40.045026],[-75.095999,40.046002],[-75.09697,40.046564],[-75.098017,40.047096],[-75.099559,40.047973],[-75.102811,40.050867],[-75.10323,40.051355]]],"type":"Polygon"},"properties":{"2013_population_estimate":7192,"aland":"1007764","awater":"0","geoid":"14000US42101030600","name":"Census Tract 306, Philadelphia, PA"},"type":"Feature"},{"geometry":{"coordinates":[[[-75.093644,40.057429],[-75.091385,40.059563],[-75.090416,40.060581],[-75.087425,40.063599],[-75.08699,40.063321],[-75.08478,40.062044],[-75.083525,40.06127],[-75.08498,40.058893],[-75.085311,40.058304],[-75.08566,40.057543],[-75.085765,40.056116],[-75.085847,40.05441],[-75.086674,40.053433],[-75.086733,40.053345],[-75.086795,40.053141],[-75.0868,40.052744],[-75.086608,40.05219],[-75.085989,40.050878],[-75.08609,40.050875],[-75.086338,40.050977],[-75.087804,40.051795],[-75.088344,40.051235],[-75.0918,40.053165],[-75.091988,40.053243],[-75.092131,40.053178],[-75.092228,40.053539],[-75.092575,40.055289],[-75.092572,40.055366],[-75.092524,40.055467],[-75.092635,40.055574],[-75.092807,40.056329],[-75.092989,40.056598],[-75.093644,40.057429]]],"type":"Polygon"},"properties":{"2013_population_estimate":4387,"aland":"655249","awater":"0","geoid":"14000US42101030700","name":"Census Tract 307, Philadelphia, PA"},"type":"Feature"},{"geometry":{"coordinates":[[[-75.086795,40.052905],[-75.086795,40.053141],[-75.086733,40.053345],[-75.085847,40.05441],[-75.085765,40.056116],[-75.08566,40.057543],[-75.085311,40.058304],[-75.08498,40.058893],[-75.083525,40.06127],[-75.077777,40.057925],[-75.076734,40.05735],[-75.075032,40.056359],[-75.081296,40.049721],[-75.082101,40.049047],[-75.082888,40.048197],[-75.086165,40.050024],[-75.085989,40.050878],[-75.086608,40.05219],[-75.0868,40.052744],[-75.086795,40.052905]]],"type":"Polygon"},"properties":{"2013_population_estimate":5338,"aland":"795704","awater":"0","geoid":"14000US42101030800","name":"Census Tract 308, Philadelphia, PA"},"type":"Feature"},{"geometry":{"coordinates":[[[-75.088975,40.044332],[-75.088312,40.045514],[-75.086975,40.048567],[-75.086587,40.049299],[-75.086165,40.050024],[-75.079188,40.046133],[-75.082674,40.04242],[-75.083569,40.040991],[-75.083955,40.040278],[-75.084412,40.039499],[-75.085589,40.038272],[-75.087579,40.036259],[-75.087852,40.036111],[-75.088091,40.03654],[-75.088709,40.03795],[-75.088731,40.038236],[-75.088566,40.039096],[-75.08838,40.039857],[-75.088237,40.040327],[-75.088197,40.040527],[-75.088184,40.040767],[-75.088209,40.041037],[-75.088402,40.041925],[-75.088978,40.044082],[-75.088975,40.044332]]],"type":"Polygon"},"properties":{"2013_population_estimate":4459,"aland":"644878","awater":"0","geoid":"14000US42101030900","name":"Census Tract 309, Philadelphia, PA"},"type":"Feature"},{"geometry":{"coordinates":[[[-75.08231,40.048832],[-75.082101,40.049047],[-75.081296,40.049721],[-75.075032,40.056359],[-75.066045,40.051181],[-75.067273,40.049972],[-75.073836,40.043174],[-75.082888,40.048197],[-75.08231,40.048832]]],"type":"Polygon"},"properties":{"2013_population_estimate":7860,"aland":"1063414","awater":"0","geoid":"14000US42101031000","name":"Census Tract 310, Philadelphia, PA"},"type":"Feature"},{"geometry":{"coordinates":[[[-75.082448,40.042646],[-75.081536,40.043645],[-75.079188,40.046133],[-75.074368,40.043453],[-75.073836,40.043174],[-75.075032,40.04194],[-75.075452,40.041477],[-75.076652,40.040257],[-75.077828,40.039001],[-75.07862,40.038205],[-75.080091,40.039042],[-75.082114,40.040147],[-75.080904,40.041432],[-75.082674,40.04242],[-75.082448,40.042646]]],"type":"Polygon"},"properties":{"2013_population_estimate":4551,"aland":"349649","awater":"0","geoid":"14000US42101031101","name":"Census Tract 311.01, Philadelphia, PA"},"type":"Feature"},{"geometry":{"coordinates":[[[-75.087852,40.036111],[-75.087579,40.036259],[-75.085589,40.038272],[-75.084412,40.039499],[-75.083955,40.040278],[-75.083569,40.040991],[-75.082674,40.04242],[-75.080904,40.041432],[-75.082114,40.040147],[-75.080091,40.039042],[-75.07862,40.038205],[-75.079158,40.037621],[-75.080248,40.036509],[-75.080981,40.035713],[-75.083371,40.033243],[-75.084018,40.032538],[-75.084273,40.032172],[-75.08451,40.032278],[-75.084832,40.032349],[-75.084906,40.03292],[-75.085313,40.033521],[-75.087159,40.03479],[-75.087257,40.035016],[-75.087607,40.035611],[-75.087852,40.036111]]],"type":"Polygon"},"properties":{"2013_population_estimate":4748,"aland":"398109","awater":"0","geoid":"14000US42101031102","name":"Census Tract 311.02, Philadelphia, PA"},"type":"Feature"},{"geometry":{"coordinates":[[[-75.084171,40.032312],[-75.084018,40.032538],[-75.082922,40.033722],[-75.080981,40.035713],[-75.080248,40.036509],[-75.077394,40.039464],[-75.074449,40.037782],[-75.07355,40.037298],[-75.070896,40.035802],[-75.07016,40.035425],[-75.084273,40.032172],[-75.084171,40.032312]]],"type":"Polygon"},"properties":{"2013_population_estimate":5125,"aland":"383593","awater":"0","geoid":"14000US42101031200","name":"Census Tract 312, Philadelphia, PA"},"type":"Feature"},{"geometry":{"coordinates":[[[-75.077001,40.039885],[-75.075452,40.041477],[-75.07325,40.043796],[-75.072645,40.044394],[-75.070346,40.043103],[-75.067663,40.041634],[-75.06558,40.040442],[-75.061544,40.038213],[-75.062129,40.037687],[-75.062434,40.03748],[-75.063057,40.03714],[-75.063503,40.03698],[-75.064495,40.036723],[-75.065301,40.036556],[-75.07016,40.035425],[-75.070896,40.035802],[-75.07355,40.037298],[-75.074449,40.037782],[-75.077394,40.039464],[-75.077001,40.039885]]],"type":"Polygon"},"properties":{"2013_population_estimate":7227,"aland":"688086","awater":"0","geoid":"14000US42101031300","name":"Census Tract 313, Philadelphia, PA"},"type":"Feature"},{"geometry":{"coordinates":[[[-75.07207,40.045024],[-75.070887,40.046218],[-75.067273,40.049972],[-75.066045,40.051181],[-75.063829,40.04993],[-75.063517,40.049764],[-75.063437,40.049751],[-75.061374,40.048585],[-75.06446,40.045522],[-75.061926,40.04411],[-75.062796,40.04321],[-75.063143,40.042901],[-75.06558,40.040442],[-75.067663,40.041634],[-75.070346,40.043103],[-75.072645,40.044394],[-75.07207,40.045024]]],"type":"Polygon"},"properties":{"2013_population_estimate":7461,"aland":"594849","awater":"0","geoid":"14000US42101031401","name":"Census Tract 314.01, Philadelphia, PA"},"type":"Feature"},{"geometry":{"coordinates":[[[-75.065243,40.040776],[-75.063143,40.042901],[-75.062796,40.04321],[-75.061926,40.04411],[-75.06446,40.045522],[-75.061374,40.048585],[-75.059937,40.047751],[-75.057725,40.04641],[-75.054646,40.044645],[-75.055183,40.044171],[-75.061544,40.038213],[-75.06558,40.040442],[-75.065243,40.040776]]],"type":"Polygon"},"properties":{"2013_population_estimate":6039,"aland":"521131","awater":"0","geoid":"14000US42101031402","name":"Census Tract 314.02, Philadelphia, PA"},"type":"Feature"},{"geometry":{"coordinates":[[[-75.053645,40.033896],[-75.051973,40.035672],[-75.053584,40.036574],[-75.049027,40.041412],[-75.04086,40.036757],[-75.042434,40.035961],[-75.046657,40.033726],[-75.048574,40.032982],[-75.050972,40.032324],[-75.053701,40.033844],[-75.053645,40.033896]]],"type":"Polygon"},"properties":{"2013_population_estimate":7479,"aland":"587249","awater":"0","geoid":"14000US42101031501","name":"Census Tract 315.01, Philadelphia, PA"},"type":"Feature"},{"geometry":{"coordinates":[[[-75.061544,40.038213],[-75.055183,40.044171],[-75.054646,40.044645],[-75.052228,40.043271],[-75.050643,40.042333],[-75.049027,40.041412],[-75.053584,40.036574],[-75.051973,40.035672],[-75.053701,40.033844],[-75.059867,40.037267],[-75.060927,40.037874],[-75.061043,40.037981],[-75.061382,40.038154],[-75.061544,40.038213]]],"type":"Polygon"},"properties":{"2013_population_estimate":3700,"aland":"621108","awater":"0","geoid":"14000US42101031502","name":"Census Tract 315.02, Philadelphia, PA"},"type":"Feature"},{"geometry":{"coordinates":[[[-75.064433,40.036738],[-75.063503,40.03698],[-75.063057,40.03714],[-75.062708,40.037317],[-75.062129,40.037687],[-75.061544,40.038213],[-75.061043,40.037981],[-75.060927,40.037874],[-75.059867,40.037267],[-75.050972,40.032324],[-75.053249,40.0317],[-75.053379,40.031647],[-75.0548,40.030642],[-75.056077,40.029455],[-75.056665,40.029059],[-75.056872,40.028943],[-75.058579,40.028225],[-75.05867,40.028144],[-75.059227,40.027909],[-75.062394,40.027444],[-75.062388,40.027701],[-75.062426,40.027979],[-75.062722,40.029351],[-75.062828,40.02941],[-75.062752,40.029489],[-75.063023,40.030778],[-75.063151,40.030956],[-75.064199,40.035863],[-75.064433,40.036738]]],"type":"Polygon"},"properties":{"2013_population_estimate":6236,"aland":"731130","awater":"0","geoid":"14000US42101031600","name":"Census Tract 316, Philadelphia, PA"},"type":"Feature"},{"geometry":{"coordinates":[[[-75.075488,40.027071],[-75.074325,40.028469],[-75.073042,40.031294],[-75.071631,40.033855],[-75.071225,40.03457],[-75.071097,40.034742],[-75.070806,40.03528],[-75.06882,40.035723],[-75.065301,40.036556],[-75.064433,40.036738],[-75.064199,40.035863],[-75.063151,40.030956],[-75.063023,40.030778],[-75.062752,40.029489],[-75.062828,40.02941],[-75.062722,40.029351],[-75.062426,40.027979],[-75.062388,40.027701],[-75.062394,40.027444],[-75.065403,40.027033],[-75.06709,40.026776],[-75.073364,40.025369],[-75.075367,40.027038],[-75.075488,40.027071]]],"type":"Polygon"},"properties":{"2013_population_estimate":6109,"aland":"889536","awater":"0","geoid":"14000US42101031700","name":"Census Tract 317, Philadelphia, PA"},"type":"Feature"},{"geometry":{"coordinates":[[[-75.084273,40.032172],[-75.072603,40.034859],[-75.070806,40.03528],[-75.071097,40.034742],[-75.071225,40.03457],[-75.071631,40.033855],[-75.073042,40.031294],[-75.074325,40.028469],[-75.075488,40.027071],[-75.075637,40.02708],[-75.077214,40.027491],[-75.084197,40.031438],[-75.084111,40.031618],[-75.084089,40.031826],[-75.084134,40.031964],[-75.084273,40.032172]]],"type":"Polygon"},"properties":{"2013_population_estimate":4086,"aland":"509349","awater":"0","geoid":"14000US42101031800","name":"Census Tract 318, Philadelphia, PA"},"type":"Feature"},{"geometry":{"coordinates":[[[-75.073364,40.025369],[-75.06709,40.026776],[-75.065403,40.027033],[-75.062394,40.027444],[-75.062419,40.027136],[-75.062238,40.026995],[-75.057513,40.021597],[-75.063546,40.018479],[-75.063669,40.018405],[-75.063809,40.018199],[-75.065113,40.017511],[-75.068623,40.021514],[-75.069087,40.021904],[-75.070197,40.022724],[-75.073332,40.025289],[-75.073364,40.025369]]],"type":"Polygon"},"properties":{"2013_population_estimate":5354,"aland":"773215","awater":"0","geoid":"14000US42101031900","name":"Census Tract 319, Philadelphia, PA"},"type":"Feature"},{"geometry":{"coordinates":[[[-75.062408,40.027271],[-75.062394,40.027444],[-75.059227,40.027909],[-75.05867,40.028144],[-75.058579,40.028225],[-75.056872,40.028943],[-75.056665,40.029059],[-75.056077,40.029455],[-75.0548,40.030642],[-75.053379,40.031647],[-75.053249,40.0317],[-75.050972,40.032324],[-75.047453,40.028294],[-75.054495,40.024648],[-75.053604,40.023615],[-75.057513,40.021597],[-75.062238,40.026995],[-75.062419,40.027136],[-75.062408,40.027271]]],"type":"Polygon"},"properties":{"2013_population_estimate":7873,"aland":"680731","awater":"0","geoid":"14000US42101032000","name":"Census Tract 320, Philadelphia, PA"},"type":"Feature"},{"geometry":{"coordinates":[[[-75.064787,40.01768],[-75.063809,40.018199],[-75.063669,40.018405],[-75.063546,40.018479],[-75.057513,40.021597],[-75.053404,40.016907],[-75.052816,40.016119],[-75.054545,40.015281],[-75.056007,40.014596],[-75.056898,40.014204],[-75.058452,40.01365],[-75.060668,40.01295],[-75.061339,40.012764],[-75.061413,40.013284],[-75.065113,40.017511],[-75.064787,40.01768]]],"type":"Polygon"},"properties":{"2013_population_estimate":3801,"aland":"552925","awater":"0","geoid":"14000US42101032100","name":"Census Tract 321, Philadelphia, PA"},"type":"Feature"},{"geometry":{"coordinates":[[[-75.057513,40.021597],[-75.053604,40.023615],[-75.054495,40.024648],[-75.051104,40.026407],[-75.045381,40.019868],[-75.052816,40.016119],[-75.053404,40.016907],[-75.057513,40.021597]]],"type":"Polygon"},"properties":{"2013_population_estimate":3302,"aland":"600044","awater":"0","geoid":"14000US42101032300","name":"Census Tract 323, Philadelphia, PA"},"type":"Feature"},{"geometry":{"coordinates":[[[-75.051104,40.026407],[-75.047453,40.028294],[-75.050972,40.032324],[-75.048574,40.032982],[-75.04677,40.033683],[-75.046705,40.033576],[-75.041037,40.027091],[-75.041036,40.026994],[-75.038625,40.024239],[-75.039995,40.02363],[-75.039452,40.022917],[-75.040499,40.022297],[-75.0416,40.021704],[-75.043506,40.020749],[-75.045381,40.019868],[-75.051104,40.026407]]],"type":"Polygon"},"properties":{"2013_population_estimate":6195,"aland":"839319","awater":"0","geoid":"14000US42101032500","name":"Census Tract 325, Philadelphia, PA"},"type":"Feature"},{"geometry":{"coordinates":[[[-75.04677,40.033683],[-75.042434,40.035961],[-75.04086,40.036757],[-75.040447,40.036539],[-75.04034,40.036458],[-75.040022,40.036079],[-75.035098,40.030042],[-75.032752,40.02705],[-75.036713,40.024586],[-75.039452,40.022917],[-75.039995,40.02363],[-75.038625,40.024239],[-75.041036,40.026994],[-75.041037,40.027091],[-75.046705,40.033576],[-75.04677,40.033683]]],"type":"Polygon"},"properties":{"2013_population_estimate":7012,"aland":"809320","awater":"0","geoid":"14000US42101032600","name":"Census Tract 326, Philadelphia, PA"},"type":"Feature"},{"geometry":{"coordinates":[[[-75.033427,40.039473],[-75.021852,40.043677],[-75.020499,40.043542],[-75.02059,40.043369],[-75.020638,40.043163],[-75.02072,40.0425],[-75.020955,40.041943],[-75.021555,40.040219],[-75.021666,40.040032],[-75.021858,40.039518],[-75.021963,40.039124],[-75.022088,40.038452],[-75.022122,40.038058],[-75.022098,40.037756],[-75.022036,40.037535],[-75.021632,40.036627],[-75.021339,40.036066],[-75.021296,40.035816],[-75.021291,40.035624],[-75.021354,40.035436],[-75.021906,40.03451],[-75.021949,40.034346],[-75.021949,40.034222],[-75.021891,40.034111],[-75.021725,40.033923],[-75.023381,40.032916],[-75.028413,40.029758],[-75.029706,40.030947],[-75.02798,40.031894],[-75.030663,40.034965],[-75.033427,40.039473]]],"type":"Polygon"},"properties":{"2013_population_estimate":3656,"aland":"922923","awater":"10049","geoid":"14000US42101032900","name":"Census Tract 329, Philadelphia, PA"},"type":"Feature"},{"geometry":{"coordinates":[[[-75.040667,40.036834],[-75.033427,40.039473],[-75.030663,40.034965],[-75.02798,40.031894],[-75.029706,40.030947],[-75.028413,40.029758],[-75.032752,40.02705],[-75.035098,40.030042],[-75.040022,40.036079],[-75.04034,40.036458],[-75.040447,40.036539],[-75.04086,40.036757],[-75.040667,40.036834]]],"type":"Polygon"},"properties":{"2013_population_estimate":10323,"aland":"733440","awater":"0","geoid":"14000US42101033000","name":"Census Tract 330, Philadelphia, PA"},"type":"Feature"},{"geometry":{"coordinates":[[[-75.045919,40.039643],[-75.045688,40.039727],[-75.043203,40.040324],[-75.034393,40.044379],[-75.031919,40.041201],[-75.03134,40.040236],[-75.04086,40.036757],[-75.045919,40.039643]]],"type":"Polygon"},"properties":{"2013_population_estimate":5402,"aland":"486948","awater":"0","geoid":"14000US42101033101","name":"Census Tract 331.01, Philadelphia, PA"},"type":"Feature"},{"geometry":{"coordinates":[[[-75.033824,40.04466],[-75.031636,40.04566],[-75.03154,40.045681],[-75.031606,40.045753],[-75.031776,40.046141],[-75.031838,40.046427],[-75.031852,40.046617],[-75.031843,40.046815],[-75.031781,40.047141],[-75.031712,40.047332],[-75.03163,40.047852],[-75.031284,40.047949],[-75.030858,40.048217],[-75.030489,40.048407],[-75.030144,40.048533],[-75.029671,40.048629],[-75.029363,40.048657],[-75.028894,40.048648],[-75.026224,40.048273],[-75.026037,40.048163],[-75.024322,40.048979],[-75.024284,40.048899],[-75.023007,40.049197],[-75.021343,40.048294],[-75.020489,40.04639],[-75.020606,40.045688],[-75.020973,40.04534],[-75.021331,40.04489],[-75.021563,40.044396],[-75.021717,40.043883],[-75.021752,40.043668],[-75.021852,40.043677],[-75.023884,40.042951],[-75.03134,40.040236],[-75.031919,40.041201],[-75.034393,40.044379],[-75.033824,40.04466]]],"type":"Polygon"},"properties":{"2013_population_estimate":3891,"aland":"719269","awater":"0","geoid":"14000US42101033102","name":"Census Tract 331.02, Philadelphia, PA"},"type":"Feature"},{"geometry":{"coordinates":[[[-75.054646,40.044645],[-75.052455,40.046732],[-75.051723,40.047381],[-75.051881,40.047105],[-75.049377,40.046771],[-75.048813,40.04662],[-75.047775,40.046246],[-75.045269,40.046509],[-75.043694,40.047502],[-75.041323,40.047292],[-75.039255,40.045982],[-75.035997,40.044969],[-75.033824,40.04466],[-75.043203,40.040324],[-75.045688,40.039727],[-75.045919,40.039643],[-75.054646,40.044645]]],"type":"Polygon"},"properties":{"2013_population_estimate":3077,"aland":"842715","awater":"0","geoid":"14000US42101033200","name":"Census Tract 332, Philadelphia, PA"},"type":"Feature"},{"geometry":{"coordinates":[[[-75.051459,40.050753],[-75.051382,40.051584],[-75.051258,40.052074],[-75.050817,40.052907],[-75.050623,40.053153],[-75.049509,40.054324],[-75.044824,40.058994],[-75.044438,40.059462],[-75.04206,40.064722],[-75.041738,40.064658],[-75.03908,40.061669],[-75.038539,40.060858],[-75.038649,40.058406],[-75.038588,40.057694],[-75.038658,40.056708],[-75.038719,40.056435],[-75.040002,40.054412],[-75.040059,40.054079],[-75.039996,40.053615],[-75.040052,40.053432],[-75.040247,40.053158],[-75.041515,40.051762],[-75.041498,40.051024],[-75.04153,40.050819],[-75.041627,40.050579],[-75.041778,40.050361],[-75.041934,40.050201],[-75.042279,40.049992],[-75.047028,40.048113],[-75.047372,40.048039],[-75.04796,40.048016],[-75.048234,40.048045],[-75.048748,40.048208],[-75.050461,40.049201],[-75.050753,40.049076],[-75.051057,40.049022],[-75.050943,40.050215],[-75.051291,40.050342],[-75.051496,40.050459],[-75.051459,40.050753]]],"type":"Polygon"},"properties":{"2013_population_estimate":3730,"aland":"1073385","awater":"0","geoid":"14000US42101033300","name":"Census Tract 333, Philadelphia, PA"},"type":"Feature"},{"geometry":{"coordinates":[[[-75.060344,40.051316],[-75.052408,40.059739],[-75.052007,40.060064],[-75.051917,40.060424],[-75.051677,40.063082],[-75.046303,40.060037],[-75.044991,40.059372],[-75.044634,40.059344],[-75.044507,40.059365],[-75.044824,40.058994],[-75.049509,40.054324],[-75.050348,40.053465],[-75.050817,40.052907],[-75.051258,40.052074],[-75.051382,40.051584],[-75.051685,40.048206],[-75.051797,40.04777],[-75.05195,40.047436],[-75.052255,40.046953],[-75.052455,40.046732],[-75.054646,40.044645],[-75.057725,40.04641],[-75.059937,40.047751],[-75.058284,40.049688],[-75.060654,40.050999],[-75.060344,40.051316]]],"type":"Polygon"},"properties":{"2013_population_estimate":5457,"aland":"1136240","awater":"0","geoid":"14000US42101033400","name":"Census Tract 334, Philadelphia, PA"},"type":"Feature"},{"geometry":{"coordinates":[[[-75.071592,40.057104],[-75.068765,40.060047],[-75.068074,40.060824],[-75.066303,40.059812],[-75.060891,40.056823],[-75.058902,40.055757],[-75.058683,40.055616],[-75.058629,40.055544],[-75.057125,40.054722],[-75.060654,40.050999],[-75.058284,40.049688],[-75.059937,40.047751],[-75.063437,40.049751],[-75.063576,40.049792],[-75.065755,40.051008],[-75.073256,40.05533],[-75.071592,40.057104]]],"type":"Polygon"},"properties":{"2013_population_estimate":4077,"aland":"943012","awater":"0","geoid":"14000US42101033500","name":"Census Tract 335, Philadelphia, PA"},"type":"Feature"},{"geometry":{"coordinates":[[[-75.068074,40.060824],[-75.066924,40.06207],[-75.066481,40.062477],[-75.062174,40.067059],[-75.061118,40.068122],[-75.059221,40.067297],[-75.057477,40.066268],[-75.055477,40.065149],[-75.051677,40.063082],[-75.051859,40.061295],[-75.051917,40.060424],[-75.052007,40.060064],[-75.052408,40.059739],[-75.057125,40.054722],[-75.058629,40.055544],[-75.058683,40.055616],[-75.058902,40.055757],[-75.060891,40.056823],[-75.066303,40.059812],[-75.068074,40.060824]]],"type":"Polygon"},"properties":{"2013_population_estimate":6285,"aland":"1153470","awater":"0","geoid":"14000US42101033600","name":"Census Tract 336, Philadelphia, PA"},"type":"Feature"},{"geometry":{"coordinates":[[[-75.054818,40.065839],[-75.052315,40.068484],[-75.052123,40.068974],[-75.05202,40.069673],[-75.051875,40.069988],[-75.050462,40.071509],[-75.051719,40.072241],[-75.047467,40.076419],[-75.047188,40.076244],[-75.046911,40.076013],[-75.04608,40.075019],[-75.045793,40.075329],[-75.044151,40.073038],[-75.043955,40.072522],[-75.045101,40.069622],[-75.045884,40.069653],[-75.047381,40.070558],[-75.04781,40.070184],[-75.047959,40.069981],[-75.047762,40.069395],[-75.047114,40.068037],[-75.047279,40.067572],[-75.047354,40.067242],[-75.047963,40.066822],[-75.046589,40.065885],[-75.044675,40.06484],[-75.043197,40.06501],[-75.04206,40.064722],[-75.044389,40.059543],[-75.044507,40.059365],[-75.044634,40.059344],[-75.044991,40.059372],[-75.046303,40.060037],[-75.051859,40.063187],[-75.055477,40.065149],[-75.054818,40.065839]]],"type":"Polygon"},"properties":{"2013_population_estimate":6779,"aland":"971971","awater":"0","geoid":"14000US42101033701","name":"Census Tract 337.01, Philadelphia, PA"},"type":"Feature"},{"geometry":{"coordinates":[[[-75.069811,40.070862],[-75.068862,40.071845],[-75.068767,40.071708],[-75.065724,40.070193],[-75.062599,40.071997],[-75.058503,40.074804],[-75.05821,40.074605],[-75.056165,40.073525],[-75.055857,40.073249],[-75.055665,40.073847],[-75.049347,40.077036],[-75.048258,40.077034],[-75.047072,40.076632],[-75.045793,40.075329],[-75.04608,40.075019],[-75.046911,40.076013],[-75.047467,40.076419],[-75.051719,40.072241],[-75.050462,40.071509],[-75.051875,40.069988],[-75.05202,40.069673],[-75.052123,40.068974],[-75.052315,40.068484],[-75.055477,40.065149],[-75.059221,40.067297],[-75.061118,40.068122],[-75.06304,40.066143],[-75.067355,40.068727],[-75.070412,40.07022],[-75.069811,40.070862]]],"type":"Polygon"},"properties":{"2013_population_estimate":4489,"aland":"1057801","awater":"0","geoid":"14000US42101033702","name":"Census Tract 337.02, Philadelphia, PA"},"type":"Feature"},{"geometry":{"coordinates":[[[-75.085571,40.062689],[-75.085029,40.063011],[-75.084165,40.063439],[-75.08327,40.063827],[-75.082346,40.064173],[-75.077266,40.065756],[-75.069917,40.068122],[-75.068992,40.068467],[-75.067838,40.068959],[-75.067355,40.068727],[-75.06304,40.066143],[-75.066481,40.062477],[-75.066924,40.06207],[-75.068765,40.060047],[-75.070417,40.058347],[-75.073256,40.05533],[-75.083098,40.061018],[-75.085729,40.062589],[-75.085571,40.062689]]],"type":"Polygon"},"properties":{"2013_population_estimate":6526,"aland":"1400214","awater":"0","geoid":"14000US42101033800","name":"Census Tract 338, Philadelphia, PA"},"type":"Feature"},{"geometry":{"coordinates":[[[-75.096733,40.068989],[-75.09384,40.071829],[-75.093651,40.071753],[-75.093124,40.072334],[-75.090317,40.075115],[-75.089376,40.074545],[-75.085044,40.072141],[-75.084437,40.071977],[-75.08415,40.071824],[-75.083255,40.071209],[-75.07966,40.069203],[-75.080271,40.0686],[-75.080965,40.067974],[-75.07805,40.06636],[-75.077886,40.066226],[-75.077672,40.065966],[-75.077177,40.065785],[-75.081086,40.064587],[-75.082965,40.063948],[-75.083868,40.063571],[-75.084747,40.06316],[-75.085729,40.062589],[-75.087425,40.063599],[-75.08876,40.064342],[-75.096733,40.068989]]],"type":"Polygon"},"properties":{"2013_population_estimate":3066,"aland":"1140699","awater":"0","geoid":"14000US42101033900","name":"Census Tract 339, Philadelphia, PA"},"type":"Feature"},{"geometry":{"coordinates":[[[-75.080271,40.0686],[-75.071007,40.077682],[-75.068554,40.076285],[-75.067912,40.075976],[-75.067333,40.075504],[-75.067823,40.074097],[-75.068958,40.072358],[-75.068984,40.072021],[-75.068862,40.071845],[-75.069232,40.071497],[-75.070412,40.07022],[-75.067838,40.068959],[-75.068992,40.068467],[-75.069917,40.068122],[-75.077177,40.065785],[-75.077672,40.065966],[-75.077886,40.066226],[-75.07805,40.06636],[-75.080965,40.067974],[-75.080271,40.0686]]],"type":"Polygon"},"properties":{"2013_population_estimate":3185,"aland":"763894","awater":"729","geoid":"14000US42101034000","name":"Census Tract 340, Philadelphia, PA"},"type":"Feature"},{"geometry":{"coordinates":[[[-75.090193,40.075238],[-75.086906,40.078648],[-75.086861,40.078625],[-75.082456,40.082884],[-75.082133,40.083109],[-75.078845,40.082048],[-75.071007,40.077682],[-75.07966,40.069203],[-75.083255,40.071209],[-75.08415,40.071824],[-75.084437,40.071977],[-75.085044,40.072141],[-75.089376,40.074545],[-75.090317,40.075115],[-75.090193,40.075238]]],"type":"Polygon"},"properties":{"2013_population_estimate":5828,"aland":"1338392","awater":"0","geoid":"14000US42101034100","name":"Census Tract 341, Philadelphia, PA"},"type":"Feature"},{"geometry":{"coordinates":[[[-75.082456,40.082884],[-75.081189,40.084116],[-75.077805,40.08577],[-75.069456,40.094411],[-75.068496,40.094573],[-75.066356,40.092925],[-75.066014,40.092603],[-75.066135,40.092421],[-75.066955,40.091763],[-75.067684,40.09129],[-75.072184,40.088519],[-75.072545,40.088313],[-75.073616,40.087907],[-75.073882,40.087729],[-75.074265,40.087371],[-75.074429,40.087087],[-75.074488,40.086788],[-75.072784,40.086865],[-75.071691,40.086977],[-75.070919,40.086874],[-75.070339,40.086674],[-75.06877,40.085344],[-75.068235,40.085035],[-75.064608,40.084861],[-75.064003,40.084965],[-75.063196,40.084871],[-75.062288,40.084478],[-75.067924,40.0806],[-75.068463,40.080164],[-75.067597,40.0788],[-75.066202,40.077928],[-75.066273,40.077544],[-75.067202,40.075883],[-75.067333,40.075504],[-75.067912,40.075976],[-75.068554,40.076285],[-75.078845,40.082048],[-75.082133,40.083109],[-75.082456,40.082884]]],"type":"Polygon"},"properties":{"2013_population_estimate":3621,"aland":"1237805","awater":"0","geoid":"14000US42101034200","name":"Census Tract 342, Philadelphia, PA"},"type":"Feature"},{"geometry":{"coordinates":[[[-75.069456,40.094411],[-75.058342,40.105892],[-75.057953,40.106163],[-75.057067,40.106632],[-75.057178,40.106694],[-75.054321,40.108692],[-75.053192,40.106413],[-75.052372,40.105231],[-75.051612,40.103931],[-75.050712,40.102806],[-75.049422,40.101795],[-75.047115,40.098377],[-75.046737,40.09524],[-75.047299,40.092762],[-75.047567,40.09192],[-75.047495,40.091738],[-75.045685,40.089021],[-75.042608,40.087747],[-75.041488,40.087338],[-75.051031,40.080086],[-75.051761,40.080217],[-75.052737,40.079427],[-75.055208,40.081189],[-75.057065,40.086823],[-75.055807,40.088095],[-75.056498,40.089084],[-75.057068,40.089697],[-75.05787,40.090059],[-75.058343,40.090153],[-75.063917,40.090603],[-75.064652,40.090981],[-75.066135,40.092421],[-75.066014,40.092603],[-75.066356,40.092925],[-75.068427,40.094538],[-75.068496,40.094573],[-75.069456,40.094411]]],"type":"Polygon"},"properties":{"2013_population_estimate":8014,"aland":"3419032","awater":"13905","geoid":"14000US42101034400","name":"Census Tract 344, Philadelphia, PA"},"type":"Feature"},{"geometry":{"coordinates":[[[-75.042872,40.0774],[-75.040779,40.079495],[-75.040252,40.079994],[-75.038801,40.079209],[-75.038069,40.078892],[-75.037348,40.078537],[-75.036758,40.079083],[-75.03647,40.07764],[-75.036086,40.076708],[-75.035643,40.075529],[-75.03536,40.074939],[-75.035087,40.074617],[-75.039163,40.070369],[-75.039848,40.069452],[-75.040265,40.068747],[-75.0406,40.068042],[-75.042048,40.069166],[-75.042114,40.070038],[-75.041704,40.070619],[-75.041613,40.070631],[-75.041536,40.070812],[-75.041416,40.071004],[-75.041267,40.071189],[-75.039748,40.072411],[-75.042216,40.075919],[-75.04312,40.077166],[-75.042872,40.0774]]],"type":"Polygon"},"properties":{"2013_population_estimate":4955,"aland":"447469","awater":"0","geoid":"14000US42101034501","name":"Census Tract 345.01, Philadelphia, PA"},"type":"Feature"},{"geometry":{"coordinates":[[[-75.047286,40.082932],[-75.041488,40.087338],[-75.041067,40.087168],[-75.039721,40.085926],[-75.039107,40.085297],[-75.0384,40.084472],[-75.037498,40.085459],[-75.030481,40.081823],[-75.028952,40.080968],[-75.035087,40.074617],[-75.03536,40.074939],[-75.035643,40.075529],[-75.03647,40.07764],[-75.036758,40.079083],[-75.037348,40.078537],[-75.038801,40.079209],[-75.040252,40.079994],[-75.04312,40.077166],[-75.043891,40.077541],[-75.043154,40.078466],[-75.043262,40.078516],[-75.043507,40.078511],[-75.043597,40.078459],[-75.043711,40.078318],[-75.045593,40.078487],[-75.044809,40.079715],[-75.046249,40.081459],[-75.047286,40.082932]]],"type":"Polygon"},"properties":{"2013_population_estimate":5299,"aland":"1021734","awater":"0","geoid":"14000US42101034502","name":"Census Tract 345.02, Philadelphia, PA"},"type":"Feature"},{"geometry":{"coordinates":[[[-75.035087,40.074617],[-75.028952,40.080968],[-75.023713,40.077994],[-75.021749,40.076955],[-75.014087,40.072642],[-75.013126,40.072071],[-75.021707,40.063392],[-75.022217,40.06352],[-75.022388,40.063772],[-75.022657,40.063998],[-75.02966,40.068154],[-75.030064,40.068612],[-75.031283,40.070199],[-75.035087,40.074617]]],"type":"Polygon"},"properties":{"2013_population_estimate":2679,"aland":"1855725","awater":"3687","geoid":"14000US42101034600","name":"Census Tract 346, Philadelphia, PA"},"type":"Feature"},{"geometry":{"coordinates":[[[-75.0406,40.068042],[-75.040265,40.068747],[-75.039848,40.069452],[-75.039163,40.070369],[-75.035087,40.074617],[-75.031283,40.070199],[-75.030064,40.068612],[-75.02966,40.068154],[-75.028256,40.067314],[-75.028466,40.066976],[-75.028537,40.066718],[-75.028538,40.066549],[-75.027964,40.060207],[-75.027978,40.059857],[-75.028043,40.059595],[-75.028152,40.059335],[-75.029004,40.057795],[-75.029005,40.05752],[-75.028756,40.056781],[-75.029019,40.056617],[-75.029048,40.056477],[-75.029032,40.056399],[-75.032935,40.056732],[-75.033734,40.056884],[-75.035062,40.057327],[-75.035204,40.057613],[-75.035532,40.05881],[-75.034225,40.062701],[-75.03528,40.064995],[-75.040085,40.067922],[-75.040295,40.067866],[-75.0406,40.068042]]],"type":"Polygon"},"properties":{"2013_population_estimate":7628,"aland":"1148286","awater":"57","geoid":"14000US42101034701","name":"Census Tract 347.01, Philadelphia, PA"},"type":"Feature"},{"geometry":{"coordinates":[[[-75.036467,40.053965],[-75.036371,40.05446],[-75.035915,40.055545],[-75.035062,40.057327],[-75.033734,40.056884],[-75.032935,40.056732],[-75.029032,40.056399],[-75.029019,40.056617],[-75.028756,40.056781],[-75.029005,40.05752],[-75.029004,40.057795],[-75.028099,40.059452],[-75.028,40.059736],[-75.027961,40.060101],[-75.028538,40.066549],[-75.028537,40.066718],[-75.028466,40.066976],[-75.028256,40.067314],[-75.022657,40.063998],[-75.022388,40.063772],[-75.022217,40.06352],[-75.021707,40.063392],[-75.024818,40.060286],[-75.024727,40.058031],[-75.024742,40.057537],[-75.024701,40.057278],[-75.024345,40.05644],[-75.024111,40.056044],[-75.023719,40.05561],[-75.023374,40.055334],[-75.02425,40.053991],[-75.022931,40.053255],[-75.023333,40.052632],[-75.022732,40.052387],[-75.023759,40.051269],[-75.024179,40.051038],[-75.024991,40.050727],[-75.025758,40.050607],[-75.026509,40.050661],[-75.026753,40.050779],[-75.029507,40.05133],[-75.029978,40.051377],[-75.030771,40.051337],[-75.031136,40.051359],[-75.03144,40.051454],[-75.031695,40.051607],[-75.031935,40.051904],[-75.032222,40.052497],[-75.032348,40.052588],[-75.032546,40.052619],[-75.03322,40.052393],[-75.033693,40.052139],[-75.034123,40.051828],[-75.034591,40.051398],[-75.034783,40.051289],[-75.035252,40.051221],[-75.035503,40.05126],[-75.035658,40.0513],[-75.035857,40.051431],[-75.03607,40.051705],[-75.036116,40.051948],[-75.036099,40.05206],[-75.035888,40.052451],[-75.035867,40.052716],[-75.035962,40.05292],[-75.036202,40.05324],[-75.036332,40.053554],[-75.036364,40.053763],[-75.036455,40.053845],[-75.036467,40.053965]]],"type":"Polygon"},"properties":{"2013_population_estimate":3475,"aland":"1032346","awater":"0","geoid":"14000US42101034702","name":"Census Tract 347.02, Philadelphia, PA"},"type":"Feature"},{"geometry":{"coordinates":[[[-75.024818,40.060286],[-75.021992,40.063113],[-75.021402,40.061991],[-75.021052,40.061566],[-75.01764,40.059475],[-75.013368,40.056717],[-75.013138,40.056628],[-75.012828,40.056404],[-75.012589,40.056404],[-75.011241,40.056667],[-75.010221,40.057055],[-75.008555,40.057808],[-75.008245,40.057796],[-75.004795,40.054747],[-75.010148,40.050608],[-75.01402,40.047471],[-75.018502,40.044081],[-75.019039,40.044748],[-75.018964,40.045914],[-75.019409,40.046474],[-75.017772,40.047708],[-75.017374,40.048137],[-75.017075,40.04861],[-75.016871,40.049112],[-75.016812,40.049901],[-75.016911,40.050687],[-75.017076,40.051198],[-75.017357,40.051676],[-75.017956,40.052322],[-75.018196,40.052506],[-75.023232,40.055242],[-75.023719,40.05561],[-75.024111,40.056044],[-75.024345,40.05644],[-75.024701,40.057278],[-75.024742,40.057537],[-75.024727,40.058031],[-75.024818,40.060286]]],"type":"Polygon"},"properties":{"2013_population_estimate":4719,"aland":"1385962","awater":"5188","geoid":"14000US42101034801","name":"Census Tract 348.01, Philadelphia, PA"},"type":"Feature"},{"geometry":{"coordinates":[[[-75.021839,40.063259],[-75.013126,40.072071],[-75.007269,40.069161],[-75.00771,40.068915],[-75.008128,40.068585],[-75.008412,40.068228],[-75.008557,40.067983],[-75.009175,40.06638],[-75.009331,40.065812],[-75.009397,40.06526],[-75.009421,40.061365],[-75.009338,40.06052],[-75.008801,40.058401],[-75.008266,40.057858],[-75.008245,40.057796],[-75.008427,40.057824],[-75.008555,40.057808],[-75.010221,40.057055],[-75.011241,40.056667],[-75.012589,40.056404],[-75.012828,40.056404],[-75.013138,40.056628],[-75.013368,40.056717],[-75.01764,40.059475],[-75.019815,40.060783],[-75.021052,40.061566],[-75.021185,40.061691],[-75.021402,40.061991],[-75.021992,40.063113],[-75.021839,40.063259]]],"type":"Polygon"},"properties":{"2013_population_estimate":5716,"aland":"1232182","awater":"8015","geoid":"14000US42101034802","name":"Census Tract 348.02, Philadelphia, PA"},"type":"Feature"},{"geometry":{"coordinates":[[[-75.009414,40.06208],[-75.009397,40.06526],[-75.009331,40.065812],[-75.009175,40.06638],[-75.008788,40.06735],[-75.008685,40.067688],[-75.008412,40.068228],[-75.008031,40.06867],[-75.00771,40.068915],[-75.007269,40.069161],[-74.994275,40.061781],[-74.993952,40.061628],[-74.993217,40.061396],[-74.992397,40.061268],[-74.991709,40.061095],[-74.991101,40.060824],[-74.990642,40.060501],[-74.990432,40.060396],[-74.990914,40.060105],[-74.991254,40.059949],[-74.992033,40.059681],[-74.998259,40.05808],[-75.001087,40.057273],[-75.004795,40.054747],[-75.008245,40.057796],[-75.008266,40.057858],[-75.008801,40.058401],[-75.009338,40.06052],[-75.009421,40.061365],[-75.009414,40.06208]]],"type":"Polygon"},"properties":{"2013_population_estimate":3941,"aland":"1271528","awater":"8028","geoid":"14000US42101034803","name":"Census Tract 348.03, Philadelphia, PA"},"type":"Feature"},{"geometry":{"coordinates":[[[-75.022122,40.038058],[-75.022088,40.038452],[-75.021858,40.039518],[-75.021666,40.040032],[-75.021555,40.040219],[-75.020955,40.041943],[-75.02072,40.0425],[-75.020638,40.043163],[-75.020499,40.043542],[-75.020279,40.043518],[-75.019524,40.04362],[-75.018901,40.043835],[-75.018441,40.044118],[-75.01402,40.047471],[-75.010148,40.050608],[-75.004795,40.054747],[-74.999222,40.049861],[-74.99627,40.047202],[-75.008166,40.040034],[-75.010742,40.03873],[-75.012541,40.038027],[-75.01432,40.039451],[-75.015351,40.038938],[-75.016212,40.039914],[-75.021806,40.037024],[-75.022036,40.037535],[-75.022122,40.038058]]],"type":"Polygon"},"properties":{"2013_population_estimate":5398,"aland":"1944025","awater":"8263","geoid":"14000US42101034900","name":"Census Tract 349, Philadelphia, PA"},"type":"Feature"},{"geometry":{"coordinates":[[[-74.995496,40.047664],[-74.994671,40.048133],[-74.992948,40.048996],[-74.989352,40.050565],[-74.988807,40.050851],[-74.98817,40.051239],[-74.987123,40.051917],[-74.986155,40.052663],[-74.983904,40.054994],[-74.983487,40.054448],[-74.983194,40.054223],[-74.982666,40.053953],[-74.982549,40.053953],[-74.982022,40.053727],[-74.980028,40.053637],[-74.979735,40.053547],[-74.979695,40.053399],[-74.979466,40.053157],[-74.978558,40.052493],[-74.977923,40.052132],[-74.974784,40.049316],[-74.975761,40.04815],[-74.976214,40.0477],[-74.97664,40.047408],[-74.977188,40.047166],[-74.979199,40.046594],[-74.979892,40.046341],[-74.980591,40.045944],[-74.981167,40.045528],[-74.981634,40.045152],[-74.982349,40.044475],[-74.983133,40.043507],[-74.983828,40.042713],[-74.98443,40.042155],[-74.984943,40.041769],[-74.985664,40.041303],[-74.987024,40.040483],[-74.987676,40.039983],[-74.990302,40.042377],[-74.990605,40.042372],[-74.990976,40.042526],[-74.99627,40.047202],[-74.995496,40.047664]]],"type":"Polygon"},"properties":{"2013_population_estimate":3852,"aland":"997445","awater":"451894","geoid":"14000US42101035100","name":"Census Tract 351, Philadelphia, PA"},"type":"Feature"},{"geometry":{"coordinates":[[[-75.004795,40.054747],[-75.001087,40.057273],[-74.998259,40.05808],[-74.992033,40.059681],[-74.991254,40.059949],[-74.990699,40.06023],[-74.985576,40.063345],[-74.984171,40.064075],[-74.983733,40.064259],[-74.982823,40.064548],[-74.981023,40.064939],[-74.980873,40.064466],[-74.981022,40.063818],[-74.981139,40.063683],[-74.98114,40.063368],[-74.980905,40.063007],[-74.980905,40.062737],[-74.980803,40.062595],[-74.980829,40.062399],[-74.980985,40.062078],[-74.981029,40.061859],[-74.980908,40.06141],[-74.980943,40.061094],[-74.980917,40.06088],[-74.980842,40.060684],[-74.980548,40.060454],[-74.980437,40.060304],[-74.981551,40.059448],[-74.981844,40.059088],[-74.982372,40.058683],[-74.9829,40.058367],[-74.983017,40.058367],[-74.98331,40.058187],[-74.983894,40.057938],[-74.984287,40.057837],[-74.985152,40.057199],[-74.985186,40.057106],[-74.985163,40.056932],[-74.984473,40.05627],[-74.98419,40.055575],[-74.98419,40.055349],[-74.984073,40.055124],[-74.983904,40.054994],[-74.983976,40.054906],[-74.986155,40.052663],[-74.987123,40.051917],[-74.98817,40.051239],[-74.989352,40.050565],[-74.992199,40.049339],[-74.993526,40.048714],[-74.99495,40.047982],[-74.99627,40.047202],[-74.999222,40.049861],[-75.004795,40.054747]]],"type":"Polygon"},"properties":{"2013_population_estimate":4578,"aland":"1849331","awater":"12840","geoid":"14000US42101035200","name":"Census Tract 352, Philadelphia, PA"},"type":"Feature"},{"geometry":{"coordinates":[[[-74.998815,40.065331],[-74.998715,40.065864],[-74.998273,40.066358],[-74.997714,40.066365],[-74.997356,40.06641],[-74.996409,40.06659],[-74.996204,40.066723],[-74.996,40.067112],[-74.995655,40.067456],[-74.995597,40.067561],[-74.995611,40.067698],[-74.99552,40.067885],[-74.995358,40.068035],[-74.995277,40.068156],[-74.995198,40.068434],[-74.995192,40.068664],[-74.994916,40.069084],[-74.994828,40.069104],[-74.99461,40.069402],[-74.994505,40.069497],[-74.994517,40.069621],[-74.994246,40.069932],[-74.994166,40.070151],[-74.994184,40.070329],[-74.994133,40.070495],[-74.99412,40.07058],[-74.994147,40.07065],[-74.99409,40.070878],[-74.994039,40.070977],[-74.99399,40.070951],[-74.993939,40.071013],[-74.993686,40.071135],[-74.993606,40.071251],[-74.993525,40.071308],[-74.993502,40.071444],[-74.993558,40.071628],[-74.993544,40.071828],[-74.993516,40.071888],[-74.993337,40.071996],[-74.992591,40.07222],[-74.990495,40.072532],[-74.989452,40.072762],[-74.9887,40.072833],[-74.988335,40.072811],[-74.988236,40.072838],[-74.987414,40.072836],[-74.987088,40.07268],[-74.986899,40.072678],[-74.986771,40.072727],[-74.98632,40.073042],[-74.986039,40.073171],[-74.985932,40.073308],[-74.985837,40.073559],[-74.985575,40.073946],[-74.985229,40.074177],[-74.985113,40.074312],[-74.984997,40.074368],[-74.984901,40.07448],[-74.983657,40.073786],[-74.983174,40.073468],[-74.981173,40.071985],[-74.981347,40.071493],[-74.981648,40.06881],[-74.981727,40.068411],[-74.981829,40.06797],[-74.982302,40.06642],[-74.982364,40.066108],[-74.982413,40.065736],[-74.98242,40.065348],[-74.982355,40.064672],[-74.983733,40.064259],[-74.984171,40.064075],[-74.985576,40.063345],[-74.990432,40.060396],[-74.990642,40.060501],[-74.991101,40.060824],[-74.991709,40.061095],[-74.992397,40.061268],[-74.993217,40.061396],[-74.993952,40.061628],[-74.994514,40.061914],[-74.998385,40.064117],[-74.998269,40.064722],[-74.998649,40.06506],[-74.998815,40.065331]]],"type":"Polygon"},"properties":{"2013_population_estimate":5111,"aland":"1398722","awater":"13466","geoid":"14000US42101035301","name":"Census Tract 353.01, Philadelphia, PA"},"type":"Feature"},{"geometry":{"coordinates":[[[-75.004833,40.070573],[-75.004229,40.070924],[-75.003606,40.071362],[-75.00304,40.071906],[-75.002465,40.072752],[-75.002251,40.073362],[-75.002096,40.074049],[-75.001952,40.074418],[-75.00177,40.074741],[-75.001465,40.075148],[-74.997787,40.07954],[-74.997233,40.080023],[-74.994348,40.081681],[-74.988851,40.076994],[-74.987382,40.075654],[-74.986886,40.075332],[-74.985749,40.07492],[-74.984901,40.07448],[-74.985229,40.074177],[-74.985575,40.073946],[-74.985837,40.073559],[-74.985932,40.073308],[-74.986039,40.073171],[-74.98632,40.073042],[-74.986771,40.072727],[-74.986899,40.072678],[-74.987088,40.07268],[-74.987414,40.072836],[-74.9887,40.072833],[-74.989452,40.072762],[-74.990495,40.072532],[-74.992591,40.07222],[-74.993337,40.071996],[-74.993475,40.071921],[-74.993565,40.071745],[-74.993502,40.071444],[-74.993525,40.071308],[-74.993686,40.071135],[-74.993939,40.071013],[-74.99399,40.070951],[-74.994039,40.070977],[-74.99409,40.070878],[-74.994184,40.070329],[-74.994166,40.070151],[-74.994246,40.069932],[-74.994517,40.069621],[-74.994505,40.069497],[-74.994828,40.069104],[-74.994916,40.069084],[-74.995192,40.068664],[-74.995198,40.068434],[-74.995277,40.068156],[-74.99552,40.067885],[-74.995611,40.067698],[-74.995597,40.067561],[-74.995655,40.067456],[-74.996,40.067112],[-74.996204,40.066723],[-74.996409,40.06659],[-74.997356,40.06641],[-74.997714,40.066365],[-74.998273,40.066358],[-74.998698,40.065893],[-74.998803,40.065282],[-74.998649,40.06506],[-74.998305,40.064768],[-74.998261,40.064692],[-74.998385,40.064117],[-75.007269,40.069161],[-75.004833,40.070573]]],"type":"Polygon"},"properties":{"2013_population_estimate":4691,"aland":"1498641","awater":"17290","geoid":"14000US42101035302","name":"Census Tract 353.02, Philadelphia, PA"},"type":"Feature"},{"geometry":{"coordinates":[[[-75.041488,40.087338],[-75.023927,40.100702],[-75.022291,40.100276],[-75.021842,40.100098],[-75.015528,40.09486],[-75.028952,40.080968],[-75.030481,40.081823],[-75.037498,40.085459],[-75.0384,40.084472],[-75.039107,40.085297],[-75.039721,40.085926],[-75.041067,40.087168],[-75.041488,40.087338]]],"type":"Polygon"},"properties":{"2013_population_estimate":7591,"aland":"2290052","awater":"1067","geoid":"14000US42101035500","name":"Census Tract 355, Philadelphia, PA"},"type":"Feature"},{"geometry":{"coordinates":[[[-75.047567,40.09192],[-75.047299,40.092762],[-75.047007,40.093935],[-75.046737,40.09524],[-75.047115,40.098377],[-75.043596,40.100023],[-75.038563,40.10246],[-75.036969,40.103183],[-75.032998,40.10511],[-75.027635,40.101765],[-75.026967,40.101506],[-75.023927,40.100702],[-75.041488,40.087338],[-75.042608,40.087747],[-75.045685,40.089021],[-75.047495,40.091738],[-75.047567,40.09192]]],"type":"Polygon"},"properties":{"2013_population_estimate":5287,"aland":"2029700","awater":"12503","geoid":"14000US42101035601","name":"Census Tract 356.01, Philadelphia, PA"},"type":"Feature"},{"geometry":{"coordinates":[[[-75.054321,40.108692],[-75.048542,40.112729],[-75.047805,40.112242],[-75.03946,40.107362],[-75.038842,40.107112],[-75.037784,40.106873],[-75.036064,40.106784],[-75.035645,40.106672],[-75.035221,40.106496],[-75.032998,40.10511],[-75.036969,40.103183],[-75.038563,40.10246],[-75.043596,40.100023],[-75.047115,40.098377],[-75.048454,40.100409],[-75.049422,40.101795],[-75.049676,40.102037],[-75.050712,40.102806],[-75.051612,40.103931],[-75.051877,40.10434],[-75.052372,40.105231],[-75.053057,40.10618],[-75.053192,40.106413],[-75.05381,40.107584],[-75.05401,40.108143],[-75.054321,40.108692]]],"type":"Polygon"},"properties":{"2013_population_estimate":3579,"aland":"1394857","awater":"1871","geoid":"14000US42101035602","name":"Census Tract 356.02, Philadelphia, PA"},"type":"Feature"},{"geometry":{"coordinates":[[[-75.033238,40.106282],[-75.033722,40.106639],[-75.033752,40.10678],[-75.033653,40.106907],[-75.029852,40.110686],[-75.029067,40.111522],[-75.02858,40.111799],[-75.028894,40.112073],[-75.029517,40.11245],[-75.029615,40.112667],[-75.029541,40.112852],[-75.028279,40.11408],[-75.028611,40.114293],[-75.028866,40.114418],[-75.029119,40.114505],[-75.029695,40.114525],[-75.029956,40.114481],[-75.030074,40.114829],[-75.030162,40.114978],[-75.029649,40.11532],[-75.029452,40.115516],[-75.029336,40.115702],[-75.02923,40.11597],[-75.028062,40.1157],[-75.027231,40.115422],[-75.02692,40.115273],[-75.023041,40.112998],[-75.024764,40.110552],[-75.025585,40.109312],[-75.026305,40.108324],[-75.027711,40.105079],[-75.028396,40.103552],[-75.028883,40.102543],[-75.033897,40.105689],[-75.033238,40.106282]]],"type":"Polygon"},"properties":{"2013_population_estimate":4771,"aland":"598633","awater":"718","geoid":"14000US42101035701","name":"Census Tract 357.01, Philadelphia, PA"},"type":"Feature"},{"geometry":{"coordinates":[[[-75.048542,40.112729],[-75.037842,40.120213],[-75.037669,40.120143],[-75.036495,40.12039],[-75.036398,40.1202],[-75.036348,40.120167],[-75.030059,40.116298],[-75.02923,40.11597],[-75.029336,40.115702],[-75.029452,40.115516],[-75.029649,40.11532],[-75.030162,40.114978],[-75.030074,40.114829],[-75.029956,40.114481],[-75.029695,40.114525],[-75.029119,40.114505],[-75.028611,40.114293],[-75.028279,40.11408],[-75.029541,40.112852],[-75.029615,40.112667],[-75.029517,40.11245],[-75.028894,40.112073],[-75.02858,40.111799],[-75.029067,40.111522],[-75.029852,40.110686],[-75.033653,40.106907],[-75.033752,40.10678],[-75.033722,40.106639],[-75.033238,40.106282],[-75.033897,40.105689],[-75.035221,40.106496],[-75.035645,40.106672],[-75.036064,40.106784],[-75.037784,40.106873],[-75.038842,40.107112],[-75.03946,40.107362],[-75.047805,40.112242],[-75.048542,40.112729]]],"type":"Polygon"},"properties":{"2013_population_estimate":4781,"aland":"1559150","awater":"0","geoid":"14000US42101035702","name":"Census Tract 357.02, Philadelphia, PA"},"type":"Feature"},{"geometry":{"coordinates":[[[-75.037842,40.120213],[-75.025787,40.128571],[-75.025131,40.129082],[-75.024891,40.129216],[-75.0201,40.126358],[-75.015384,40.123599],[-75.016202,40.121942],[-75.018457,40.118119],[-75.021951,40.114483],[-75.023041,40.112998],[-75.02692,40.115273],[-75.027231,40.115422],[-75.028062,40.1157],[-75.02923,40.11597],[-75.030059,40.116298],[-75.036348,40.120167],[-75.036398,40.1202],[-75.036495,40.12039],[-75.037669,40.120143],[-75.037842,40.120213]]],"type":"Polygon"},"properties":{"2013_population_estimate":6152,"aland":"1757642","awater":"2013","geoid":"14000US42101035800","name":"Census Tract 358, Philadelphia, PA"},"type":"Feature"},{"geometry":{"coordinates":[[[-75.028396,40.103552],[-75.026305,40.108324],[-75.023041,40.112998],[-75.021951,40.114483],[-75.018457,40.118119],[-75.016202,40.121942],[-75.015384,40.123599],[-75.006991,40.118599],[-75.006759,40.117868],[-75.005391,40.114802],[-75.023927,40.100702],[-75.026967,40.101506],[-75.027635,40.101765],[-75.028883,40.102543],[-75.028396,40.103552]]],"type":"Polygon"},"properties":{"2013_population_estimate":4952,"aland":"2244712","awater":"2511","geoid":"14000US42101035900","name":"Census Tract 359, Philadelphia, PA"},"type":"Feature"},{"geometry":{"coordinates":[[[-75.023927,40.100702],[-75.005391,40.114802],[-75.003554,40.110847],[-75.002944,40.110976],[-75.002414,40.110976],[-75.000959,40.111393],[-74.9994,40.110131],[-74.997124,40.108151],[-75.012727,40.097392],[-75.014156,40.096236],[-75.015528,40.09486],[-75.021842,40.100098],[-75.022291,40.100276],[-75.023927,40.100702]]],"type":"Polygon"},"properties":{"2013_population_estimate":3437,"aland":"2043080","awater":"638","geoid":"14000US42101036000","name":"Census Tract 360, Philadelphia, PA"},"type":"Feature"},{"geometry":{"coordinates":[[[-75.001796,40.10493],[-74.997124,40.108151],[-74.988073,40.100449],[-74.980021,40.093712],[-74.982385,40.091724],[-74.983517,40.09053],[-74.98418,40.089906],[-74.989094,40.093928],[-74.991264,40.095778],[-74.995464,40.099166],[-74.998165,40.101606],[-74.998732,40.102309],[-74.99901,40.102576],[-75.00134,40.104472],[-75.001366,40.104561],[-75.001796,40.10493]]],"type":"Polygon"},"properties":{"2013_population_estimate":4160,"aland":"1205996","awater":"7044","geoid":"14000US42101036100","name":"Census Tract 361, Philadelphia, PA"},"type":"Feature"},{"geometry":{"coordinates":[[[-74.994348,40.081681],[-74.99049,40.083898],[-74.989079,40.084538],[-74.988775,40.084704],[-74.98846,40.084917],[-74.987638,40.085573],[-74.987065,40.086049],[-74.986815,40.086306],[-74.985849,40.087681],[-74.985033,40.089101],[-74.984657,40.089529],[-74.984427,40.089737],[-74.98418,40.089906],[-74.982159,40.088266],[-74.981966,40.088158],[-74.981491,40.087994],[-74.980601,40.087914],[-74.980534,40.087565],[-74.980207,40.086597],[-74.980166,40.086413],[-74.98018,40.086099],[-74.980296,40.08574],[-74.980404,40.085545],[-74.981295,40.084141],[-74.981546,40.083583],[-74.981687,40.083105],[-74.981807,40.082355],[-74.981813,40.081971],[-74.981703,40.08087],[-74.981705,40.080331],[-74.982075,40.078599],[-74.982262,40.077922],[-74.982487,40.077246],[-74.982862,40.076481],[-74.983141,40.07603],[-74.983428,40.075629],[-74.984043,40.074926],[-74.984631,40.074335],[-74.985749,40.07492],[-74.98657,40.075198],[-74.986886,40.075332],[-74.987382,40.075654],[-74.988851,40.076994],[-74.994348,40.081681]]],"type":"Polygon"},"properties":{"2013_population_estimate":5299,"aland":"1031927","awater":"15195","geoid":"14000US42101036201","name":"Census Tract 362.01, Philadelphia, PA"},"type":"Feature"},{"geometry":{"coordinates":[[[-74.984319,40.074648],[-74.983428,40.075629],[-74.983141,40.07603],[-74.982862,40.076481],[-74.982487,40.077246],[-74.982075,40.078599],[-74.981705,40.080331],[-74.981703,40.08087],[-74.981813,40.081971],[-74.981807,40.082355],[-74.981687,40.083105],[-74.981546,40.083583],[-74.981295,40.084141],[-74.980296,40.08574],[-74.980218,40.085935],[-74.980158,40.086256],[-74.980207,40.086597],[-74.980534,40.087565],[-74.980601,40.087914],[-74.981491,40.087994],[-74.981966,40.088158],[-74.982159,40.088266],[-74.98418,40.089906],[-74.983517,40.09053],[-74.982385,40.091724],[-74.980021,40.093712],[-74.977192,40.091335],[-74.975219,40.089853],[-74.971611,40.087236],[-74.971945,40.086891],[-74.97582,40.081889],[-74.97725,40.080506],[-74.977443,40.080239],[-74.977684,40.079834],[-74.978247,40.078282],[-74.978834,40.076888],[-74.981173,40.071985],[-74.983174,40.073468],[-74.983657,40.073786],[-74.984631,40.074335],[-74.984319,40.074648]]],"type":"Polygon"},"properties":{"2013_population_estimate":5856,"aland":"1102852","awater":"2329","geoid":"14000US42101036202","name":"Census Tract 362.02, Philadelphia, PA"},"type":"Feature"},{"geometry":{"coordinates":[[[-74.982418,40.065417],[-74.982413,40.065736],[-74.982302,40.06642],[-74.981829,40.06797],[-74.981648,40.06881],[-74.981347,40.071493],[-74.981257,40.071783],[-74.978834,40.076888],[-74.978247,40.078282],[-74.977684,40.079834],[-74.97725,40.080506],[-74.97582,40.081889],[-74.971945,40.086891],[-74.971611,40.087236],[-74.971174,40.086912],[-74.970568,40.086384],[-74.969888,40.085708],[-74.967552,40.083075],[-74.966814,40.082209],[-74.966466,40.081738],[-74.966078,40.081031],[-74.965826,40.080372],[-74.964842,40.077148],[-74.965924,40.077281],[-74.966216,40.077258],[-74.966401,40.077189],[-74.96653,40.077082],[-74.966674,40.076888],[-74.966882,40.076439],[-74.967063,40.076378],[-74.967767,40.076318],[-74.968762,40.0763],[-74.969229,40.076357],[-74.96948,40.076454],[-74.969749,40.076474],[-74.97025,40.076219],[-74.970692,40.076253],[-74.970837,40.076213],[-74.971299,40.075841],[-74.971355,40.075541],[-74.97128,40.074828],[-74.971308,40.074693],[-74.971466,40.074517],[-74.971484,40.074429],[-74.971405,40.074258],[-74.971063,40.073966],[-74.971036,40.073857],[-74.971062,40.073731],[-74.971626,40.073374],[-74.971943,40.073322],[-74.972212,40.073142],[-74.972349,40.072408],[-74.972445,40.072235],[-74.972935,40.071921],[-74.973474,40.071689],[-74.973602,40.071522],[-74.973631,40.071345],[-74.973744,40.071245],[-74.974898,40.07076],[-74.97504,40.070593],[-74.9751,40.070398],[-74.975098,40.070034],[-74.975995,40.069603],[-74.976288,40.069328],[-74.976699,40.069144],[-74.97686,40.068875],[-74.976901,40.068713],[-74.977103,40.068444],[-74.977124,40.06825],[-74.97721,40.068168],[-74.977627,40.067906],[-74.978159,40.067638],[-74.979092,40.067367],[-74.979412,40.067198],[-74.97978,40.066911],[-74.979844,40.066719],[-74.97999,40.066566],[-74.980838,40.066102],[-74.980989,40.065508],[-74.981023,40.064939],[-74.982355,40.064672],[-74.982418,40.065417]]],"type":"Polygon"},"properties":{"2013_population_estimate":4788,"aland":"1524111","awater":"1401","geoid":"14000US42101036203","name":"Census Tract 362.03, Philadelphia, PA"},"type":"Feature"},{"geometry":{"coordinates":[[[-74.9768,40.091202],[-74.97648,40.091256],[-74.976277,40.091433],[-74.976215,40.09155],[-74.976011,40.093751],[-74.976015,40.093976],[-74.976084,40.094224],[-74.976783,40.095969],[-74.97577,40.096412],[-74.974713,40.096736],[-74.973821,40.096861],[-74.972898,40.096859],[-74.972113,40.096743],[-74.971016,40.096392],[-74.970828,40.096674],[-74.969933,40.096967],[-74.969359,40.09722],[-74.968083,40.09726],[-74.967883,40.097116],[-74.967798,40.097102],[-74.9663,40.097136],[-74.965683,40.097225],[-74.964893,40.097245],[-74.964468,40.097344],[-74.964155,40.097474],[-74.963025,40.097492],[-74.961766,40.097752],[-74.961192,40.097447],[-74.960455,40.097464],[-74.95994,40.09737],[-74.959154,40.097047],[-74.958749,40.096929],[-74.958345,40.096723],[-74.958159,40.096569],[-74.957744,40.096091],[-74.957415,40.09597],[-74.957079,40.095915],[-74.956636,40.095943],[-74.956164,40.095745],[-74.955777,40.095103],[-74.955763,40.094982],[-74.955813,40.094856],[-74.956049,40.094598],[-74.956306,40.094037],[-74.956308,40.093204],[-74.956447,40.092757],[-74.956885,40.092088],[-74.957089,40.091902],[-74.957257,40.09153],[-74.957573,40.09112],[-74.957899,40.090571],[-74.957945,40.090348],[-74.957917,40.090116],[-74.957747,40.089844],[-74.958158,40.08926],[-74.95818,40.088811],[-74.957948,40.088101],[-74.957687,40.087623],[-74.9576,40.087094],[-74.957912,40.086812],[-74.958006,40.086645],[-74.958028,40.086239],[-74.958173,40.086015],[-74.958209,40.08587],[-74.958297,40.085058],[-74.958626,40.084593],[-74.958678,40.084382],[-74.958629,40.084294],[-74.958421,40.084207],[-74.958364,40.084113],[-74.958382,40.083957],[-74.958421,40.08392],[-74.958721,40.083901],[-74.958902,40.083723],[-74.958964,40.083585],[-74.958946,40.083161],[-74.959133,40.082919],[-74.959153,40.082806],[-74.958999,40.082503],[-74.959085,40.082349],[-74.959248,40.082373],[-74.959742,40.082304],[-74.959858,40.082248],[-74.96001,40.082049],[-74.960049,40.081922],[-74.960078,40.081535],[-74.960039,40.081323],[-74.9603,40.081053],[-74.961075,40.080441],[-74.961522,40.079922],[-74.962014,40.079584],[-74.962106,40.079472],[-74.962199,40.079009],[-74.962534,40.078579],[-74.962429,40.078231],[-74.962661,40.077995],[-74.962761,40.077774],[-74.963021,40.077571],[-74.963145,40.077326],[-74.963466,40.077155],[-74.963764,40.077063],[-74.964234,40.077059],[-74.964842,40.077148],[-74.965826,40.080372],[-74.966078,40.081031],[-74.966339,40.081541],[-74.966814,40.082209],[-74.969888,40.085708],[-74.970568,40.086384],[-74.971174,40.086912],[-74.976932,40.09114],[-74.9768,40.091202]]],"type":"Polygon"},"properties":{"2013_population_estimate":4073,"aland":"2397574","awater":"5442","geoid":"14000US42101036301","name":"Census Tract 363.01, Philadelphia, PA"},"type":"Feature"},{"geometry":{"coordinates":[[[-74.986551,40.099366],[-74.981997,40.102454],[-74.981481,40.10201],[-74.981083,40.101772],[-74.9781,40.099212],[-74.977941,40.098902],[-74.976084,40.094224],[-74.976015,40.093976],[-74.976011,40.093751],[-74.976193,40.091659],[-74.976215,40.09155],[-74.976277,40.091433],[-74.97648,40.091256],[-74.9768,40.091202],[-74.976932,40.09114],[-74.977192,40.091335],[-74.984105,40.097105],[-74.984313,40.097298],[-74.986674,40.099278],[-74.986551,40.099366]]],"type":"Polygon"},"properties":{"2013_population_estimate":4111,"aland":"520968","awater":"0","geoid":"14000US42101036302","name":"Census Tract 363.02, Philadelphia, PA"},"type":"Feature"},{"geometry":{"coordinates":[[[-74.98252,40.104275],[-74.980342,40.105256],[-74.979465,40.10579],[-74.970286,40.113065],[-74.970067,40.11319],[-74.969881,40.113228],[-74.969996,40.113645],[-74.969758,40.115927],[-74.969499,40.116174],[-74.9683,40.116838],[-74.967318,40.117597],[-74.966829,40.117851],[-74.966621,40.117932],[-74.96572,40.118075],[-74.964648,40.117514],[-74.964296,40.117516],[-74.96426,40.117558],[-74.964115,40.11729],[-74.963735,40.11708],[-74.963442,40.117004],[-74.963294,40.116888],[-74.963174,40.116675],[-74.96311,40.115871],[-74.963316,40.115517],[-74.963413,40.115209],[-74.96326,40.115026],[-74.963168,40.114816],[-74.963201,40.114676],[-74.963346,40.114338],[-74.964,40.113682],[-74.964155,40.113373],[-74.963918,40.11263],[-74.963879,40.112003],[-74.963776,40.111645],[-74.963795,40.111544],[-74.964045,40.111211],[-74.96412,40.110858],[-74.963838,40.110457],[-74.963709,40.109867],[-74.96389,40.109602],[-74.964074,40.109453],[-74.964233,40.109427],[-74.964408,40.109498],[-74.964601,40.109401],[-74.964809,40.108997],[-74.965116,40.108773],[-74.965607,40.108091],[-74.965431,40.107886],[-74.965056,40.107215],[-74.963682,40.107047],[-74.963335,40.106872],[-74.963199,40.106671],[-74.963268,40.10656],[-74.963658,40.106378],[-74.963627,40.106063],[-74.963906,40.105803],[-74.963962,40.105636],[-74.963183,40.105284],[-74.962554,40.105077],[-74.962428,40.104848],[-74.962538,40.104476],[-74.96209,40.104137],[-74.961766,40.10381],[-74.961001,40.103324],[-74.960886,40.103104],[-74.960908,40.103033],[-74.961065,40.10295],[-74.961088,40.102777],[-74.961198,40.102597],[-74.961289,40.102121],[-74.961268,40.101949],[-74.9611,40.101797],[-74.96106,40.101668],[-74.961124,40.101397],[-74.961642,40.100896],[-74.961743,40.100648],[-74.961888,40.099903],[-74.962012,40.099651],[-74.961916,40.099408],[-74.961672,40.099196],[-74.962069,40.098767],[-74.962093,40.098663],[-74.961577,40.09823],[-74.961811,40.097928],[-74.961766,40.097752],[-74.963025,40.097492],[-74.964155,40.097474],[-74.964893,40.097245],[-74.965683,40.097225],[-74.9663,40.097136],[-74.967798,40.097102],[-74.968083,40.09726],[-74.969359,40.09722],[-74.969933,40.096967],[-74.970828,40.096674],[-74.971016,40.096392],[-74.971766,40.096649],[-74.972544,40.096818],[-74.973821,40.096861],[-74.974713,40.096736],[-74.975173,40.096617],[-74.97577,40.096412],[-74.976783,40.095969],[-74.9781,40.099212],[-74.981083,40.101772],[-74.981481,40.10201],[-74.983393,40.103684],[-74.98252,40.104275]]],"type":"Polygon"},"properties":{"2013_population_estimate":6840,"aland":"2511856","awater":"4141","geoid":"14000US42101036303","name":"Census Tract 363.03, Philadelphia, PA"},"type":"Feature"},{"geometry":{"coordinates":[[[-75.005391,40.114802],[-74.997052,40.121168],[-74.993533,40.11868],[-74.990154,40.121649],[-74.987943,40.123291],[-74.987256,40.123267],[-74.986907,40.123375],[-74.986547,40.123058],[-74.986425,40.123048],[-74.984983,40.123896],[-74.984419,40.123798],[-74.984306,40.123593],[-74.984213,40.123561],[-74.983432,40.12362],[-74.982958,40.123353],[-74.982678,40.123007],[-74.982584,40.12279],[-74.982738,40.122537],[-74.982722,40.122352],[-74.982505,40.12195],[-74.982253,40.121895],[-74.982605,40.121182],[-74.982931,40.121093],[-74.983002,40.121008],[-74.983078,40.120641],[-74.982921,40.120282],[-74.982371,40.119942],[-74.981833,40.119919],[-74.981324,40.120149],[-74.980215,40.120015],[-74.979599,40.119421],[-74.979132,40.119343],[-74.978687,40.119534],[-74.978367,40.119455],[-74.977737,40.119654],[-74.977587,40.11976],[-74.977519,40.120018],[-74.977382,40.120062],[-74.976929,40.11992],[-74.976611,40.119966],[-74.976136,40.120142],[-74.976029,40.120278],[-74.97603,40.120437],[-74.975931,40.120457],[-74.975731,40.120392],[-74.975671,40.12019],[-74.9751,40.120211],[-74.974427,40.119797],[-74.972961,40.119803],[-74.972646,40.119655],[-74.971873,40.119084],[-74.970178,40.117004],[-74.969986,40.116947],[-74.969646,40.117],[-74.969202,40.116817],[-74.96832,40.117093],[-74.967559,40.117627],[-74.967461,40.117876],[-74.967353,40.117928],[-74.966384,40.118112],[-74.965463,40.118553],[-74.965205,40.118613],[-74.964991,40.118635],[-74.964612,40.118476],[-74.964497,40.118316],[-74.964488,40.118122],[-74.96426,40.117558],[-74.964648,40.117514],[-74.96572,40.118075],[-74.966621,40.117932],[-74.967318,40.117597],[-74.9683,40.116838],[-74.969499,40.116174],[-74.969758,40.115927],[-74.969996,40.113645],[-74.969881,40.113228],[-74.970286,40.113065],[-74.979465,40.10579],[-74.980342,40.105256],[-74.982348,40.104372],[-74.983393,40.103684],[-74.981997,40.102454],[-74.986674,40.099278],[-74.9994,40.110131],[-75.000959,40.111393],[-75.002414,40.110976],[-75.002944,40.110976],[-75.003554,40.110847],[-75.005391,40.114802]]],"type":"Polygon"},"properties":{"2013_population_estimate":1004,"aland":"4488319","awater":"8107","geoid":"14000US42101036400","name":"Census Tract 364, Philadelphia, PA"},"type":"Feature"},{"geometry":{"coordinates":[[[-75.02371,40.130053],[-75.020571,40.132274],[-75.01795,40.134848],[-75.016322,40.136527],[-75.015066,40.137992],[-75.00853,40.133992],[-75.007412,40.133377],[-75.003909,40.131339],[-75.003255,40.131012],[-75.003236,40.130921],[-75.003334,40.130096],[-75.003389,40.130003],[-75.005095,40.128198],[-75.005269,40.127925],[-75.005369,40.127632],[-75.005405,40.127241],[-75.005201,40.126562],[-75.005202,40.126348],[-75.00527,40.12605],[-75.006174,40.124918],[-75.006934,40.124286],[-75.010453,40.120681],[-75.024891,40.129216],[-75.02371,40.130053]]],"type":"Polygon"},"properties":{"2013_population_estimate":4831,"aland":"1816210","awater":"7169","geoid":"14000US42101036501","name":"Census Tract 365.01, Philadelphia, PA"},"type":"Feature"},{"geometry":{"coordinates":[[[-75.009147,40.12202],[-75.006934,40.124286],[-75.006174,40.124918],[-75.00527,40.12605],[-75.005201,40.126562],[-75.005405,40.127241],[-75.005369,40.127632],[-75.005269,40.127925],[-75.005095,40.128198],[-75.003389,40.130003],[-75.003334,40.130096],[-75.003232,40.130814],[-75.003255,40.131012],[-75.002273,40.130377],[-74.997885,40.127816],[-74.994187,40.131516],[-74.993894,40.131883],[-74.993508,40.131616],[-74.993211,40.13132],[-74.99278,40.130726],[-74.992744,40.130505],[-74.992864,40.130226],[-74.993047,40.130188],[-74.993104,40.130093],[-74.993134,40.129796],[-74.993524,40.12963],[-74.993449,40.129427],[-74.993422,40.129003],[-74.993506,40.128773],[-74.99366,40.128753],[-74.993783,40.128614],[-74.993812,40.128507],[-74.99366,40.128383],[-74.993668,40.128114],[-74.993752,40.127912],[-74.993894,40.12775],[-74.994237,40.1275],[-74.994407,40.127278],[-74.994473,40.127111],[-74.994544,40.126682],[-74.99435,40.126219],[-74.994167,40.126094],[-74.992876,40.125906],[-74.992044,40.125986],[-74.99062,40.126296],[-74.990294,40.12623],[-74.989559,40.126235],[-74.989156,40.126162],[-74.989058,40.126107],[-74.988977,40.125797],[-74.989072,40.125568],[-74.988797,40.125308],[-74.98858,40.124858],[-74.988632,40.124416],[-74.988453,40.124268],[-74.987707,40.123897],[-74.987315,40.123586],[-74.986907,40.123375],[-74.987256,40.123267],[-74.987943,40.123291],[-74.990154,40.121649],[-74.993533,40.11868],[-74.997052,40.121168],[-75.005391,40.114802],[-75.006759,40.117868],[-75.006991,40.118599],[-75.010453,40.120681],[-75.009147,40.12202]]],"type":"Polygon"},"properties":{"2013_population_estimate":4284,"aland":"1697777","awater":"0","geoid":"14000US42101036502","name":"Census Tract 365.02, Philadelphia, PA"},"type":"Feature"},{"geometry":{"coordinates":[[[-75.14694,39.927863],[-75.146461,39.930026],[-75.14637,39.930226],[-75.145702,39.933438],[-75.145392,39.933378],[-75.144858,39.93558],[-75.144106,39.937844],[-75.143877,39.938784],[-75.144529,39.938873],[-75.142466,39.948174],[-75.142052,39.948122],[-75.141936,39.948677],[-75.141469,39.951698],[-75.141624,39.955289],[-75.141412,39.957117],[-75.139954,39.956928],[-75.138081,39.962936],[-75.136755,39.962766],[-75.136242,39.962415],[-75.136516,39.961727],[-75.136171,39.961648],[-75.136226,39.961599],[-75.136065,39.961491],[-75.135586,39.961183],[-75.135223,39.961067],[-75.134545,39.960597],[-75.134701,39.960468],[-75.135151,39.960765],[-75.136562,39.96108],[-75.136638,39.960881],[-75.13534,39.960574],[-75.135395,39.960471],[-75.134765,39.960326],[-75.134702,39.960294],[-75.134774,39.960109],[-75.134348,39.960001],[-75.134386,39.959896],[-75.131742,39.959838],[-75.13088,39.959144],[-75.131538,39.958283],[-75.133347,39.955113],[-75.133698,39.95462],[-75.134878,39.952076],[-75.135761,39.949452],[-75.136037,39.948269],[-75.136288,39.946588],[-75.136316,39.945841],[-75.136227,39.944932],[-75.135763,39.941963],[-75.135699,39.940795],[-75.135954,39.933803],[-75.135912,39.932445],[-75.135608,39.930657],[-75.135178,39.928698],[-75.134008,39.925824],[-75.140261,39.926353],[-75.140585,39.926437],[-75.140894,39.927227],[-75.141664,39.927482],[-75.141822,39.927406],[-75.142098,39.927016],[-75.146985,39.927665],[-75.14694,39.927863]]],"type":"Polygon"},"properties":{"2013_population_estimate":2240,"aland":"1150251","awater":"1564128","geoid":"14000US42101036600","name":"Census Tract 366, Philadelphia, PA"},"type":"Feature"},{"geometry":{"coordinates":[[[-75.148859,39.957744],[-75.147791,39.963473],[-75.147813,39.963583],[-75.147146,39.967126],[-75.139336,39.9635],[-75.138827,39.963129],[-75.138434,39.963083],[-75.138081,39.962936],[-75.139954,39.956928],[-75.141412,39.957117],[-75.141586,39.955754],[-75.141913,39.956027],[-75.142177,39.956184],[-75.142441,39.956309],[-75.143195,39.956542],[-75.144255,39.956784],[-75.144451,39.956838],[-75.14462,39.956914],[-75.147448,39.957436],[-75.147642,39.9575],[-75.14808,39.957577],[-75.148877,39.957664],[-75.148859,39.957744]]],"type":"Polygon"},"properties":{"2013_population_estimate":3611,"aland":"729908","awater":"0","geoid":"14000US42101036700","name":"Census Tract 367, Philadelphia, PA"},"type":"Feature"},{"geometry":{"coordinates":[[[-75.207739,39.941366],[-75.206188,39.942769],[-75.20506,39.943624],[-75.205203,39.943771],[-75.205313,39.944102],[-75.205281,39.944155],[-75.205373,39.945058],[-75.207046,39.946754],[-75.205167,39.948522],[-75.205032,39.948533],[-75.203012,39.949281],[-75.201199,39.94983],[-75.200967,39.949862],[-75.200147,39.949582],[-75.199734,39.949367],[-75.199545,39.949211],[-75.199655,39.949532],[-75.199662,39.949772],[-75.199607,39.95003],[-75.199519,39.95022],[-75.195577,39.949728],[-75.195322,39.950781],[-75.191689,39.95032],[-75.187231,39.947176],[-75.18872,39.946108],[-75.191495,39.943153],[-75.193709,39.942265],[-75.193872,39.9421],[-75.193985,39.942154],[-75.194971,39.942191],[-75.195646,39.942305],[-75.20017,39.943956],[-75.200639,39.944011],[-75.200949,39.943998],[-75.201797,39.943915],[-75.203156,39.943591],[-75.203922,39.943149],[-75.204326,39.942835],[-75.204756,39.942287],[-75.205005,39.941804],[-75.205185,39.941116],[-75.207099,39.941281],[-75.207838,39.941286],[-75.207739,39.941366]]],"type":"Polygon"},"properties":{"2013_population_estimate":25,"aland":"973722","awater":"113282","geoid":"14000US42101036901","name":"Census Tract 369.01, Philadelphia, PA"},"type":"Feature"},{"geometry":{"coordinates":[[[-75.199427,39.950419],[-75.199204,39.951257],[-75.197243,39.951021],[-75.197007,39.952269],[-75.19683,39.952977],[-75.196121,39.956429],[-75.183282,39.954813],[-75.180223,39.954472],[-75.180909,39.952982],[-75.181663,39.951509],[-75.183288,39.949512],[-75.185155,39.948386],[-75.185634,39.948021],[-75.187231,39.947176],[-75.191689,39.95032],[-75.195322,39.950781],[-75.195577,39.949728],[-75.199519,39.95022],[-75.199427,39.950419]]],"type":"Polygon"},"properties":{"2013_population_estimate":6267,"aland":"883507","awater":"49251","geoid":"14000US42101036902","name":"Census Tract 369.02, Philadelphia, PA"},"type":"Feature"},{"geometry":{"coordinates":[[[-75.172237,39.912468],[-75.171877,39.914256],[-75.171925,39.914373],[-75.171423,39.916757],[-75.171272,39.916778],[-75.16281,39.915646],[-75.148124,39.913772],[-75.148746,39.911422],[-75.1489,39.91051],[-75.149046,39.909325],[-75.149181,39.908642],[-75.151875,39.909112],[-75.152765,39.909311],[-75.154517,39.909773],[-75.156625,39.910138],[-75.159738,39.910789],[-75.172253,39.912388],[-75.172237,39.912468]]],"type":"Polygon"},"properties":{"2013_population_estimate":3918,"aland":"1027185","awater":"0","geoid":"14000US42101037200","name":"Census Tract 372, Philadelphia, PA"},"type":"Feature"},{"geometry":{"coordinates":[[[-75.193987,39.905633],[-75.192285,39.906428],[-75.19022,39.915884],[-75.189938,39.915301],[-75.189481,39.91484],[-75.18901,39.914556],[-75.188411,39.914336],[-75.182612,39.913574],[-75.179596,39.913324],[-75.171928,39.912348],[-75.172155,39.911664],[-75.169806,39.911326],[-75.169996,39.910018],[-75.17053,39.910096],[-75.17081,39.908594],[-75.172659,39.908808],[-75.172846,39.907948],[-75.1828,39.909208],[-75.183387,39.906617],[-75.173536,39.90539],[-75.173557,39.905048],[-75.174353,39.901529],[-75.174959,39.898488],[-75.176562,39.898666],[-75.177242,39.898613],[-75.187183,39.896682],[-75.188542,39.89657],[-75.189553,39.896694],[-75.189993,39.89681],[-75.190649,39.896619],[-75.19194,39.896089],[-75.192433,39.897601],[-75.193346,39.898792],[-75.193592,39.899297],[-75.193795,39.899953],[-75.193868,39.900989],[-75.193465,39.903433],[-75.193522,39.904074],[-75.193987,39.905633]]],"type":"Polygon"},"properties":{"2013_population_estimate":6427,"aland":"2597401","awater":"135359","geoid":"14000US42101037300","name":"Census Tract 373, Philadelphia, PA"},"type":"Feature"},{"geometry":{"coordinates":[[[-75.265511,39.981857],[-75.263687,39.982658],[-75.259476,39.984955],[-75.258545,39.985527],[-75.256119,39.987301],[-75.247948,39.991138],[-75.247008,39.989933],[-75.246641,39.989676],[-75.246187,39.989516],[-75.246416,39.988266],[-75.245478,39.986619],[-75.247832,39.985522],[-75.24819,39.985469],[-75.248991,39.985109],[-75.248668,39.98468],[-75.248346,39.982968],[-75.25221,39.981012],[-75.252858,39.98049],[-75.253104,39.98018],[-75.253497,39.979533],[-75.253929,39.979067],[-75.25447,39.978703],[-75.255023,39.978468],[-75.256007,39.978092],[-75.256605,39.981408],[-75.256391,39.981757],[-75.255802,39.982254],[-75.257113,39.983789],[-75.259062,39.982814],[-75.259764,39.980808],[-75.259773,39.980556],[-75.259471,39.97978],[-75.261282,39.978272],[-75.263334,39.979521],[-75.263225,39.979575],[-75.264158,39.980124],[-75.265566,39.981832],[-75.265511,39.981857]]],"type":"Polygon"},"properties":{"2013_population_estimate":3700,"aland":"1033282","awater":"1496","geoid":"14000US42101037500","name":"Census Tract 375, Philadelphia, PA"},"type":"Feature"},{"geometry":{"coordinates":[[[-75.162319,39.95793],[-75.161376,39.962225],[-75.161409,39.962345],[-75.161188,39.963422],[-75.158483,39.963077],[-75.153384,39.962512],[-75.148029,39.962265],[-75.148877,39.957664],[-75.149526,39.957662],[-75.150172,39.957592],[-75.152893,39.956884],[-75.153783,39.956785],[-75.154451,39.956777],[-75.158728,39.957366],[-75.162339,39.957825],[-75.162319,39.95793]]],"type":"Polygon"},"properties":{"2013_population_estimate":3304,"aland":"694156","awater":"0","geoid":"14000US42101037600","name":"Census Tract 376, Philadelphia, PA"},"type":"Feature"},{"geometry":{"coordinates":[[[-75.157255,39.981693],[-75.156275,39.986283],[-75.144154,39.984724],[-75.14405,39.983721],[-75.14501,39.978597],[-75.157581,39.980223],[-75.157255,39.981693]]],"type":"Polygon"},"properties":{"2013_population_estimate":5349,"aland":"736880","awater":"0","geoid":"14000US42101037700","name":"Census Tract 377, Philadelphia, PA"},"type":"Feature"},{"geometry":{"coordinates":[[[-75.123489,39.972651],[-75.12318,39.973249],[-75.12119,39.97533],[-75.119959,39.975915],[-75.117697,39.980904],[-75.117355,39.981481],[-75.113227,39.976803],[-75.096706,39.985449],[-75.08604,39.990897],[-75.086603,39.990017],[-75.081387,39.992731],[-75.081714,39.993102],[-75.080785,39.993572],[-75.079327,39.991933],[-75.078288,39.990945],[-75.070716,39.985097],[-75.067816,39.983281],[-75.070138,39.981444],[-75.073231,39.979559],[-75.075823,39.978347],[-75.07841,39.977418],[-75.0802,39.97702],[-75.081218,39.976673],[-75.086391,39.975666],[-75.096372,39.973981],[-75.103042,39.972258],[-75.105077,39.971596],[-75.110513,39.96951],[-75.119154,39.965803],[-75.121241,39.968659],[-75.121476,39.969251],[-75.122211,39.970172],[-75.122121,39.970859],[-75.121772,39.971003],[-75.119617,39.97295],[-75.120235,39.97332],[-75.120682,39.973416],[-75.121045,39.973372],[-75.123503,39.972523],[-75.123489,39.972651]]],"type":"Polygon"},"properties":{"2013_population_estimate":2215,"aland":"3764027","awater":"1817969","geoid":"14000US42101037800","name":"Census Tract 378, Philadelphia, PA"},"type":"Feature"},{"geometry":{"coordinates":[[[-75.105064,39.987073],[-75.095726,39.99195],[-75.097007,39.993399],[-75.094523,39.994603],[-75.08637,39.998895],[-75.085903,39.998444],[-75.085267,39.997911],[-75.084434,39.997337],[-75.083704,39.996753],[-75.082659,39.995686],[-75.080785,39.993572],[-75.081714,39.993102],[-75.081387,39.992731],[-75.086603,39.990017],[-75.08604,39.990897],[-75.096706,39.985449],[-75.101439,39.982974],[-75.105064,39.987073]]],"type":"Polygon"},"properties":{"2013_population_estimate":5105,"aland":"1400253","awater":"11282","geoid":"14000US42101037900","name":"Census Tract 379, Philadelphia, PA"},"type":"Feature"},{"geometry":{"coordinates":[[[-75.090154,40.004148],[-75.089285,40.0049],[-75.087733,40.005933],[-75.086856,40.006344],[-75.085612,40.006784],[-75.084647,40.007056],[-75.069508,40.010798],[-75.069384,40.010465],[-75.069047,40.009276],[-75.068938,40.008779],[-75.069381,40.008674],[-75.069964,40.008472],[-75.072487,40.008123],[-75.072702,40.007904],[-75.073401,40.007338],[-75.079781,40.002337],[-75.08637,39.998895],[-75.086891,39.99941],[-75.087149,39.999721],[-75.0874,40.000097],[-75.08746,40.000311],[-75.087485,40.000574],[-75.087557,40.001847],[-75.08763,40.002162],[-75.087933,40.002829],[-75.088099,40.003104],[-75.088572,40.00352],[-75.088909,40.003697],[-75.08948,40.00388],[-75.090154,40.004148]]],"type":"Polygon"},"properties":{"2013_population_estimate":2545,"aland":"874362","awater":"7008","geoid":"14000US42101038000","name":"Census Tract 380, Philadelphia, PA"},"type":"Feature"},{"geometry":{"coordinates":[[[-75.069508,40.010798],[-75.060668,40.01295],[-75.057204,40.014085],[-75.053962,40.015557],[-75.040499,40.022297],[-75.021725,40.033923],[-75.021419,40.033751],[-75.020425,40.033791],[-75.018617,40.033655],[-75.017973,40.033361],[-75.022508,40.030832],[-75.021941,40.030451],[-75.015583,40.023134],[-75.013944,40.020441],[-75.016278,40.019213],[-75.018256,40.018385],[-75.020415,40.017705],[-75.023771,40.017069],[-75.030938,40.016092],[-75.034783,40.015421],[-75.037879,40.014555],[-75.040379,40.013612],[-75.043471,40.012168],[-75.047007,40.0103],[-75.048831,40.009182],[-75.05092,40.007624],[-75.052356,40.006385],[-75.052878,40.005745],[-75.053945,40.004123],[-75.058457,40.004988],[-75.058226,40.005412],[-75.058662,40.005462],[-75.061486,40.00677],[-75.062088,40.006672],[-75.062543,40.006224],[-75.062915,40.006105],[-75.064579,40.006194],[-75.065901,40.006038],[-75.067696,40.005333],[-75.068625,40.007644],[-75.069508,40.010798]]],"type":"Polygon"},"properties":{"2013_population_estimate":780,"aland":"3322102","awater":"1604215","geoid":"14000US42101038100","name":"Census Tract 381, Philadelphia, PA"},"type":"Feature"},{"geometry":{"coordinates":[[[-75.109709,39.992334],[-75.097949,39.998496],[-75.099998,40.000816],[-75.100085,40.000977],[-75.104197,40.001525],[-75.092574,40.007932],[-75.092244,40.007559],[-75.092133,40.007344],[-75.092127,40.007184],[-75.092189,40.006969],[-75.0923,40.006817],[-75.092827,40.006289],[-75.09291,40.005972],[-75.092891,40.005804],[-75.092794,40.005643],[-75.092218,40.005077],[-75.092137,40.004942],[-75.091905,40.00478],[-75.088909,40.003697],[-75.088572,40.00352],[-75.088099,40.003104],[-75.08763,40.002162],[-75.087557,40.001847],[-75.087485,40.000574],[-75.0874,40.000097],[-75.086891,39.99941],[-75.08637,39.998895],[-75.094523,39.994603],[-75.097007,39.993399],[-75.095726,39.99195],[-75.105064,39.987073],[-75.109709,39.992334]]],"type":"Polygon"},"properties":{"2013_population_estimate":2819,"aland":"1828675","awater":"13220","geoid":"14000US42101038200","name":"Census Tract 382, Philadelphia, PA"},"type":"Feature"},{"geometry":{"coordinates":[[[-75.137529,40.004304],[-75.134194,40.019619],[-75.128883,40.018945],[-75.129583,40.015961],[-75.129501,40.015888],[-75.129505,40.015803],[-75.129695,40.015024],[-75.129852,40.014607],[-75.129953,40.01422],[-75.131186,40.008548],[-75.131345,40.007993],[-75.131937,40.005156],[-75.133021,40.005104],[-75.133692,40.005003],[-75.134351,40.00486],[-75.1353,40.004558],[-75.137669,40.003645],[-75.137529,40.004304]]],"type":"Polygon"},"properties":{"2013_population_estimate":2356,"aland":"753750","awater":"0","geoid":"14000US42101038301","name":"Census Tract 383.01, Philadelphia, PA"},"type":"Feature"},{"geometry":{"coordinates":[[[-75.243288,40.073494],[-75.232952,40.083618],[-75.232828,40.08334],[-75.232703,40.083258],[-75.231412,40.082658],[-75.229996,40.082384],[-75.229409,40.082195],[-75.228418,40.08182],[-75.227611,40.081377],[-75.227444,40.081209],[-75.227215,40.080754],[-75.226735,40.080284],[-75.226326,40.079759],[-75.225988,40.079068],[-75.228749,40.077891],[-75.230411,40.077042],[-75.228788,40.076309],[-75.227908,40.075341],[-75.225658,40.07485],[-75.225202,40.074072],[-75.227005,40.072605],[-75.227154,40.071827],[-75.228088,40.070649],[-75.226651,40.070458],[-75.223769,40.067923],[-75.223538,40.067435],[-75.225109,40.06608],[-75.2248,40.062554],[-75.225959,40.062153],[-75.223454,40.059173],[-75.224933,40.058349],[-75.226449,40.058757],[-75.227143,40.059055],[-75.228493,40.060331],[-75.227546,40.060839],[-75.226882,40.061813],[-75.228446,40.06254],[-75.228135,40.062824],[-75.227898,40.063449],[-75.227925,40.063987],[-75.228031,40.064317],[-75.228211,40.064678],[-75.230082,40.0663],[-75.232439,40.064739],[-75.231724,40.064099],[-75.238182,40.059771],[-75.238469,40.060142],[-75.23885,40.060815],[-75.239105,40.061529],[-75.239781,40.064335],[-75.240092,40.067344],[-75.240321,40.068383],[-75.240839,40.069819],[-75.241221,40.070662],[-75.242047,40.071949],[-75.243288,40.073494]]],"type":"Polygon"},"properties":{"2013_population_estimate":2529,"aland":"2590560","awater":"0","geoid":"14000US42101038400","name":"Census Tract 384, Philadelphia, PA"},"type":"Feature"},{"geometry":{"coordinates":[[[-75.22732,40.084245],[-75.227004,40.084239],[-75.225515,40.084409],[-75.225135,40.084411],[-75.224652,40.084361],[-75.224012,40.084218],[-75.221511,40.083223],[-75.217463,40.080575],[-75.215112,40.079714],[-75.207985,40.07695],[-75.204902,40.075122],[-75.203602,40.074328],[-75.203427,40.07418],[-75.202651,40.073212],[-75.20423,40.071675],[-75.204218,40.071632],[-75.202915,40.07085],[-75.204166,40.069595],[-75.204414,40.069416],[-75.205815,40.070106],[-75.208321,40.06767],[-75.208933,40.067015],[-75.211138,40.068318],[-75.211234,40.068436],[-75.211261,40.068629],[-75.2112,40.068809],[-75.211625,40.070754],[-75.211442,40.070919],[-75.215385,40.073257],[-75.215157,40.073485],[-75.216984,40.074811],[-75.216544,40.075623],[-75.215755,40.076447],[-75.216558,40.076935],[-75.21679,40.076903],[-75.2172,40.076944],[-75.21843,40.075856],[-75.222262,40.078299],[-75.221513,40.079063],[-75.22163,40.079128],[-75.223068,40.078551],[-75.224186,40.079241],[-75.224633,40.079605],[-75.224138,40.08003],[-75.22554,40.081825],[-75.227261,40.083153],[-75.226772,40.083248],[-75.227717,40.084321],[-75.22732,40.084245]]],"type":"Polygon"},"properties":{"2013_population_estimate":1843,"aland":"1344519","awater":"2576","geoid":"14000US42101038500","name":"Census Tract 385, Philadelphia, PA"},"type":"Feature"},{"geometry":{"coordinates":[[[-75.221348,40.072432],[-75.222268,40.073056],[-75.220081,40.07287],[-75.215751,40.072877],[-75.215385,40.073257],[-75.211442,40.070919],[-75.211625,40.070754],[-75.2112,40.068809],[-75.211234,40.068436],[-75.208933,40.067015],[-75.209573,40.066375],[-75.206782,40.064755],[-75.20615,40.065376],[-75.204744,40.064538],[-75.20714,40.062139],[-75.203738,40.060137],[-75.203219,40.059945],[-75.202545,40.059884],[-75.201856,40.05893],[-75.201787,40.058094],[-75.201819,40.057852],[-75.20192,40.057738],[-75.201818,40.057438],[-75.201896,40.057036],[-75.201857,40.056814],[-75.202704,40.056078],[-75.202787,40.055791],[-75.202997,40.055609],[-75.203219,40.055612],[-75.20335,40.055392],[-75.20366,40.055196],[-75.204845,40.054823],[-75.203727,40.053928],[-75.203342,40.053504],[-75.196511,40.049188],[-75.199409,40.046469],[-75.198411,40.045827],[-75.200512,40.043839],[-75.201026,40.043193],[-75.201433,40.042404],[-75.207005,40.047063],[-75.206632,40.047417],[-75.208054,40.04749],[-75.209622,40.047047],[-75.209985,40.047089],[-75.210337,40.047773],[-75.211343,40.048531],[-75.212073,40.048756],[-75.212788,40.049274],[-75.213377,40.049215],[-75.214124,40.049661],[-75.21487,40.050971],[-75.215534,40.051568],[-75.216824,40.052399],[-75.217333,40.052902],[-75.217731,40.053851],[-75.217933,40.055026],[-75.217903,40.055401],[-75.217506,40.055311],[-75.217159,40.055526],[-75.216763,40.05595],[-75.216349,40.056136],[-75.215778,40.056206],[-75.21498,40.056116],[-75.214035,40.056498],[-75.213424,40.056991],[-75.212831,40.057801],[-75.212549,40.058425],[-75.212572,40.058569],[-75.212955,40.057817],[-75.214011,40.0571],[-75.21579,40.056645],[-75.216558,40.057441],[-75.216866,40.057179],[-75.21733,40.05789],[-75.217031,40.059025],[-75.218818,40.059154],[-75.22054,40.061923],[-75.219853,40.062634],[-75.220769,40.064065],[-75.218506,40.066949],[-75.215632,40.068469],[-75.215188,40.068154],[-75.21441,40.06884],[-75.215983,40.069557],[-75.216202,40.06925],[-75.217151,40.068512],[-75.218898,40.067813],[-75.222536,40.071328],[-75.221348,40.072432]]],"type":"Polygon"},"properties":{"2013_population_estimate":1395,"aland":"3310650","awater":"32075","geoid":"14000US42101038600","name":"Census Tract 386, Philadelphia, PA"},"type":"Feature"},{"geometry":{"coordinates":[[[-75.229772,40.086758],[-75.22361,40.092907],[-75.21357,40.087154],[-75.213198,40.086865],[-75.212375,40.085995],[-75.212007,40.085968],[-75.211868,40.086086],[-75.20977,40.085133],[-75.209396,40.084927],[-75.20784,40.083778],[-75.206711,40.083214],[-75.197601,40.077991],[-75.198641,40.076812],[-75.199196,40.076131],[-75.199281,40.075957],[-75.199411,40.075887],[-75.199428,40.075833],[-75.199379,40.075781],[-75.199496,40.07547],[-75.199786,40.075366],[-75.199896,40.075406],[-75.200119,40.075373],[-75.200878,40.074958],[-75.202651,40.073212],[-75.203427,40.07418],[-75.203602,40.074328],[-75.207985,40.07695],[-75.215112,40.079714],[-75.217463,40.080575],[-75.221511,40.083223],[-75.224012,40.084218],[-75.224652,40.084361],[-75.225515,40.084409],[-75.227258,40.084238],[-75.227717,40.084321],[-75.228041,40.084449],[-75.228599,40.084874],[-75.2305,40.086022],[-75.229772,40.086758]]],"type":"Polygon"},"properties":{"2013_population_estimate":2559,"aland":"2051448","awater":"22042","geoid":"14000US42101038700","name":"Census Tract 387, Philadelphia, PA"},"type":"Feature"},{"geometry":{"coordinates":[[[-75.204767,40.054856],[-75.20366,40.055196],[-75.20335,40.055392],[-75.203297,40.055542],[-75.203219,40.055612],[-75.203157,40.055642],[-75.20302,40.055604],[-75.202934,40.055641],[-75.202763,40.055828],[-75.202704,40.056078],[-75.20221,40.056543],[-75.201857,40.056814],[-75.201896,40.057036],[-75.201823,40.05728],[-75.201818,40.057438],[-75.201831,40.057566],[-75.20192,40.057738],[-75.201819,40.057852],[-75.201795,40.057977],[-75.201787,40.058094],[-75.201872,40.05855],[-75.201821,40.058795],[-75.201856,40.05893],[-75.202545,40.059884],[-75.202468,40.060254],[-75.202391,40.060435],[-75.201913,40.061148],[-75.201843,40.061323],[-75.20181,40.06156],[-75.201841,40.061767],[-75.201921,40.06197],[-75.202475,40.06265],[-75.201268,40.063853],[-75.201204,40.063956],[-75.200359,40.063476],[-75.200192,40.063649],[-75.199797,40.063954],[-75.199247,40.06424],[-75.198854,40.064389],[-75.198659,40.064512],[-75.198479,40.06466],[-75.198153,40.06514],[-75.197882,40.065462],[-75.197048,40.066076],[-75.196638,40.066481],[-75.196385,40.066623],[-75.196022,40.065401],[-75.195726,40.065177],[-75.195092,40.064915],[-75.194295,40.064501],[-75.194154,40.064376],[-75.191291,40.060456],[-75.190015,40.058982],[-75.188378,40.057436],[-75.188077,40.056898],[-75.191752,40.054604],[-75.192966,40.055267],[-75.193951,40.054358],[-75.19363,40.054123],[-75.193373,40.053798],[-75.19326,40.053464],[-75.193235,40.053275],[-75.19326,40.053057],[-75.193456,40.052647],[-75.194083,40.051633],[-75.194326,40.051711],[-75.194491,40.051466],[-75.196511,40.049188],[-75.203342,40.053504],[-75.203727,40.053928],[-75.204845,40.054823],[-75.204767,40.054856]]],"type":"Polygon"},"properties":{"2013_population_estimate":3956,"aland":"1390293","awater":"4751","geoid":"14000US42101038800","name":"Census Tract 388, Philadelphia, PA"},"type":"Feature"},{"geometry":{"coordinates":[[[-75.177193,40.05308],[-75.175756,40.054459],[-75.175743,40.054577],[-75.176188,40.055819],[-75.17526,40.05671],[-75.174759,40.057282],[-75.173579,40.056546],[-75.171463,40.058652],[-75.168641,40.061373],[-75.162247,40.057701],[-75.161948,40.057566],[-75.158889,40.055768],[-75.167701,40.047245],[-75.170884,40.049199],[-75.171755,40.048359],[-75.172182,40.04926],[-75.172888,40.050431],[-75.177193,40.05308]]],"type":"Polygon"},"properties":{"2013_population_estimate":3429,"aland":"1280554","awater":"0","geoid":"14000US42101038900","name":"Census Tract 389, Philadelphia, PA"},"type":"Feature"},{"geometry":{"coordinates":[[[-75.101342,40.038502],[-75.098474,40.040955],[-75.096603,40.042487],[-75.091859,40.047485],[-75.088312,40.045514],[-75.088975,40.044332],[-75.088978,40.044082],[-75.088402,40.041925],[-75.088184,40.040767],[-75.088237,40.040327],[-75.088566,40.039096],[-75.088731,40.038236],[-75.088709,40.03795],[-75.088091,40.03654],[-75.087159,40.03479],[-75.085313,40.033521],[-75.084906,40.03292],[-75.084832,40.032349],[-75.08451,40.032278],[-75.084273,40.032172],[-75.084097,40.03188],[-75.084111,40.031618],[-75.084197,40.031438],[-75.08449,40.031292],[-75.084794,40.031223],[-75.08508,40.031266],[-75.085263,40.031381],[-75.085381,40.031491],[-75.085502,40.031702],[-75.086551,40.031133],[-75.09227,40.034323],[-75.089404,40.037263],[-75.091334,40.038409],[-75.091311,40.038586],[-75.090543,40.039142],[-75.09159,40.039734],[-75.091916,40.040045],[-75.09203,40.040214],[-75.094299,40.038202],[-75.095566,40.037178],[-75.096098,40.036574],[-75.096847,40.03697],[-75.097503,40.036926],[-75.098416,40.036101],[-75.101572,40.038293],[-75.101342,40.038502]]],"type":"Polygon"},"properties":{"2013_population_estimate":4047,"aland":"943337","awater":"0","geoid":"14000US42101039001","name":"Census Tract 390.01, Philadelphia, PA"},"type":"Feature"},{"geometry":{"coordinates":[[[-75.104244,40.030261],[-75.098416,40.036101],[-75.097503,40.036926],[-75.096847,40.03697],[-75.096098,40.036574],[-75.095566,40.037178],[-75.094299,40.038202],[-75.09203,40.040214],[-75.091916,40.040045],[-75.09159,40.039734],[-75.090543,40.039142],[-75.091311,40.038586],[-75.091334,40.038409],[-75.090739,40.038027],[-75.089404,40.037263],[-75.09227,40.034323],[-75.086551,40.031133],[-75.094142,40.026953],[-75.094563,40.026759],[-75.095236,40.02659],[-75.095497,40.026565],[-75.096038,40.026567],[-75.096405,40.026617],[-75.096726,40.026698],[-75.097318,40.026949],[-75.10128,40.029514],[-75.101728,40.029726],[-75.102198,40.029882],[-75.102702,40.029994],[-75.103228,40.030048],[-75.10379,40.030039],[-75.104331,40.029981],[-75.104244,40.030261]]],"type":"Polygon"},"properties":{"2013_population_estimate":4685,"aland":"1087570","awater":"0","geoid":"14000US42101039002","name":"Census Tract 390.02, Philadelphia, PA"},"type":"Feature"},{"geometry":{"coordinates":[[[-75.222351,39.931047],[-75.209424,39.940056],[-75.208683,39.940604],[-75.207838,39.941286],[-75.207099,39.941281],[-75.205185,39.941116],[-75.205284,39.940446],[-75.205578,39.937111],[-75.206204,39.934974],[-75.206322,39.934759],[-75.206837,39.934086],[-75.207433,39.933513],[-75.207479,39.933522],[-75.208706,39.931531],[-75.211253,39.928519],[-75.212428,39.92523],[-75.213308,39.92554],[-75.219434,39.928082],[-75.222696,39.930808],[-75.222351,39.931047]]],"type":"Polygon"},"properties":{"2013_population_estimate":3248,"aland":"1119799","awater":"133239","geoid":"14000US42101039100","name":"Census Tract 391, Philadelphia, PA"},"type":"Feature"},{"geometry":{"coordinates":[[[-75.204218,39.98485],[-75.204084,39.985856],[-75.201107,39.987635],[-75.197789,39.991306],[-75.193986,39.995365],[-75.191754,39.999748],[-75.19081,39.999899],[-75.190518,39.999641],[-75.189577,39.999895],[-75.188815,40.000204],[-75.188447,40.000272],[-75.18734,40.00026],[-75.186861,40.000409],[-75.187589,39.99856],[-75.187582,39.996042],[-75.18726,39.994947],[-75.186148,39.992662],[-75.189162,39.979012],[-75.189232,39.9788],[-75.18966,39.978366],[-75.189882,39.977933],[-75.189781,39.977432],[-75.189674,39.977173],[-75.188544,39.976905],[-75.188005,39.976584],[-75.187816,39.976363],[-75.185933,39.972691],[-75.185442,39.971999],[-75.181897,39.96902],[-75.181589,39.969025],[-75.179683,39.967416],[-75.177513,39.965382],[-75.175984,39.964208],[-75.176548,39.964378],[-75.17786,39.964555],[-75.178068,39.964671],[-75.181416,39.964378],[-75.181987,39.964525],[-75.183323,39.964374],[-75.184976,39.966129],[-75.191012,39.970034],[-75.193731,39.975114],[-75.193745,39.97538],[-75.193985,39.976132],[-75.198654,39.978457],[-75.201831,39.980357],[-75.204417,39.983169],[-75.204218,39.98485]]],"type":"Polygon"},"properties":{"2013_population_estimate":0,"aland":"2526129","awater":"693368","geoid":"14000US42101980001","name":"Census Tract 9800.01, Philadelphia, PA"},"type":"Feature"},{"geometry":{"coordinates":[[[-75.227023,39.983262],[-75.226825,39.98432],[-75.225573,39.987151],[-75.225109,39.987582],[-75.220317,39.990286],[-75.218288,39.994051],[-75.217434,39.994695],[-75.216331,39.995826],[-75.215572,39.996241],[-75.212381,39.997188],[-75.209156,39.998339],[-75.207692,39.998088],[-75.207321,39.99874],[-75.207255,39.999119],[-75.206695,39.999167],[-75.20658,39.999349],[-75.206653,39.999595],[-75.205488,40.000902],[-75.20412,40.000328],[-75.200868,40.004432],[-75.202057,40.004729],[-75.201786,40.004972],[-75.200992,40.005265],[-75.201293,40.00597],[-75.20338,40.005165],[-75.207504,40.006469],[-75.206544,40.007117],[-75.203156,40.008256],[-75.206157,40.009105],[-75.208221,40.009947],[-75.207281,40.010545],[-75.2071,40.010887],[-75.205978,40.011723],[-75.203107,40.010138],[-75.193212,40.006927],[-75.192467,40.006482],[-75.192101,40.005995],[-75.19132,40.003715],[-75.191754,39.999748],[-75.193986,39.995365],[-75.201107,39.987635],[-75.204084,39.985856],[-75.204417,39.983169],[-75.201831,39.980357],[-75.198654,39.978457],[-75.193985,39.976132],[-75.193731,39.975114],[-75.191012,39.970034],[-75.184976,39.966129],[-75.183323,39.964374],[-75.185649,39.963626],[-75.186742,39.963445],[-75.187141,39.964615],[-75.187575,39.96533],[-75.188524,39.966088],[-75.189869,39.966898],[-75.191064,39.967414],[-75.194518,39.968278],[-75.201219,39.970214],[-75.20027,39.970613],[-75.199367,39.97119],[-75.198995,39.971543],[-75.198621,39.97222],[-75.198461,39.972522],[-75.198809,39.974722],[-75.20372,39.974182],[-75.223157,39.981381],[-75.223789,39.98152],[-75.225162,39.981336],[-75.226202,39.981608],[-75.227057,39.982691],[-75.227023,39.983262]]],"type":"Polygon"},"properties":{"2013_population_estimate":0,"aland":"5921043","awater":"565979","geoid":"14000US42101980002","name":"Census Tract 9800.02, Philadelphia, PA"},"type":"Feature"},{"geometry":{"coordinates":[[[-75.187057,39.95534],[-75.186922,39.956022],[-75.186846,39.956148],[-75.186713,39.956234],[-75.186574,39.956251],[-75.184808,39.956022],[-75.18449,39.956914],[-75.185738,39.957324],[-75.186021,39.957473],[-75.186286,39.957641],[-75.186506,39.95784],[-75.186626,39.958087],[-75.186694,39.958346],[-75.186744,39.958871],[-75.186732,39.959924],[-75.186658,39.960976],[-75.186628,39.962028],[-75.186643,39.962818],[-75.186668,39.963081],[-75.186742,39.963445],[-75.186437,39.963481],[-75.185649,39.963626],[-75.18521,39.963757],[-75.184312,39.964104],[-75.183744,39.964278],[-75.183323,39.964374],[-75.181679,39.962099],[-75.179937,39.960028],[-75.179126,39.958004],[-75.17972,39.956164],[-75.179889,39.955436],[-75.180223,39.954472],[-75.183282,39.954813],[-75.187064,39.955295],[-75.187057,39.95534]]],"type":"Polygon"},"properties":{"2013_population_estimate":0,"aland":"454315","awater":"62922","geoid":"14000US42101980003","name":"Census Tract 9800.03, Philadelphia, PA"},"type":"Feature"},{"geometry":{"coordinates":[[[-75.232952,40.083618],[-75.2305,40.086022],[-75.227717,40.084321],[-75.226772,40.083248],[-75.227261,40.083153],[-75.22554,40.081825],[-75.224138,40.08003],[-75.224633,40.079605],[-75.224186,40.079241],[-75.223068,40.078551],[-75.221513,40.079063],[-75.222262,40.078299],[-75.21843,40.075856],[-75.2172,40.076944],[-75.216558,40.076935],[-75.215755,40.076447],[-75.216544,40.075623],[-75.216984,40.074811],[-75.215157,40.073485],[-75.215751,40.072877],[-75.220081,40.07287],[-75.222268,40.073056],[-75.221348,40.072432],[-75.222536,40.071328],[-75.218898,40.067813],[-75.217151,40.068512],[-75.215983,40.069557],[-75.21441,40.06884],[-75.215188,40.068154],[-75.215632,40.068469],[-75.218506,40.066949],[-75.220769,40.064065],[-75.219853,40.062634],[-75.22054,40.061923],[-75.218818,40.059154],[-75.217031,40.059025],[-75.21733,40.05789],[-75.216866,40.057179],[-75.216558,40.057441],[-75.21579,40.056645],[-75.214011,40.0571],[-75.212955,40.057817],[-75.212572,40.058569],[-75.212831,40.057801],[-75.214035,40.056498],[-75.21498,40.056116],[-75.216349,40.056136],[-75.217506,40.055311],[-75.217903,40.055401],[-75.217731,40.053851],[-75.217137,40.052668],[-75.21487,40.050971],[-75.214124,40.049661],[-75.213377,40.049215],[-75.212788,40.049274],[-75.212073,40.048756],[-75.211343,40.048531],[-75.210337,40.047773],[-75.210018,40.047119],[-75.208864,40.046258],[-75.20986,40.046108],[-75.209756,40.04564],[-75.20994,40.044636],[-75.208777,40.043246],[-75.208173,40.04199],[-75.207016,40.0416],[-75.205726,40.042211],[-75.205047,40.043123],[-75.205276,40.042677],[-75.205087,40.041617],[-75.205944,40.040667],[-75.205546,40.039057],[-75.203164,40.037635],[-75.203253,40.038088],[-75.202846,40.039503],[-75.19961,40.036824],[-75.198586,40.037217],[-75.198228,40.036557],[-75.197535,40.033892],[-75.197021,40.033306],[-75.193343,40.032063],[-75.191859,40.032082],[-75.190789,40.031106],[-75.189063,40.031905],[-75.185463,40.028875],[-75.186064,40.028343],[-75.185688,40.027762],[-75.186012,40.027573],[-75.187462,40.0285],[-75.193231,40.024996],[-75.192779,40.024275],[-75.195011,40.023198],[-75.197636,40.021461],[-75.199854,40.01937],[-75.201269,40.017189],[-75.202422,40.015804],[-75.204933,40.015023],[-75.205848,40.015281],[-75.207171,40.013077],[-75.207599,40.012719],[-75.208008,40.012997],[-75.207524,40.01331],[-75.206903,40.014958],[-75.20714,40.015646],[-75.206967,40.015955],[-75.207221,40.016673],[-75.205622,40.017107],[-75.204249,40.016908],[-75.203749,40.016658],[-75.202999,40.017528],[-75.203584,40.019568],[-75.204479,40.020942],[-75.203221,40.023662],[-75.202837,40.023833],[-75.202985,40.024602],[-75.20273,40.024632],[-75.202391,40.025024],[-75.201947,40.02495],[-75.201854,40.025293],[-75.202549,40.025447],[-75.202496,40.025609],[-75.20323,40.025839],[-75.204006,40.026441],[-75.205616,40.028661],[-75.203407,40.029561],[-75.205569,40.032514],[-75.207715,40.031573],[-75.208278,40.033762],[-75.209481,40.036329],[-75.210014,40.037085],[-75.211536,40.038405],[-75.21618,40.041564],[-75.217155,40.042564],[-75.217578,40.043322],[-75.217846,40.044343],[-75.2179,40.047416],[-75.218507,40.048335],[-75.21977,40.049098],[-75.227161,40.052534],[-75.230978,40.053587],[-75.232003,40.054395],[-75.227325,40.056645],[-75.229675,40.059776],[-75.228493,40.060331],[-75.227143,40.059055],[-75.224933,40.058349],[-75.223454,40.059173],[-75.225959,40.062153],[-75.2248,40.062554],[-75.225109,40.06608],[-75.223538,40.067435],[-75.223769,40.067923],[-75.226651,40.070458],[-75.228088,40.070649],[-75.227154,40.071827],[-75.227005,40.072605],[-75.225202,40.074072],[-75.225658,40.07485],[-75.227908,40.075341],[-75.228788,40.076309],[-75.230411,40.077042],[-75.225988,40.079068],[-75.226326,40.079759],[-75.22779,40.08149],[-75.229409,40.082195],[-75.231412,40.082658],[-75.232703,40.083258],[-75.232952,40.083618]]],"type":"Polygon"},"properties":{"2013_population_estimate":307,"aland":"5340607","awater":"241115","geoid":"14000US42101980100","name":"Census Tract 9801, Philadelphia, PA"},"type":"Feature"},{"geometry":{"coordinates":[[[-75.074485,40.086848],[-75.074265,40.087371],[-75.073616,40.087907],[-75.072184,40.088519],[-75.067684,40.09129],[-75.066135,40.092421],[-75.064652,40.090981],[-75.063917,40.090603],[-75.058343,40.090153],[-75.057068,40.089697],[-75.056721,40.089362],[-75.055807,40.088095],[-75.057065,40.086823],[-75.055208,40.081189],[-75.052737,40.079427],[-75.051761,40.080217],[-75.051031,40.080086],[-75.047286,40.082932],[-75.044809,40.079715],[-75.045593,40.078487],[-75.043711,40.078318],[-75.043507,40.078511],[-75.043154,40.078466],[-75.043891,40.077541],[-75.04312,40.077166],[-75.039748,40.072411],[-75.041267,40.071189],[-75.041704,40.070619],[-75.042114,40.070038],[-75.042048,40.069166],[-75.0406,40.068042],[-75.040085,40.067922],[-75.03528,40.064995],[-75.034225,40.062701],[-75.035532,40.05881],[-75.035062,40.057327],[-75.036467,40.053965],[-75.035867,40.052716],[-75.036116,40.051948],[-75.036019,40.051602],[-75.035503,40.05126],[-75.034783,40.051289],[-75.033693,40.052139],[-75.032546,40.052619],[-75.032222,40.052497],[-75.031695,40.051607],[-75.031136,40.051359],[-75.029507,40.05133],[-75.026132,40.050615],[-75.024991,40.050727],[-75.023759,40.051269],[-75.022732,40.052387],[-75.023333,40.052632],[-75.022931,40.053255],[-75.02425,40.053991],[-75.023374,40.055334],[-75.018196,40.052506],[-75.017076,40.051198],[-75.016812,40.049901],[-75.017075,40.04861],[-75.017772,40.047708],[-75.019409,40.046474],[-75.018964,40.045914],[-75.019039,40.044748],[-75.018502,40.044081],[-75.019524,40.04362],[-75.020279,40.043518],[-75.021752,40.043668],[-75.021331,40.04489],[-75.020606,40.045688],[-75.020489,40.04639],[-75.021343,40.048294],[-75.023007,40.049197],[-75.024322,40.048979],[-75.026037,40.048163],[-75.028894,40.048648],[-75.030489,40.048407],[-75.03163,40.047852],[-75.031852,40.046617],[-75.03154,40.045681],[-75.033824,40.04466],[-75.035997,40.044969],[-75.039255,40.045982],[-75.041323,40.047292],[-75.043694,40.047502],[-75.045269,40.046509],[-75.047545,40.046257],[-75.049377,40.046771],[-75.051881,40.047105],[-75.051723,40.047381],[-75.052455,40.046732],[-75.051797,40.04777],[-75.051496,40.050459],[-75.050943,40.050215],[-75.051057,40.049022],[-75.050461,40.049201],[-75.048748,40.048208],[-75.04796,40.048016],[-75.047028,40.048113],[-75.041934,40.050201],[-75.04153,40.050819],[-75.041515,40.051762],[-75.040052,40.053432],[-75.040002,40.054412],[-75.038719,40.056435],[-75.038539,40.060858],[-75.04162,40.064552],[-75.043197,40.06501],[-75.044675,40.06484],[-75.047963,40.066822],[-75.047354,40.067242],[-75.047114,40.068037],[-75.047959,40.069981],[-75.047381,40.070558],[-75.045884,40.069653],[-75.045101,40.069622],[-75.043955,40.072522],[-75.044151,40.073038],[-75.045793,40.075329],[-75.047072,40.076632],[-75.048258,40.077034],[-75.049347,40.077036],[-75.055665,40.073847],[-75.055857,40.073249],[-75.058503,40.074804],[-75.062599,40.071997],[-75.065724,40.070193],[-75.068767,40.071708],[-75.068984,40.072021],[-75.068958,40.072358],[-75.067823,40.074097],[-75.067202,40.075883],[-75.066202,40.077928],[-75.067597,40.0788],[-75.068463,40.080164],[-75.062288,40.084478],[-75.063196,40.084871],[-75.064003,40.084965],[-75.064608,40.084861],[-75.068235,40.085035],[-75.070339,40.086674],[-75.070919,40.086874],[-75.074485,40.086848]]],"type":"Polygon"},"properties":{"2013_population_estimate":405,"aland":"4916641","awater":"250846","geoid":"14000US42101980200","name":"Census Tract 9802, Philadelphia, PA"},"type":"Feature"},{"geometry":{"coordinates":[[[-75.028952,40.080968],[-75.014156,40.096236],[-75.012249,40.097733],[-75.001796,40.10493],[-75.00134,40.104472],[-74.99901,40.102576],[-74.998165,40.101606],[-74.995464,40.099166],[-74.98418,40.089906],[-74.984657,40.089529],[-74.985033,40.089101],[-74.985849,40.087681],[-74.986815,40.086306],[-74.98846,40.084917],[-74.989079,40.084538],[-74.99049,40.083898],[-74.997233,40.080023],[-74.997635,40.079699],[-75.00177,40.074741],[-75.002096,40.074049],[-75.002465,40.072752],[-75.00304,40.071906],[-75.003606,40.071362],[-75.004229,40.070924],[-75.007269,40.069161],[-75.013126,40.072071],[-75.028952,40.080968]]],"type":"Polygon"},"properties":{"2013_population_estimate":0,"aland":"7596033","awater":"22736","geoid":"14000US42101980300","name":"Census Tract 9803, Philadelphia, PA"},"type":"Feature"},{"geometry":{"coordinates":[[[-75.253515,39.876015],[-75.250825,39.876789],[-75.248448,39.877645],[-75.247108,39.878228],[-75.246499,39.878567],[-75.245608,39.87921],[-75.244666,39.880127],[-75.24391,39.881248],[-75.242544,39.884969],[-75.24182,39.886335],[-75.240901,39.887624],[-75.239947,39.888592],[-75.239244,39.889103],[-75.238068,39.889738],[-75.237311,39.889964],[-75.23675,39.890047],[-75.235941,39.890059],[-75.234591,39.889852],[-75.234067,39.889625],[-75.233426,39.889178],[-75.23278,39.888138],[-75.232228,39.887089],[-75.229911,39.882411],[-75.229542,39.881863],[-75.229033,39.881348],[-75.228658,39.881076],[-75.228438,39.881115],[-75.227493,39.88182],[-75.223317,39.883766],[-75.222687,39.882947],[-75.222328,39.882655],[-75.221774,39.882419],[-75.221219,39.882342],[-75.220693,39.882386],[-75.213969,39.883692],[-75.213191,39.883649],[-75.212595,39.883388],[-75.212248,39.883027],[-75.212068,39.882466],[-75.211869,39.881093],[-75.211922,39.880456],[-75.212396,39.879583],[-75.214285,39.877318],[-75.214157,39.877084],[-75.214108,39.876742],[-75.214291,39.876212],[-75.214725,39.875696],[-75.215787,39.875052],[-75.215722,39.876087],[-75.217013,39.875807],[-75.218034,39.875683],[-75.218921,39.875669],[-75.219735,39.875473],[-75.223763,39.875858],[-75.225951,39.876266],[-75.229985,39.876847],[-75.234122,39.877181],[-75.235024,39.876964],[-75.235537,39.876751],[-75.23637,39.876187],[-75.236932,39.875116],[-75.2375,39.87508],[-75.23759,39.874982],[-75.237459,39.874804],[-75.23811,39.874593],[-75.238688,39.873959],[-75.238992,39.873836],[-75.239404,39.873299],[-75.240098,39.87303],[-75.240101,39.872597],[-75.24047,39.872381],[-75.240937,39.872405],[-75.241555,39.87254],[-75.242218,39.872777],[-75.246734,39.875068],[-75.248431,39.876485],[-75.252257,39.875937],[-75.253515,39.876015]]],"type":"Polygon"},"properties":{"2013_population_estimate":0,"aland":"2954730","awater":"11766","geoid":"14000US42101980400","name":"Census Tract 9804, Philadelphia, PA"},"type":"Feature"},{"geometry":{"coordinates":[[[-75.147211,40.014995],[-75.1472,40.015331],[-75.147211,40.015883],[-75.147182,40.016609],[-75.147181,40.018222],[-75.147143,40.01901],[-75.14711,40.02128],[-75.146379,40.021204],[-75.142027,40.020635],[-75.141682,40.020747],[-75.141589,40.020811],[-75.14126,40.020456],[-75.140852,40.020485],[-75.140105,40.02039],[-75.141126,40.015818],[-75.141446,40.014227],[-75.141745,40.012939],[-75.143198,40.01351],[-75.146473,40.014862],[-75.146709,40.014919],[-75.147212,40.014965],[-75.147211,40.014995]]],"type":"Polygon"},"properties":{"2013_population_estimate":0,"aland":"416088","awater":"0","geoid":"14000US42101980500","name":"Census Tract 9805, Philadelphia, PA"},"type":"Feature"},{"geometry":{"coordinates":[[[-75.183142,39.907748],[-75.1828,39.909208],[-75.172846,39.907948],[-75.172659,39.908808],[-75.17081,39.908594],[-75.17053,39.910096],[-75.169996,39.910018],[-75.169806,39.911326],[-75.172155,39.911664],[-75.171928,39.912348],[-75.165482,39.911531],[-75.165513,39.911393],[-75.164961,39.911322],[-75.163673,39.910894],[-75.163433,39.910769],[-75.163309,39.910567],[-75.16339,39.90991],[-75.16566,39.899583],[-75.166321,39.899305],[-75.168176,39.899074],[-75.170885,39.898848],[-75.17187,39.898862],[-75.172968,39.89894],[-75.174808,39.899179],[-75.174353,39.901529],[-75.174006,39.902911],[-75.173557,39.905048],[-75.173536,39.90539],[-75.174141,39.905433],[-75.183387,39.906617],[-75.183142,39.907748]]],"type":"Polygon"},"properties":{"2013_population_estimate":0,"aland":"1286762","awater":"0","geoid":"14000US42101980600","name":"Census Tract 9806, Philadelphia, PA"},"type":"Feature"},{"geometry":{"coordinates":[[[-75.174918,39.898603],[-75.174808,39.899179],[-75.172968,39.89894],[-75.170885,39.898848],[-75.166321,39.899305],[-75.16566,39.899583],[-75.16339,39.90991],[-75.163309,39.910567],[-75.163433,39.910769],[-75.163673,39.910894],[-75.164961,39.911322],[-75.165513,39.911393],[-75.165482,39.911531],[-75.159738,39.910789],[-75.154517,39.909773],[-75.151875,39.909112],[-75.135997,39.906465],[-75.129673,39.905329],[-75.130409,39.902866],[-75.131368,39.900443],[-75.133203,39.896264],[-75.134996,39.892857],[-75.141533,39.895062],[-75.144277,39.895682],[-75.15468,39.897064],[-75.170389,39.897542],[-75.17139,39.897711],[-75.172972,39.898205],[-75.174959,39.898488],[-75.174918,39.898603]]],"type":"Polygon"},"properties":{"2013_population_estimate":0,"aland":"3552223","awater":"545657","geoid":"14000US42101980701","name":"Census Tract 9807.01, Philadelphia, PA"},"type":"Feature"},{"geometry":{"coordinates":[[[-75.149046,39.909325],[-75.148746,39.911422],[-75.14815,39.913684],[-75.148124,39.913772],[-75.147653,39.913711],[-75.146538,39.91884],[-75.148079,39.919035],[-75.148223,39.920148],[-75.148215,39.920462],[-75.148044,39.921537],[-75.147837,39.922569],[-75.147699,39.922958],[-75.147478,39.923965],[-75.147842,39.924015],[-75.146985,39.927665],[-75.142098,39.927016],[-75.141822,39.927406],[-75.141664,39.927482],[-75.140894,39.927227],[-75.140585,39.926437],[-75.140261,39.926353],[-75.134008,39.925824],[-75.131379,39.920053],[-75.13035,39.917404],[-75.12999,39.915885],[-75.129383,39.912324],[-75.129197,39.909122],[-75.129284,39.90739],[-75.129396,39.906629],[-75.129673,39.905329],[-75.135997,39.906465],[-75.149181,39.908642],[-75.149046,39.909325]]],"type":"Polygon"},"properties":{"2013_population_estimate":0,"aland":"2245124","awater":"959849","geoid":"14000US42101980702","name":"Census Tract 9807.02, Philadelphia, PA"},"type":"Feature"},{"geometry":{"coordinates":[[[-75.280266,39.974964],[-75.275871,39.977245],[-75.272892,39.973527],[-75.271639,39.972082],[-75.269314,39.97301],[-75.269039,39.972737],[-75.26857,39.972505],[-75.268573,39.972386],[-75.267579,39.971656],[-75.267686,39.971307],[-75.26562,39.969941],[-75.2619,39.972584],[-75.259945,39.974266],[-75.259933,39.974448],[-75.259808,39.974401],[-75.259813,39.974874],[-75.260107,39.975391],[-75.260654,39.9757],[-75.260736,39.976886],[-75.260868,39.977176],[-75.262871,39.977933],[-75.265918,39.979251],[-75.267155,39.979986],[-75.267973,39.980757],[-75.265566,39.981832],[-75.264158,39.980124],[-75.263225,39.979575],[-75.263334,39.979521],[-75.261282,39.978272],[-75.259471,39.97978],[-75.259773,39.980556],[-75.259764,39.980808],[-75.259062,39.982814],[-75.257113,39.983789],[-75.255802,39.982254],[-75.256391,39.981757],[-75.256605,39.981408],[-75.2549,39.97269],[-75.254752,39.971527],[-75.255123,39.970036],[-75.250481,39.96946],[-75.251119,39.966398],[-75.247169,39.965927],[-75.247446,39.96439],[-75.247208,39.96429],[-75.246425,39.964276],[-75.246753,39.962705],[-75.247688,39.962817],[-75.247418,39.963191],[-75.247405,39.963327],[-75.247685,39.963777],[-75.248056,39.964074],[-75.250133,39.965067],[-75.251048,39.964833],[-75.251342,39.965072],[-75.251368,39.965249],[-75.251603,39.965356],[-75.253222,39.965184],[-75.25414,39.965404],[-75.254738,39.96485],[-75.255812,39.964471],[-75.256746,39.963688],[-75.257418,39.963766],[-75.257858,39.963594],[-75.258014,39.963739],[-75.257976,39.964377],[-75.25851,39.964535],[-75.258706,39.964903],[-75.2587,39.965324],[-75.258797,39.965571],[-75.258974,39.965676],[-75.2594,39.965716],[-75.25945,39.965947],[-75.259551,39.96601],[-75.260491,39.966313],[-75.260932,39.966242],[-75.261284,39.965997],[-75.261736,39.966182],[-75.262013,39.966135],[-75.262457,39.965633],[-75.262836,39.965639],[-75.263144,39.965459],[-75.263696,39.965614],[-75.264553,39.965181],[-75.265388,39.965224],[-75.266048,39.965926],[-75.266395,39.966018],[-75.267024,39.966025],[-75.268461,39.966618],[-75.268773,39.96686],[-75.269157,39.967374],[-75.269741,39.967315],[-75.269919,39.96738],[-75.270447,39.968528],[-75.270598,39.96866],[-75.270986,39.968603],[-75.271802,39.968756],[-75.272024,39.968985],[-75.272957,39.969293],[-75.275027,39.969289],[-75.275266,39.969364],[-75.275652,39.970259],[-75.276411,39.970416],[-75.276674,39.970945],[-75.276471,39.971135],[-75.276524,39.971224],[-75.27676,39.971244],[-75.277198,39.971082],[-75.27754,39.971127],[-75.277713,39.971321],[-75.277523,39.971401],[-75.277553,39.971583],[-75.277967,39.971714],[-75.278609,39.972263],[-75.278777,39.972692],[-75.27883,39.973162],[-75.279123,39.973913],[-75.279955,39.974424],[-75.280266,39.974964]]],"type":"Polygon"},"properties":{"2013_population_estimate":0,"aland":"2103934","awater":"43822","geoid":"14000US42101980800","name":"Census Tract 9808, Philadelphia, PA"},"type":"Feature"},{"geometry":{"coordinates":[[[-75.261078,39.876604],[-75.2576,39.878074],[-75.255416,39.879559],[-75.253364,39.8816],[-75.245859,39.88985],[-75.241825,39.892006],[-75.243752,39.893025],[-75.238643,39.898691],[-75.240331,39.904113],[-75.238197,39.904708],[-75.236197,39.905802],[-75.234972,39.90687],[-75.232444,39.90967],[-75.230507,39.911203],[-75.229266,39.909028],[-75.227913,39.910745],[-75.216768,39.926956],[-75.212428,39.92523],[-75.212057,39.923562],[-75.21079,39.922095],[-75.208526,39.921033],[-75.203396,39.921007],[-75.2017,39.919834],[-75.20209,39.918555],[-75.204148,39.915073],[-75.206841,39.911186],[-75.213906,39.911072],[-75.216123,39.909637],[-75.214927,39.901616],[-75.211762,39.897747],[-75.208124,39.895675],[-75.198744,39.893114],[-75.195514,39.89184],[-75.195229,39.877208],[-75.206657,39.871082],[-75.211975,39.867464],[-75.216039,39.871115],[-75.215787,39.875052],[-75.214415,39.876037],[-75.214108,39.876742],[-75.214285,39.877318],[-75.212396,39.879583],[-75.211922,39.880456],[-75.212068,39.882466],[-75.212403,39.883224],[-75.213041,39.883611],[-75.213888,39.8837],[-75.221324,39.882346],[-75.222517,39.882789],[-75.223317,39.883766],[-75.227493,39.88182],[-75.228658,39.881076],[-75.229542,39.881863],[-75.229911,39.882411],[-75.233426,39.889178],[-75.234591,39.889852],[-75.236385,39.890069],[-75.237311,39.889964],[-75.238383,39.889597],[-75.239588,39.888864],[-75.24072,39.887833],[-75.242309,39.885466],[-75.244129,39.88087],[-75.245272,39.879501],[-75.247108,39.878228],[-75.250825,39.876789],[-75.253515,39.876015],[-75.261245,39.876484],[-75.261078,39.876604]]],"type":"Polygon"},"properties":{"2013_population_estimate":0,"aland":"11195484","awater":"2364306","geoid":"14000US42101980901","name":"Census Tract 9809.01, Philadelphia, PA"},"type":"Feature"},{"geometry":{"coordinates":[[[-75.206837,39.934086],[-75.20655,39.934443],[-75.206322,39.934759],[-75.206204,39.934974],[-75.206072,39.935371],[-75.205578,39.937111],[-75.205468,39.938355],[-75.203302,39.937912],[-75.201266,39.937469],[-75.20114,39.937468],[-75.200351,39.938136],[-75.200194,39.938545],[-75.199344,39.938366],[-75.199811,39.93786],[-75.200444,39.937359],[-75.200817,39.937013],[-75.201244,39.936487],[-75.203047,39.93496],[-75.204223,39.932852],[-75.204646,39.932998],[-75.204951,39.933007],[-75.206598,39.933332],[-75.207433,39.933513],[-75.206837,39.934086]]],"type":"Polygon"},"properties":{"2013_population_estimate":0,"aland":"132548","awater":"50536","geoid":"14000US42101980902","name":"Census Tract 9809.02, Philadelphia, PA"},"type":"Feature"},{"geometry":{"coordinates":[[[-75.204223,39.932852],[-75.203047,39.93496],[-75.201244,39.936487],[-75.200817,39.937013],[-75.200444,39.937359],[-75.199811,39.93786],[-75.199344,39.938366],[-75.199201,39.938318],[-75.198733,39.938216],[-75.198189,39.938123],[-75.197924,39.938063],[-75.198324,39.937646],[-75.198467,39.937409],[-75.198817,39.937009],[-75.198942,39.936814],[-75.199005,39.936689],[-75.19905,39.936562],[-75.199261,39.935714],[-75.199503,39.934508],[-75.199729,39.933269],[-75.199835,39.932874],[-75.199855,39.93266],[-75.199844,39.932447],[-75.199756,39.932121],[-75.199649,39.931912],[-75.200379,39.932086],[-75.202392,39.932505],[-75.203897,39.932845],[-75.204223,39.932852]]],"type":"Polygon"},"properties":{"2013_population_estimate":0,"aland":"171154","awater":"0","geoid":"14000US42101980903","name":"Census Tract 9809.03, Philadelphia, PA"},"type":"Feature"},{"geometry":{"coordinates":[[[-75.212428,39.92523],[-75.211253,39.928519],[-75.208706,39.931531],[-75.207479,39.933522],[-75.204951,39.933007],[-75.204646,39.932998],[-75.204223,39.932852],[-75.203897,39.932845],[-75.199649,39.931912],[-75.199586,39.931807],[-75.198174,39.930292],[-75.196923,39.929165],[-75.195793,39.92806],[-75.193014,39.925086],[-75.193097,39.924969],[-75.19328,39.924856],[-75.193427,39.92484],[-75.193156,39.924592],[-75.193197,39.924138],[-75.193615,39.922341],[-75.194433,39.922428],[-75.194667,39.922417],[-75.194752,39.922362],[-75.195045,39.921011],[-75.2017,39.919834],[-75.203396,39.921007],[-75.208526,39.921033],[-75.21079,39.922095],[-75.212057,39.923562],[-75.212428,39.92523]]],"type":"Polygon"},"properties":{"2013_population_estimate":0,"aland":"1570844","awater":"158459","geoid":"14000US42101980904","name":"Census Tract 9809.04, Philadelphia, PA"},"type":"Feature"},{"geometry":{"coordinates":[[[-75.211296,39.897959],[-75.198124,39.903877],[-75.196042,39.904683],[-75.193987,39.905633],[-75.193849,39.905075],[-75.193522,39.904074],[-75.193465,39.903433],[-75.193652,39.902387],[-75.194539,39.902499],[-75.196687,39.900857],[-75.196923,39.900884],[-75.195938,39.899927],[-75.195421,39.89903],[-75.196239,39.893365],[-75.196166,39.893114],[-75.195338,39.89243],[-75.195514,39.89184],[-75.19726,39.892618],[-75.198744,39.893114],[-75.205804,39.894934],[-75.208124,39.895675],[-75.211762,39.897747],[-75.211296,39.897959]]],"type":"Polygon"},"properties":{"2013_population_estimate":0,"aland":"884500","awater":"195611","geoid":"14000US42101980905","name":"Census Tract 9809.05, Philadelphia, PA"},"type":"Feature"},{"geometry":{"coordinates":[[[-75.216123,39.909637],[-75.213906,39.911072],[-75.212149,39.911151],[-75.206841,39.911186],[-75.205718,39.912717],[-75.204148,39.915073],[-75.20209,39.918555],[-75.2017,39.919834],[-75.195045,39.921011],[-75.192494,39.921266],[-75.189653,39.921807],[-75.189507,39.921501],[-75.189413,39.921073],[-75.189447,39.920575],[-75.190298,39.91644],[-75.19022,39.915884],[-75.192285,39.906428],[-75.196042,39.904683],[-75.198124,39.903877],[-75.211762,39.897747],[-75.214927,39.901616],[-75.216123,39.909637]]],"type":"Polygon"},"properties":{"2013_population_estimate":0,"aland":"2945390","awater":"383112","geoid":"14000US42101980906","name":"Census Tract 9809.06, Philadelphia, PA"},"type":"Feature"},{"geometry":{"coordinates":[[[-75.022508,40.030832],[-75.017973,40.033361],[-75.018617,40.033655],[-75.020425,40.033791],[-75.021419,40.033751],[-75.021725,40.033923],[-75.021891,40.034111],[-75.021949,40.034346],[-75.021906,40.03451],[-75.021354,40.035436],[-75.021296,40.035816],[-75.021339,40.036066],[-75.021806,40.037024],[-75.016212,40.039914],[-75.015351,40.038938],[-75.01432,40.039451],[-75.012541,40.038027],[-75.01134,40.038476],[-75.009871,40.039151],[-75.007893,40.040191],[-74.99627,40.047202],[-74.990976,40.042526],[-74.990605,40.042372],[-74.990302,40.042377],[-74.987676,40.039983],[-74.998759,40.030281],[-74.999759,40.029605],[-75.00623,40.025671],[-75.009692,40.023463],[-75.012595,40.021273],[-75.013944,40.020441],[-75.015583,40.023134],[-75.021941,40.030451],[-75.022508,40.030832]]],"type":"Polygon"},"properties":{"2013_population_estimate":1265,"aland":"2785522","awater":"1362058","geoid":"14000US42101989100","name":"Census Tract 9891, Philadelphia, PA"},"type":"Feature"},{"geometry":{"coordinates":[[[-75.196687,39.900857],[-75.194539,39.902499],[-75.193652,39.902387],[-75.19387,39.900953],[-75.193772,39.899853],[-75.193346,39.898792],[-75.192433,39.897601],[-75.19194,39.896089],[-75.189993,39.89681],[-75.188542,39.89657],[-75.187183,39.896682],[-75.177576,39.898556],[-75.176562,39.898666],[-75.172972,39.898205],[-75.17139,39.897711],[-75.170389,39.897542],[-75.15468,39.897064],[-75.144277,39.895682],[-75.141533,39.895062],[-75.134996,39.892857],[-75.135853,39.891266],[-75.136286,39.890751],[-75.13773,39.889177],[-75.141117,39.88593],[-75.142343,39.88521],[-75.144606,39.884339],[-75.146164,39.884104],[-75.159972,39.883192],[-75.162885,39.882789],[-75.169655,39.881581],[-75.175045,39.881018],[-75.179287,39.880763],[-75.184568,39.880913],[-75.186266,39.880776],[-75.187661,39.880458],[-75.18898,39.879994],[-75.195229,39.877208],[-75.195514,39.89184],[-75.195338,39.89243],[-75.196166,39.893114],[-75.196239,39.893365],[-75.195421,39.89903],[-75.195938,39.899927],[-75.196923,39.900884],[-75.196687,39.900857]]],"type":"Polygon"},"properties":{"2013_population_estimate":0,"aland":"4591616","awater":"3633982","geoid":"14000US42101989200","name":"Census Tract 9892, Philadelphia, PA"},"type":"Feature"},{"geometry":{"coordinates":[[[-75.131937,40.005156],[-75.129953,40.01422],[-75.129695,40.015024],[-75.129505,40.015803],[-75.129501,40.015888],[-75.129583,40.015961],[-75.128883,40.018945],[-75.125023,40.018435],[-75.125092,40.018105],[-75.124468,40.017811],[-75.12413,40.017902],[-75.124003,40.018098],[-75.123921,40.018414],[-75.123945,40.01903],[-75.123864,40.01922],[-75.12375,40.019322],[-75.123584,40.019386],[-75.123347,40.019384],[-75.123305,40.01944],[-75.122852,40.019232],[-75.122752,40.019722],[-75.11751,40.019054],[-75.117777,40.015925],[-75.117475,40.015783],[-75.117571,40.015582],[-75.119439,40.013026],[-75.112161,40.012085],[-75.114161,40.002811],[-75.11609,40.003067],[-75.11629,40.002141],[-75.118103,40.002393],[-75.11902,40.001961],[-75.124298,40.002651],[-75.12441,40.002634],[-75.123949,40.004814],[-75.128232,40.005075],[-75.130626,40.005159],[-75.131937,40.005156]]],"type":"Polygon"},"properties":{"2013_population_estimate":127,"aland":"2258398","awater":"0","geoid":"14000US42101989300","name":"Census Tract 9893, Philadelphia, PA"},"type":"Feature"}],"type":"FeatureCollection"}
